USE master
GO
CREATE DATABASE valorant_db
GO
USE valorant_db
DROP TABLE IF EXISTS Agents;
CREATE TABLE Agents (
   Agent_ID VARCHAR(15) NOT NULL PRIMARY KEY,
   agent_role VARCHAR(20)
);

INSERT INTO Agents(Agent_ID, agent_role) VALUES ('Sage', 'Support');
INSERT INTO Agents(Agent_ID, agent_role) VALUES ('Reynac', 'Duelist');
INSERT INTO Agents(Agent_ID, agent_role) VALUES ('Jett', 'Duelist');
INSERT INTO Agents(Agent_ID, agent_role) VALUES ('Raze', 'Duelist');
INSERT INTO Agents(Agent_ID, agent_role) VALUES ('Killjoy', 'Sentinel');
INSERT INTO Agents(Agent_ID, agent_role) VALUES ('Sova', 'Initiator');
INSERT INTO Agents(Agent_ID, agent_role) VALUES ('Viper', 'Controller');
INSERT INTO Agents(Agent_ID, agent_role) VALUES ('Omen', 'Controller');
INSERT INTO Agents(Agent_ID, agent_role) VALUES ('Phoenix', 'Duelist');
INSERT INTO Agents(Agent_ID, agent_role) VALUES ('Brimstone', 'Controller');
INSERT INTO Agents(Agent_ID, agent_role) VALUES ('Skye', 'Initiator');
INSERT INTO Agents(Agent_ID, agent_role) VALUES ('Cypher', 'Sentinel');
INSERT INTO Agents(Agent_ID, agent_role) VALUES ('Yoru', 'Duelist');
INSERT INTO Agents(Agent_ID, agent_role) VALUES ('Breach', 'Initiator');
INSERT INTO Agents(Agent_ID, agent_role) VALUES ('Astra', 'Controller');

-- Creating Team table

DROP TABLE IF EXISTS Team;
CREATE TABLE Team(
   Team_ID   VARCHAR(10) NOT NULL PRIMARY KEY
  ,team_Name VARCHAR(19) NOT NULL
);
INSERT INTO Team(Team_ID,team_Name) VALUES ('Team_ID_1','Velocity Enigma');
INSERT INTO Team(Team_ID,team_Name) VALUES ('Team_ID_2','Velocity Vortex');
INSERT INTO Team(Team_ID,team_Name) VALUES ('Team_ID_3','Echo Enigma');
INSERT INTO Team(Team_ID,team_Name) VALUES ('Team_ID_4','Nebula Knights');
INSERT INTO Team(Team_ID,team_Name) VALUES ('Team_ID_5','Phoenix Legion');
INSERT INTO Team(Team_ID,team_Name) VALUES ('Team_ID_6','Mystic Mirage');
INSERT INTO Team(Team_ID,team_Name) VALUES ('Team_ID_7','Thunder Surge');
INSERT INTO Team(Team_ID,team_Name) VALUES ('Team_ID_8','Celestial Guardians');
INSERT INTO Team(Team_ID,team_Name) VALUES ('Team_ID_9','Serpent Strike');
INSERT INTO Team(Team_ID,team_Name) VALUES ('Team_ID_10','Vortex Vanguard');
INSERT INTO Team(Team_ID,team_Name) VALUES ('Team_ID_11','Radiant Rebellion');
INSERT INTO Team(Team_ID,team_Name) VALUES ('Team_ID_12','Inferno Titans');
INSERT INTO Team(Team_ID,team_Name) VALUES ('Team_ID_13','Astral Aces');
INSERT INTO Team(Team_ID,team_Name) VALUES ('Team_ID_14','Shadow Syndicate');
INSERT INTO Team(Team_ID,team_Name) VALUES ('Team_ID_15','Galactic Gladiators');
INSERT INTO Team(Team_ID,team_Name) VALUES ('Team_ID_16','Titan Tempest');
INSERT INTO Team(Team_ID,team_Name) VALUES ('Team_ID_17','Lunar Labyrinth');
INSERT INTO Team(Team_ID,team_Name) VALUES ('Team_ID_18','Solar Stormtroopers');
INSERT INTO Team(Team_ID,team_Name) VALUES ('Team_ID_19','Quantum Quasar');
INSERT INTO Team(Team_ID,team_Name) VALUES ('Team_ID_20','Velocity Vendetta');
INSERT INTO Team(Team_ID,team_Name) VALUES ('Team_ID_21','Cyber Serenity');
INSERT INTO Team(Team_ID,team_Name) VALUES ('Team_ID_22','Nova Nexus');
INSERT INTO Team(Team_ID,team_Name) VALUES ('Team_ID_23','Electric Eclipse');
INSERT INTO Team(Team_ID,team_Name) VALUES ('Team_ID_24','Blaze Brigade');
INSERT INTO Team(Team_ID,team_Name) VALUES ('Team_ID_25','Frostbite Fury');
INSERT INTO Team(Team_ID,team_Name) VALUES ('Team_ID_26','Chaos Catalyst');
INSERT INTO Team(Team_ID,team_Name) VALUES ('Team_ID_27','Omega Onslaught');
INSERT INTO Team(Team_ID,team_Name) VALUES ('Team_ID_28','Eternal Eclipse');
INSERT INTO Team(Team_ID,team_Name) VALUES ('Team_ID_29','Astral Arsenal');
INSERT INTO Team(Team_ID,team_Name) VALUES ('Team_ID_30','Cybernetic Conquest');
INSERT INTO Team(Team_ID,team_Name) VALUES ('Team_ID_31','Radiant Raptors');
INSERT INTO Team(Team_ID,team_Name) VALUES ('Team_ID_32','Storm Surge');
INSERT INTO Team(Team_ID,team_Name) VALUES ('Team_ID_33','Quantum Quiver');
INSERT INTO Team(Team_ID,team_Name) VALUES ('Team_ID_34','Nebula Nomads');
INSERT INTO Team(Team_ID,team_Name) VALUES ('Team_ID_35','Zenith Zealots');
INSERT INTO Team(Team_ID,team_Name) VALUES ('Team_ID_36','Orion Outlaws');
INSERT INTO Team(Team_ID,team_Name) VALUES ('Team_ID_37','Elysium Eclipses');
INSERT INTO Team(Team_ID,team_Name) VALUES ('Team_ID_38','Cosmic Catalyst');
INSERT INTO Team(Team_ID,team_Name) VALUES ('Team_ID_39','Phantom Phoenix');
INSERT INTO Team(Team_ID,team_Name) VALUES ('Team_ID_40','Inferno Inception');
INSERT INTO Team(Team_ID,team_Name) VALUES ('Team_ID_41','Titan Triumph');
INSERT INTO Team(Team_ID,team_Name) VALUES ('Team_ID_42','Nebula Nomads');
INSERT INTO Team(Team_ID,team_Name) VALUES ('Team_ID_43','Rogue Ronin');
INSERT INTO Team(Team_ID,team_Name) VALUES ('Team_ID_44','Supernova Saviors');
INSERT INTO Team(Team_ID,team_Name) VALUES ('Team_ID_45','Quantum Reapers');


-- Creating Player table

DROP TABLE IF EXISTS player;
CREATE TABLE player(
   Player_ID VARCHAR(13) NOT NULL PRIMARY KEY
  ,Team_ID   VARCHAR(10) NOT NULL
  ,Agent_ID  VARCHAR(15) NOT NULL
);
INSERT INTO player(Player_ID,Team_ID,Agent_ID) VALUES ('Player_ID_1','Team_ID_1','Raze');
INSERT INTO player(Player_ID,Team_ID,Agent_ID) VALUES ('Player_ID_2','Team_ID_1','Yoru');
INSERT INTO player(Player_ID,Team_ID,Agent_ID) VALUES ('Player_ID_3','Team_ID_1','Astra');
INSERT INTO player(Player_ID,Team_ID,Agent_ID) VALUES ('Player_ID_4','Team_ID_1','Breach');
INSERT INTO player(Player_ID,Team_ID,Agent_ID) VALUES ('Player_ID_5','Team_ID_1','Brimstone');
INSERT INTO player(Player_ID,Team_ID,Agent_ID) VALUES ('Player_ID_6','Team_ID_2','Sage');
INSERT INTO player(Player_ID,Team_ID,Agent_ID) VALUES ('Player_ID_7','Team_ID_2','Reyna');
INSERT INTO player(Player_ID,Team_ID,Agent_ID) VALUES ('Player_ID_8','Team_ID_2','Jett');
INSERT INTO player(Player_ID,Team_ID,Agent_ID) VALUES ('Player_ID_9','Team_ID_2','Skye');
INSERT INTO player(Player_ID,Team_ID,Agent_ID) VALUES ('Player_ID_10','Team_ID_2','Cypher');
INSERT INTO player(Player_ID,Team_ID,Agent_ID) VALUES ('Player_ID_11','Team_ID_3','Viper');
INSERT INTO player(Player_ID,Team_ID,Agent_ID) VALUES ('Player_ID_12','Team_ID_3','Omen');
INSERT INTO player(Player_ID,Team_ID,Agent_ID) VALUES ('Player_ID_13','Team_ID_3','Sova');
INSERT INTO player(Player_ID,Team_ID,Agent_ID) VALUES ('Player_ID_14','Team_ID_3','Phoenix');
INSERT INTO player(Player_ID,Team_ID,Agent_ID) VALUES ('Player_ID_15','Team_ID_3','Killjoy');
INSERT INTO player(Player_ID,Team_ID,Agent_ID) VALUES ('Player_ID_16','Team_ID_4','Astra');
INSERT INTO player(Player_ID,Team_ID,Agent_ID) VALUES ('Player_ID_17','Team_ID_4','Brimstone');
INSERT INTO player(Player_ID,Team_ID,Agent_ID) VALUES ('Player_ID_18','Team_ID_4','Breach');
INSERT INTO player(Player_ID,Team_ID,Agent_ID) VALUES ('Player_ID_19','Team_ID_4','Skye');
INSERT INTO player(Player_ID,Team_ID,Agent_ID) VALUES ('Player_ID_20','Team_ID_4','Omen');
INSERT INTO player(Player_ID,Team_ID,Agent_ID) VALUES ('Player_ID_21','Team_ID_5','Reyna');
INSERT INTO player(Player_ID,Team_ID,Agent_ID) VALUES ('Player_ID_22','Team_ID_5','Jett');
INSERT INTO player(Player_ID,Team_ID,Agent_ID) VALUES ('Player_ID_23','Team_ID_5','Sage');
INSERT INTO player(Player_ID,Team_ID,Agent_ID) VALUES ('Player_ID_24','Team_ID_5','Viper');
INSERT INTO player(Player_ID,Team_ID,Agent_ID) VALUES ('Player_ID_25','Team_ID_5','Sova');
INSERT INTO player(Player_ID,Team_ID,Agent_ID) VALUES ('Player_ID_26','Team_ID_6','Raze');
INSERT INTO player(Player_ID,Team_ID,Agent_ID) VALUES ('Player_ID_27','Team_ID_6','Yoru');
INSERT INTO player(Player_ID,Team_ID,Agent_ID) VALUES ('Player_ID_28','Team_ID_6','Cypher');
INSERT INTO player(Player_ID,Team_ID,Agent_ID) VALUES ('Player_ID_29','Team_ID_6','Phoenix');
INSERT INTO player(Player_ID,Team_ID,Agent_ID) VALUES ('Player_ID_30','Team_ID_6','Skye');
INSERT INTO player(Player_ID,Team_ID,Agent_ID) VALUES ('Player_ID_31','Team_ID_7','Omen');
INSERT INTO player(Player_ID,Team_ID,Agent_ID) VALUES ('Player_ID_32','Team_ID_7','Killjoy');
INSERT INTO player(Player_ID,Team_ID,Agent_ID) VALUES ('Player_ID_33','Team_ID_7','Astra');
INSERT INTO player(Player_ID,Team_ID,Agent_ID) VALUES ('Player_ID_34','Team_ID_7','Sova');
INSERT INTO player(Player_ID,Team_ID,Agent_ID) VALUES ('Player_ID_35','Team_ID_7','Breach');
INSERT INTO player(Player_ID,Team_ID,Agent_ID) VALUES ('Player_ID_36','Team_ID_8','Jett');
INSERT INTO player(Player_ID,Team_ID,Agent_ID) VALUES ('Player_ID_37','Team_ID_8','Viper');
INSERT INTO player(Player_ID,Team_ID,Agent_ID) VALUES ('Player_ID_38','Team_ID_8','Reyna');
INSERT INTO player(Player_ID,Team_ID,Agent_ID) VALUES ('Player_ID_39','Team_ID_8','Brimstone');
INSERT INTO player(Player_ID,Team_ID,Agent_ID) VALUES ('Player_ID_40','Team_ID_8','Sage');
INSERT INTO player(Player_ID,Team_ID,Agent_ID) VALUES ('Player_ID_41','Team_ID_9','Killjoy');
INSERT INTO player(Player_ID,Team_ID,Agent_ID) VALUES ('Player_ID_42','Team_ID_9','Yoru');
INSERT INTO player(Player_ID,Team_ID,Agent_ID) VALUES ('Player_ID_43','Team_ID_9','Raze');
INSERT INTO player(Player_ID,Team_ID,Agent_ID) VALUES ('Player_ID_44','Team_ID_9','Cypher');
INSERT INTO player(Player_ID,Team_ID,Agent_ID) VALUES ('Player_ID_45','Team_ID_9','Phoenix');
INSERT INTO player(Player_ID,Team_ID,Agent_ID) VALUES ('Player_ID_46','Team_ID_10','Breach');
INSERT INTO player(Player_ID,Team_ID,Agent_ID) VALUES ('Player_ID_47','Team_ID_10','Astra');
INSERT INTO player(Player_ID,Team_ID,Agent_ID) VALUES ('Player_ID_48','Team_ID_10','Skye');
INSERT INTO player(Player_ID,Team_ID,Agent_ID) VALUES ('Player_ID_49','Team_ID_10','Omen');
INSERT INTO player(Player_ID,Team_ID,Agent_ID) VALUES ('Player_ID_50','Team_ID_10','Sage');
INSERT INTO player(Player_ID,Team_ID,Agent_ID) VALUES ('Player_ID_51','Team_ID_11','Reyna');
INSERT INTO player(Player_ID,Team_ID,Agent_ID) VALUES ('Player_ID_52','Team_ID_11','Killjoy');
INSERT INTO player(Player_ID,Team_ID,Agent_ID) VALUES ('Player_ID_53','Team_ID_11','Viper');
INSERT INTO player(Player_ID,Team_ID,Agent_ID) VALUES ('Player_ID_54','Team_ID_11','Jett');
INSERT INTO player(Player_ID,Team_ID,Agent_ID) VALUES ('Player_ID_55','Team_ID_11','Sova');
INSERT INTO player(Player_ID,Team_ID,Agent_ID) VALUES ('Player_ID_56','Team_ID_12','Cypher');
INSERT INTO player(Player_ID,Team_ID,Agent_ID) VALUES ('Player_ID_57','Team_ID_12','Brimstone');
INSERT INTO player(Player_ID,Team_ID,Agent_ID) VALUES ('Player_ID_58','Team_ID_12','Yoru');
INSERT INTO player(Player_ID,Team_ID,Agent_ID) VALUES ('Player_ID_59','Team_ID_12','Raze');
INSERT INTO player(Player_ID,Team_ID,Agent_ID) VALUES ('Player_ID_60','Team_ID_12','Phoenix');
INSERT INTO player(Player_ID,Team_ID,Agent_ID) VALUES ('Player_ID_61','Team_ID_13','Skye');
INSERT INTO player(Player_ID,Team_ID,Agent_ID) VALUES ('Player_ID_62','Team_ID_13','Omen');
INSERT INTO player(Player_ID,Team_ID,Agent_ID) VALUES ('Player_ID_63','Team_ID_13','Astra');
INSERT INTO player(Player_ID,Team_ID,Agent_ID) VALUES ('Player_ID_64','Team_ID_13','Sage');
INSERT INTO player(Player_ID,Team_ID,Agent_ID) VALUES ('Player_ID_65','Team_ID_13','Breach');
INSERT INTO player(Player_ID,Team_ID,Agent_ID) VALUES ('Player_ID_66','Team_ID_14','Jett');
INSERT INTO player(Player_ID,Team_ID,Agent_ID) VALUES ('Player_ID_67','Team_ID_14','Killjoy');
INSERT INTO player(Player_ID,Team_ID,Agent_ID) VALUES ('Player_ID_68','Team_ID_14','Sova');
INSERT INTO player(Player_ID,Team_ID,Agent_ID) VALUES ('Player_ID_69','Team_ID_14','Viper');
INSERT INTO player(Player_ID,Team_ID,Agent_ID) VALUES ('Player_ID_70','Team_ID_14','Reyna');
INSERT INTO player(Player_ID,Team_ID,Agent_ID) VALUES ('Player_ID_71','Team_ID_15','Yoru');
INSERT INTO player(Player_ID,Team_ID,Agent_ID) VALUES ('Player_ID_72','Team_ID_15','Brimstone');
INSERT INTO player(Player_ID,Team_ID,Agent_ID) VALUES ('Player_ID_73','Team_ID_15','Phoenix');
INSERT INTO player(Player_ID,Team_ID,Agent_ID) VALUES ('Player_ID_74','Team_ID_15','Cypher');
INSERT INTO player(Player_ID,Team_ID,Agent_ID) VALUES ('Player_ID_75','Team_ID_15','Astra');
INSERT INTO player(Player_ID,Team_ID,Agent_ID) VALUES ('Player_ID_76','Team_ID_16','Sage');
INSERT INTO player(Player_ID,Team_ID,Agent_ID) VALUES ('Player_ID_77','Team_ID_16','Skye');
INSERT INTO player(Player_ID,Team_ID,Agent_ID) VALUES ('Player_ID_78','Team_ID_16','Omen');
INSERT INTO player(Player_ID,Team_ID,Agent_ID) VALUES ('Player_ID_79','Team_ID_16','Reyna');
INSERT INTO player(Player_ID,Team_ID,Agent_ID) VALUES ('Player_ID_80','Team_ID_16','Breach');
INSERT INTO player(Player_ID,Team_ID,Agent_ID) VALUES ('Player_ID_81','Team_ID_17','Viper');
INSERT INTO player(Player_ID,Team_ID,Agent_ID) VALUES ('Player_ID_82','Team_ID_17','Jett');
INSERT INTO player(Player_ID,Team_ID,Agent_ID) VALUES ('Player_ID_83','Team_ID_17','Sova');
INSERT INTO player(Player_ID,Team_ID,Agent_ID) VALUES ('Player_ID_84','Team_ID_17','Killjoy');
INSERT INTO player(Player_ID,Team_ID,Agent_ID) VALUES ('Player_ID_85','Team_ID_17','Raze');
INSERT INTO player(Player_ID,Team_ID,Agent_ID) VALUES ('Player_ID_86','Team_ID_18','Astra');
INSERT INTO player(Player_ID,Team_ID,Agent_ID) VALUES ('Player_ID_87','Team_ID_18','Cypher');
INSERT INTO player(Player_ID,Team_ID,Agent_ID) VALUES ('Player_ID_88','Team_ID_18','Phoenix');
INSERT INTO player(Player_ID,Team_ID,Agent_ID) VALUES ('Player_ID_89','Team_ID_18','Brimstone');
INSERT INTO player(Player_ID,Team_ID,Agent_ID) VALUES ('Player_ID_90','Team_ID_18','Skye');
INSERT INTO player(Player_ID,Team_ID,Agent_ID) VALUES ('Player_ID_91','Team_ID_19','Yoru');
INSERT INTO player(Player_ID,Team_ID,Agent_ID) VALUES ('Player_ID_92','Team_ID_19','Sage');
INSERT INTO player(Player_ID,Team_ID,Agent_ID) VALUES ('Player_ID_93','Team_ID_19','Omen');
INSERT INTO player(Player_ID,Team_ID,Agent_ID) VALUES ('Player_ID_94','Team_ID_19','Killjoy');
INSERT INTO player(Player_ID,Team_ID,Agent_ID) VALUES ('Player_ID_95','Team_ID_19','Jett');
INSERT INTO player(Player_ID,Team_ID,Agent_ID) VALUES ('Player_ID_96','Team_ID_20','Sova');
INSERT INTO player(Player_ID,Team_ID,Agent_ID) VALUES ('Player_ID_97','Team_ID_20','Reyna');
INSERT INTO player(Player_ID,Team_ID,Agent_ID) VALUES ('Player_ID_98','Team_ID_20','Viper');
INSERT INTO player(Player_ID,Team_ID,Agent_ID) VALUES ('Player_ID_99','Team_ID_20','Breach');
INSERT INTO player(Player_ID,Team_ID,Agent_ID) VALUES ('Player_ID_100','Team_ID_20','Raze');
INSERT INTO player(Player_ID,Team_ID,Agent_ID) VALUES ('Player_ID_101','Team_ID_21','Phoenix');
INSERT INTO player(Player_ID,Team_ID,Agent_ID) VALUES ('Player_ID_102','Team_ID_21','Astra');
INSERT INTO player(Player_ID,Team_ID,Agent_ID) VALUES ('Player_ID_103','Team_ID_21','Skye');
INSERT INTO player(Player_ID,Team_ID,Agent_ID) VALUES ('Player_ID_104','Team_ID_21','Cypher');
INSERT INTO player(Player_ID,Team_ID,Agent_ID) VALUES ('Player_ID_105','Team_ID_21','Breach');
INSERT INTO player(Player_ID,Team_ID,Agent_ID) VALUES ('Player_ID_106','Team_ID_22','Sage');
INSERT INTO player(Player_ID,Team_ID,Agent_ID) VALUES ('Player_ID_107','Team_ID_22','Omen');
INSERT INTO player(Player_ID,Team_ID,Agent_ID) VALUES ('Player_ID_108','Team_ID_22','Killjoy');
INSERT INTO player(Player_ID,Team_ID,Agent_ID) VALUES ('Player_ID_109','Team_ID_22','Jett');
INSERT INTO player(Player_ID,Team_ID,Agent_ID) VALUES ('Player_ID_110','Team_ID_22','Viper');
INSERT INTO player(Player_ID,Team_ID,Agent_ID) VALUES ('Player_ID_111','Team_ID_23','Yoru');
INSERT INTO player(Player_ID,Team_ID,Agent_ID) VALUES ('Player_ID_112','Team_ID_23','Sova');
INSERT INTO player(Player_ID,Team_ID,Agent_ID) VALUES ('Player_ID_113','Team_ID_23','Raze');
INSERT INTO player(Player_ID,Team_ID,Agent_ID) VALUES ('Player_ID_114','Team_ID_23','Reyna');
INSERT INTO player(Player_ID,Team_ID,Agent_ID) VALUES ('Player_ID_115','Team_ID_23','Brimstone');
INSERT INTO player(Player_ID,Team_ID,Agent_ID) VALUES ('Player_ID_116','Team_ID_24','Phoenix');
INSERT INTO player(Player_ID,Team_ID,Agent_ID) VALUES ('Player_ID_117','Team_ID_24','Astra');
INSERT INTO player(Player_ID,Team_ID,Agent_ID) VALUES ('Player_ID_118','Team_ID_24','Killjoy');
INSERT INTO player(Player_ID,Team_ID,Agent_ID) VALUES ('Player_ID_119','Team_ID_24','Sage');
INSERT INTO player(Player_ID,Team_ID,Agent_ID) VALUES ('Player_ID_120','Team_ID_24','Sova');
INSERT INTO player(Player_ID,Team_ID,Agent_ID) VALUES ('Player_ID_121','Team_ID_25','Jett');
INSERT INTO player(Player_ID,Team_ID,Agent_ID) VALUES ('Player_ID_122','Team_ID_25','Omen');
INSERT INTO player(Player_ID,Team_ID,Agent_ID) VALUES ('Player_ID_123','Team_ID_25','Viper');
INSERT INTO player(Player_ID,Team_ID,Agent_ID) VALUES ('Player_ID_124','Team_ID_25','Raze');
INSERT INTO player(Player_ID,Team_ID,Agent_ID) VALUES ('Player_ID_125','Team_ID_25','Skye');
INSERT INTO player(Player_ID,Team_ID,Agent_ID) VALUES ('Player_ID_126','Team_ID_26','Breach');
INSERT INTO player(Player_ID,Team_ID,Agent_ID) VALUES ('Player_ID_127','Team_ID_26','Cypher');
INSERT INTO player(Player_ID,Team_ID,Agent_ID) VALUES ('Player_ID_128','Team_ID_26','Yoru');
INSERT INTO player(Player_ID,Team_ID,Agent_ID) VALUES ('Player_ID_129','Team_ID_26','Reyna');
INSERT INTO player(Player_ID,Team_ID,Agent_ID) VALUES ('Player_ID_130','Team_ID_26','Brimstone');
INSERT INTO player(Player_ID,Team_ID,Agent_ID) VALUES ('Player_ID_131','Team_ID_27','Sage');
INSERT INTO player(Player_ID,Team_ID,Agent_ID) VALUES ('Player_ID_132','Team_ID_27','Phoenix');
INSERT INTO player(Player_ID,Team_ID,Agent_ID) VALUES ('Player_ID_133','Team_ID_27','Viper');
INSERT INTO player(Player_ID,Team_ID,Agent_ID) VALUES ('Player_ID_134','Team_ID_27','Killjoy');
INSERT INTO player(Player_ID,Team_ID,Agent_ID) VALUES ('Player_ID_135','Team_ID_27','Sova');
INSERT INTO player(Player_ID,Team_ID,Agent_ID) VALUES ('Player_ID_136','Team_ID_28','Astra');
INSERT INTO player(Player_ID,Team_ID,Agent_ID) VALUES ('Player_ID_137','Team_ID_28','Jett');
INSERT INTO player(Player_ID,Team_ID,Agent_ID) VALUES ('Player_ID_138','Team_ID_28','Raze');
INSERT INTO player(Player_ID,Team_ID,Agent_ID) VALUES ('Player_ID_139','Team_ID_28','Omen');
INSERT INTO player(Player_ID,Team_ID,Agent_ID) VALUES ('Player_ID_140','Team_ID_28','Brimstone');
INSERT INTO player(Player_ID,Team_ID,Agent_ID) VALUES ('Player_ID_141','Team_ID_29','Yoru');
INSERT INTO player(Player_ID,Team_ID,Agent_ID) VALUES ('Player_ID_142','Team_ID_29','Skye');
INSERT INTO player(Player_ID,Team_ID,Agent_ID) VALUES ('Player_ID_143','Team_ID_29','Cypher');
INSERT INTO player(Player_ID,Team_ID,Agent_ID) VALUES ('Player_ID_144','Team_ID_29','Breach');
INSERT INTO player(Player_ID,Team_ID,Agent_ID) VALUES ('Player_ID_145','Team_ID_29','Reyna');
INSERT INTO player(Player_ID,Team_ID,Agent_ID) VALUES ('Player_ID_146','Team_ID_30','Sage');
INSERT INTO player(Player_ID,Team_ID,Agent_ID) VALUES ('Player_ID_147','Team_ID_30','Killjoy');
INSERT INTO player(Player_ID,Team_ID,Agent_ID) VALUES ('Player_ID_148','Team_ID_30','Astra');
INSERT INTO player(Player_ID,Team_ID,Agent_ID) VALUES ('Player_ID_149','Team_ID_30','Phoenix');
INSERT INTO player(Player_ID,Team_ID,Agent_ID) VALUES ('Player_ID_150','Team_ID_30','Viper');
INSERT INTO player(Player_ID,Team_ID,Agent_ID) VALUES ('Player_ID_151','Team_ID_31','Sova');
INSERT INTO player(Player_ID,Team_ID,Agent_ID) VALUES ('Player_ID_152','Team_ID_31','Raze');
INSERT INTO player(Player_ID,Team_ID,Agent_ID) VALUES ('Player_ID_153','Team_ID_31','Omen');
INSERT INTO player(Player_ID,Team_ID,Agent_ID) VALUES ('Player_ID_154','Team_ID_31','Jett');
INSERT INTO player(Player_ID,Team_ID,Agent_ID) VALUES ('Player_ID_155','Team_ID_31','Brimstone');
INSERT INTO player(Player_ID,Team_ID,Agent_ID) VALUES ('Player_ID_156','Team_ID_32','Yoru');
INSERT INTO player(Player_ID,Team_ID,Agent_ID) VALUES ('Player_ID_157','Team_ID_32','Breach');
INSERT INTO player(Player_ID,Team_ID,Agent_ID) VALUES ('Player_ID_158','Team_ID_32','Skye');
INSERT INTO player(Player_ID,Team_ID,Agent_ID) VALUES ('Player_ID_159','Team_ID_32','Cypher');
INSERT INTO player(Player_ID,Team_ID,Agent_ID) VALUES ('Player_ID_160','Team_ID_32','Killjoy');
INSERT INTO player(Player_ID,Team_ID,Agent_ID) VALUES ('Player_ID_161','Team_ID_33','Sage');
INSERT INTO player(Player_ID,Team_ID,Agent_ID) VALUES ('Player_ID_162','Team_ID_33','Astra');
INSERT INTO player(Player_ID,Team_ID,Agent_ID) VALUES ('Player_ID_163','Team_ID_33','Viper');
INSERT INTO player(Player_ID,Team_ID,Agent_ID) VALUES ('Player_ID_164','Team_ID_33','Phoenix');
INSERT INTO player(Player_ID,Team_ID,Agent_ID) VALUES ('Player_ID_165','Team_ID_33','Reyna');
INSERT INTO player(Player_ID,Team_ID,Agent_ID) VALUES ('Player_ID_166','Team_ID_34','Sova');
INSERT INTO player(Player_ID,Team_ID,Agent_ID) VALUES ('Player_ID_167','Team_ID_34','Jett');
INSERT INTO player(Player_ID,Team_ID,Agent_ID) VALUES ('Player_ID_168','Team_ID_34','Raze');
INSERT INTO player(Player_ID,Team_ID,Agent_ID) VALUES ('Player_ID_169','Team_ID_34','Omen');
INSERT INTO player(Player_ID,Team_ID,Agent_ID) VALUES ('Player_ID_170','Team_ID_34','Brimstone');
INSERT INTO player(Player_ID,Team_ID,Agent_ID) VALUES ('Player_ID_171','Team_ID_35','Yoru');
INSERT INTO player(Player_ID,Team_ID,Agent_ID) VALUES ('Player_ID_172','Team_ID_35','Skye');
INSERT INTO player(Player_ID,Team_ID,Agent_ID) VALUES ('Player_ID_173','Team_ID_35','Killjoy');
INSERT INTO player(Player_ID,Team_ID,Agent_ID) VALUES ('Player_ID_174','Team_ID_35','Sage');
INSERT INTO player(Player_ID,Team_ID,Agent_ID) VALUES ('Player_ID_175','Team_ID_35','Cypher');
INSERT INTO player(Player_ID,Team_ID,Agent_ID) VALUES ('Player_ID_176','Team_ID_36','Astra');
INSERT INTO player(Player_ID,Team_ID,Agent_ID) VALUES ('Player_ID_177','Team_ID_36','Breach');
INSERT INTO player(Player_ID,Team_ID,Agent_ID) VALUES ('Player_ID_178','Team_ID_36','Viper');
INSERT INTO player(Player_ID,Team_ID,Agent_ID) VALUES ('Player_ID_179','Team_ID_36','Raze');
INSERT INTO player(Player_ID,Team_ID,Agent_ID) VALUES ('Player_ID_180','Team_ID_36','Phoenix');
INSERT INTO player(Player_ID,Team_ID,Agent_ID) VALUES ('Player_ID_181','Team_ID_37','Sova');
INSERT INTO player(Player_ID,Team_ID,Agent_ID) VALUES ('Player_ID_182','Team_ID_37','Omen');
INSERT INTO player(Player_ID,Team_ID,Agent_ID) VALUES ('Player_ID_183','Team_ID_37','Jett');
INSERT INTO player(Player_ID,Team_ID,Agent_ID) VALUES ('Player_ID_184','Team_ID_37','Reyna');
INSERT INTO player(Player_ID,Team_ID,Agent_ID) VALUES ('Player_ID_185','Team_ID_37','Brimstone');
INSERT INTO player(Player_ID,Team_ID,Agent_ID) VALUES ('Player_ID_186','Team_ID_38','Yoru');
INSERT INTO player(Player_ID,Team_ID,Agent_ID) VALUES ('Player_ID_187','Team_ID_38','Sage');
INSERT INTO player(Player_ID,Team_ID,Agent_ID) VALUES ('Player_ID_188','Team_ID_38','Killjoy');
INSERT INTO player(Player_ID,Team_ID,Agent_ID) VALUES ('Player_ID_189','Team_ID_38','Astra');
INSERT INTO player(Player_ID,Team_ID,Agent_ID) VALUES ('Player_ID_190','Team_ID_38','Skye');
INSERT INTO player(Player_ID,Team_ID,Agent_ID) VALUES ('Player_ID_191','Team_ID_39','Cypher');
INSERT INTO player(Player_ID,Team_ID,Agent_ID) VALUES ('Player_ID_192','Team_ID_39','Breach');
INSERT INTO player(Player_ID,Team_ID,Agent_ID) VALUES ('Player_ID_193','Team_ID_39','Phoenix');
INSERT INTO player(Player_ID,Team_ID,Agent_ID) VALUES ('Player_ID_194','Team_ID_39','Viper');
INSERT INTO player(Player_ID,Team_ID,Agent_ID) VALUES ('Player_ID_195','Team_ID_39','Raze');
INSERT INTO player(Player_ID,Team_ID,Agent_ID) VALUES ('Player_ID_196','Team_ID_40','Omen');
INSERT INTO player(Player_ID,Team_ID,Agent_ID) VALUES ('Player_ID_197','Team_ID_40','Jett');
INSERT INTO player(Player_ID,Team_ID,Agent_ID) VALUES ('Player_ID_198','Team_ID_40','Reyna');
INSERT INTO player(Player_ID,Team_ID,Agent_ID) VALUES ('Player_ID_199','Team_ID_40','Brimstone');
INSERT INTO player(Player_ID,Team_ID,Agent_ID) VALUES ('Player_ID_200','Team_ID_40','Sova');
INSERT INTO player(Player_ID,Team_ID,Agent_ID) VALUES ('Player_ID_201','Team_ID_41','Yoru');
INSERT INTO player(Player_ID,Team_ID,Agent_ID) VALUES ('Player_ID_202','Team_ID_41','Sage');
INSERT INTO player(Player_ID,Team_ID,Agent_ID) VALUES ('Player_ID_203','Team_ID_41','Astra');
INSERT INTO player(Player_ID,Team_ID,Agent_ID) VALUES ('Player_ID_204','Team_ID_41','Killjoy');
INSERT INTO player(Player_ID,Team_ID,Agent_ID) VALUES ('Player_ID_205','Team_ID_41','Skye');
INSERT INTO player(Player_ID,Team_ID,Agent_ID) VALUES ('Player_ID_206','Team_ID_42','Breach');
INSERT INTO player(Player_ID,Team_ID,Agent_ID) VALUES ('Player_ID_207','Team_ID_42','Viper');
INSERT INTO player(Player_ID,Team_ID,Agent_ID) VALUES ('Player_ID_208','Team_ID_42','Phoenix');
INSERT INTO player(Player_ID,Team_ID,Agent_ID) VALUES ('Player_ID_209','Team_ID_42','Raze');
INSERT INTO player(Player_ID,Team_ID,Agent_ID) VALUES ('Player_ID_210','Team_ID_42','Omen');
INSERT INTO player(Player_ID,Team_ID,Agent_ID) VALUES ('Player_ID_211','Team_ID_43','Jett');
INSERT INTO player(Player_ID,Team_ID,Agent_ID) VALUES ('Player_ID_212','Team_ID_43','Cypher');
INSERT INTO player(Player_ID,Team_ID,Agent_ID) VALUES ('Player_ID_213','Team_ID_43','Reyna');
INSERT INTO player(Player_ID,Team_ID,Agent_ID) VALUES ('Player_ID_214','Team_ID_43','Sova');
INSERT INTO player(Player_ID,Team_ID,Agent_ID) VALUES ('Player_ID_215','Team_ID_43','Brimstone');
INSERT INTO player(Player_ID,Team_ID,Agent_ID) VALUES ('Player_ID_216','Team_ID_44','Astra');
INSERT INTO player(Player_ID,Team_ID,Agent_ID) VALUES ('Player_ID_217','Team_ID_44','Killjoy');
INSERT INTO player(Player_ID,Team_ID,Agent_ID) VALUES ('Player_ID_218','Team_ID_44','Sage');
INSERT INTO player(Player_ID,Team_ID,Agent_ID) VALUES ('Player_ID_219','Team_ID_44','Yoru');
INSERT INTO player(Player_ID,Team_ID,Agent_ID) VALUES ('Player_ID_220','Team_ID_44','Skye');
INSERT INTO player(Player_ID,Team_ID,Agent_ID) VALUES ('Player_ID_221','Team_ID_45','Phoenix');
INSERT INTO player(Player_ID,Team_ID,Agent_ID) VALUES ('Player_ID_222','Team_ID_45','Breach');
INSERT INTO player(Player_ID,Team_ID,Agent_ID) VALUES ('Player_ID_223','Team_ID_45','Raze');
INSERT INTO player(Player_ID,Team_ID,Agent_ID) VALUES ('Player_ID_224','Team_ID_45','Viper');
INSERT INTO player(Player_ID,Team_ID,Agent_ID) VALUES ('Player_ID_225','Team_ID_45','Omen');

-- Created Matches table

DROP TABLE IF EXISTS Matches;
CREATE TABLE Matches(
   Match_ID    VARCHAR(18) NOT NULL PRIMARY KEY
  ,mapName     VARCHAR(15) NOT NULL
  ,gameLength  NUMERIC(30,1) NOT NULL
  ,winningTeam VARCHAR(4) NOT NULL
);
INSERT INTO Matches(Match_ID,mapName,gameLength,winningTeam) VALUES ('Match_ID_1','Pearl',30,'Red');
INSERT INTO Matches(Match_ID,mapName,gameLength,winningTeam) VALUES ('Match_ID_2','Fracture',29.5,'Blue');
INSERT INTO Matches(Match_ID,mapName,gameLength,winningTeam) VALUES ('Match_ID_3','Sunset',33.2,'Blue');
INSERT INTO Matches(Match_ID,mapName,gameLength,winningTeam) VALUES ('Match_ID_4','Sunset',25.4,'Blue');
INSERT INTO Matches(Match_ID,mapName,gameLength,winningTeam) VALUES ('Match_ID_5','Pearl',32.9,'Red');
INSERT INTO Matches(Match_ID,mapName,gameLength,winningTeam) VALUES ('Match_ID_6','Icebox',35.6,'Blue');
INSERT INTO Matches(Match_ID,mapName,gameLength,winningTeam) VALUES ('Match_ID_7','Ascent',27.6,'Blue');
INSERT INTO Matches(Match_ID,mapName,gameLength,winningTeam) VALUES ('Match_ID_8','Pearl',37.3,'Blue');
INSERT INTO Matches(Match_ID,mapName,gameLength,winningTeam) VALUES ('Match_ID_9','Sunset',37.4,'Blue');
INSERT INTO Matches(Match_ID,mapName,gameLength,winningTeam) VALUES ('Match_ID_10','Sunset',31.6,'Red');
INSERT INTO Matches(Match_ID,mapName,gameLength,winningTeam) VALUES ('Match_ID_11','Lotus',32.2,'Red');
INSERT INTO Matches(Match_ID,mapName,gameLength,winningTeam) VALUES ('Match_ID_12','Ascent',35.1,'Blue');
INSERT INTO Matches(Match_ID,mapName,gameLength,winningTeam) VALUES ('Match_ID_13','Sunset',37.3,'Red');
INSERT INTO Matches(Match_ID,mapName,gameLength,winningTeam) VALUES ('Match_ID_14','Breeze',26,'Red');
INSERT INTO Matches(Match_ID,mapName,gameLength,winningTeam) VALUES ('Match_ID_15','Breeze',39,'Red');
INSERT INTO Matches(Match_ID,mapName,gameLength,winningTeam) VALUES ('Match_ID_16','Pearl',33.8,'Blue');
INSERT INTO Matches(Match_ID,mapName,gameLength,winningTeam) VALUES ('Match_ID_17','Fracture',38.5,'Red');
INSERT INTO Matches(Match_ID,mapName,gameLength,winningTeam) VALUES ('Match_ID_18','Sunset',25.7,'Blue');
INSERT INTO Matches(Match_ID,mapName,gameLength,winningTeam) VALUES ('Match_ID_19','Pearl',26.8,'Red');
INSERT INTO Matches(Match_ID,mapName,gameLength,winningTeam) VALUES ('Match_ID_20','Fracture',34.3,'Blue');
INSERT INTO Matches(Match_ID,mapName,gameLength,winningTeam) VALUES ('Match_ID_21','Pearl',33,'Blue');
INSERT INTO Matches(Match_ID,mapName,gameLength,winningTeam) VALUES ('Match_ID_22','Pearl',36.5,'Blue');
INSERT INTO Matches(Match_ID,mapName,gameLength,winningTeam) VALUES ('Match_ID_23','Fracture',28.3,'Blue');
INSERT INTO Matches(Match_ID,mapName,gameLength,winningTeam) VALUES ('Match_ID_24','Sunset',37.7,'Red');
INSERT INTO Matches(Match_ID,mapName,gameLength,winningTeam) VALUES ('Match_ID_25','Lotus',41.7,'Blue');
INSERT INTO Matches(Match_ID,mapName,gameLength,winningTeam) VALUES ('Match_ID_26','Breeze',40.6,'Red');
INSERT INTO Matches(Match_ID,mapName,gameLength,winningTeam) VALUES ('Match_ID_27','Icebox',33.8,'Blue');
INSERT INTO Matches(Match_ID,mapName,gameLength,winningTeam) VALUES ('Match_ID_28','Sunset',29.7,'Blue');
INSERT INTO Matches(Match_ID,mapName,gameLength,winningTeam) VALUES ('Match_ID_29','Icebox',31.1,'Red');
INSERT INTO Matches(Match_ID,mapName,gameLength,winningTeam) VALUES ('Match_ID_30','Icebox',30.3,'Blue');
INSERT INTO Matches(Match_ID,mapName,gameLength,winningTeam) VALUES ('Match_ID_31','Icebox',29.9,'Red');
INSERT INTO Matches(Match_ID,mapName,gameLength,winningTeam) VALUES ('Match_ID_32','Fracture',27.6,'Blue');
INSERT INTO Matches(Match_ID,mapName,gameLength,winningTeam) VALUES ('Match_ID_33','Sunset',37.1,'Blue');
INSERT INTO Matches(Match_ID,mapName,gameLength,winningTeam) VALUES ('Match_ID_34','Fracture',32.7,'Blue');
INSERT INTO Matches(Match_ID,mapName,gameLength,winningTeam) VALUES ('Match_ID_35','Lotus',35.9,'Blue');
INSERT INTO Matches(Match_ID,mapName,gameLength,winningTeam) VALUES ('Match_ID_36','Breeze',36.5,'Blue');
INSERT INTO Matches(Match_ID,mapName,gameLength,winningTeam) VALUES ('Match_ID_37','Lotus',25.1,'Blue');
INSERT INTO Matches(Match_ID,mapName,gameLength,winningTeam) VALUES ('Match_ID_38','Pearl',25.2,'Red');
INSERT INTO Matches(Match_ID,mapName,gameLength,winningTeam) VALUES ('Match_ID_39','Sunset',40.6,'Red');
INSERT INTO Matches(Match_ID,mapName,gameLength,winningTeam) VALUES ('Match_ID_40','Fracture',27.7,'Blue');
INSERT INTO Matches(Match_ID,mapName,gameLength,winningTeam) VALUES ('Match_ID_41','Pearl',35.1,'Red');
INSERT INTO Matches(Match_ID,mapName,gameLength,winningTeam) VALUES ('Match_ID_42','Breeze',32,'Red');
INSERT INTO Matches(Match_ID,mapName,gameLength,winningTeam) VALUES ('Match_ID_43','Pearl',31.5,'Red');
INSERT INTO Matches(Match_ID,mapName,gameLength,winningTeam) VALUES ('Match_ID_44','Lotus',38.1,'Blue');
INSERT INTO Matches(Match_ID,mapName,gameLength,winningTeam) VALUES ('Match_ID_45','Sunset',34.4,'Blue');
INSERT INTO Matches(Match_ID,mapName,gameLength,winningTeam) VALUES ('Match_ID_46','Icebox',35.9,'Blue');
INSERT INTO Matches(Match_ID,mapName,gameLength,winningTeam) VALUES ('Match_ID_47','Breeze',35.9,'Red');
INSERT INTO Matches(Match_ID,mapName,gameLength,winningTeam) VALUES ('Match_ID_48','Fracture',39.8,'Blue');
INSERT INTO Matches(Match_ID,mapName,gameLength,winningTeam) VALUES ('Match_ID_49','Icebox',41.7,'Blue');
INSERT INTO Matches(Match_ID,mapName,gameLength,winningTeam) VALUES ('Match_ID_50','Ascent',37.1,'Blue');
INSERT INTO Matches(Match_ID,mapName,gameLength,winningTeam) VALUES ('Match_ID_51','Ascent',26.7,'Red');
INSERT INTO Matches(Match_ID,mapName,gameLength,winningTeam) VALUES ('Match_ID_52','Breeze',30,'Blue');
INSERT INTO Matches(Match_ID,mapName,gameLength,winningTeam) VALUES ('Match_ID_53','Fracture',30.2,'Red');
INSERT INTO Matches(Match_ID,mapName,gameLength,winningTeam) VALUES ('Match_ID_54','Sunset',28.3,'Red');
INSERT INTO Matches(Match_ID,mapName,gameLength,winningTeam) VALUES ('Match_ID_55','Sunset',36.9,'Blue');
INSERT INTO Matches(Match_ID,mapName,gameLength,winningTeam) VALUES ('Match_ID_56','Sunset',40.3,'Red');
INSERT INTO Matches(Match_ID,mapName,gameLength,winningTeam) VALUES ('Match_ID_57','Sunset',29.3,'Blue');
INSERT INTO Matches(Match_ID,mapName,gameLength,winningTeam) VALUES ('Match_ID_58','Fracture',33,'Red');
INSERT INTO Matches(Match_ID,mapName,gameLength,winningTeam) VALUES ('Match_ID_59','Lotus',40.8,'Red');
INSERT INTO Matches(Match_ID,mapName,gameLength,winningTeam) VALUES ('Match_ID_60','Pearl',38.3,'Red');
INSERT INTO Matches(Match_ID,mapName,gameLength,winningTeam) VALUES ('Match_ID_61','Fracture',38.7,'Blue');
INSERT INTO Matches(Match_ID,mapName,gameLength,winningTeam) VALUES ('Match_ID_62','Pearl',31.2,'Blue');
INSERT INTO Matches(Match_ID,mapName,gameLength,winningTeam) VALUES ('Match_ID_63','Pearl',40.4,'Red');
INSERT INTO Matches(Match_ID,mapName,gameLength,winningTeam) VALUES ('Match_ID_64','Sunset',37.7,'Red');
INSERT INTO Matches(Match_ID,mapName,gameLength,winningTeam) VALUES ('Match_ID_65','Lotus',36.7,'Blue');
INSERT INTO Matches(Match_ID,mapName,gameLength,winningTeam) VALUES ('Match_ID_66','Sunset',32.3,'Red');
INSERT INTO Matches(Match_ID,mapName,gameLength,winningTeam) VALUES ('Match_ID_67','Icebox',40.1,'Red');
INSERT INTO Matches(Match_ID,mapName,gameLength,winningTeam) VALUES ('Match_ID_68','Breeze',36.9,'Red');
INSERT INTO Matches(Match_ID,mapName,gameLength,winningTeam) VALUES ('Match_ID_69','Icebox',36.6,'Blue');
INSERT INTO Matches(Match_ID,mapName,gameLength,winningTeam) VALUES ('Match_ID_70','Sunset',34.5,'Blue');
INSERT INTO Matches(Match_ID,mapName,gameLength,winningTeam) VALUES ('Match_ID_71','Sunset',36.7,'Blue');
INSERT INTO Matches(Match_ID,mapName,gameLength,winningTeam) VALUES ('Match_ID_72','Pearl',39.2,'Red');
INSERT INTO Matches(Match_ID,mapName,gameLength,winningTeam) VALUES ('Match_ID_73','Sunset',27.5,'Red');
INSERT INTO Matches(Match_ID,mapName,gameLength,winningTeam) VALUES ('Match_ID_74','Fracture',28.6,'Red');
INSERT INTO Matches(Match_ID,mapName,gameLength,winningTeam) VALUES ('Match_ID_75','Sunset',39.6,'Red');
INSERT INTO Matches(Match_ID,mapName,gameLength,winningTeam) VALUES ('Match_ID_76','Icebox',36.9,'Blue');
INSERT INTO Matches(Match_ID,mapName,gameLength,winningTeam) VALUES ('Match_ID_77','Ascent',33.8,'Blue');
INSERT INTO Matches(Match_ID,mapName,gameLength,winningTeam) VALUES ('Match_ID_78','Icebox',29.7,'Red');
INSERT INTO Matches(Match_ID,mapName,gameLength,winningTeam) VALUES ('Match_ID_79','Icebox',28.5,'Blue');
INSERT INTO Matches(Match_ID,mapName,gameLength,winningTeam) VALUES ('Match_ID_80','Sunset',33.9,'Blue');
INSERT INTO Matches(Match_ID,mapName,gameLength,winningTeam) VALUES ('Match_ID_81','Fracture',27.7,'Blue');
INSERT INTO Matches(Match_ID,mapName,gameLength,winningTeam) VALUES ('Match_ID_82','Fracture',32.5,'Red');
INSERT INTO Matches(Match_ID,mapName,gameLength,winningTeam) VALUES ('Match_ID_83','Sunset',41.2,'Red');
INSERT INTO Matches(Match_ID,mapName,gameLength,winningTeam) VALUES ('Match_ID_84','Fracture',28.7,'Blue');
INSERT INTO Matches(Match_ID,mapName,gameLength,winningTeam) VALUES ('Match_ID_85','Fracture',38.1,'Red');
INSERT INTO Matches(Match_ID,mapName,gameLength,winningTeam) VALUES ('Match_ID_86','Ascent',32.4,'Red');
INSERT INTO Matches(Match_ID,mapName,gameLength,winningTeam) VALUES ('Match_ID_87','Icebox',31.2,'Blue');
INSERT INTO Matches(Match_ID,mapName,gameLength,winningTeam) VALUES ('Match_ID_88','Breeze',38.1,'Red');
INSERT INTO Matches(Match_ID,mapName,gameLength,winningTeam) VALUES ('Match_ID_89','Ascent',30.7,'Blue');
INSERT INTO Matches(Match_ID,mapName,gameLength,winningTeam) VALUES ('Match_ID_90','Sunset',27.1,'Blue');
INSERT INTO Matches(Match_ID,mapName,gameLength,winningTeam) VALUES ('Match_ID_91','Ascent',29.7,'Red');
INSERT INTO Matches(Match_ID,mapName,gameLength,winningTeam) VALUES ('Match_ID_92','Fracture',41.9,'Blue');
INSERT INTO Matches(Match_ID,mapName,gameLength,winningTeam) VALUES ('Match_ID_93','Sunset',41.6,'Red');
INSERT INTO Matches(Match_ID,mapName,gameLength,winningTeam) VALUES ('Match_ID_94','Breeze',28.1,'Blue');
INSERT INTO Matches(Match_ID,mapName,gameLength,winningTeam) VALUES ('Match_ID_95','Pearl',31.6,'Red');
INSERT INTO Matches(Match_ID,mapName,gameLength,winningTeam) VALUES ('Match_ID_96','Fracture',31.1,'Red');
INSERT INTO Matches(Match_ID,mapName,gameLength,winningTeam) VALUES ('Match_ID_97','Breeze',35.8,'Red');
INSERT INTO Matches(Match_ID,mapName,gameLength,winningTeam) VALUES ('Match_ID_98','Pearl',28.1,'Blue');
INSERT INTO Matches(Match_ID,mapName,gameLength,winningTeam) VALUES ('Match_ID_99','Fracture',30.5,'Red');
INSERT INTO Matches(Match_ID,mapName,gameLength,winningTeam) VALUES ('Match_ID_100','Icebox',29.7,'Blue');
INSERT INTO Matches(Match_ID,mapName,gameLength,winningTeam) VALUES ('Match_ID_101','Breeze',28.8,'Red');
INSERT INTO Matches(Match_ID,mapName,gameLength,winningTeam) VALUES ('Match_ID_102','Bind',30.3,'Blue');
INSERT INTO Matches(Match_ID,mapName,gameLength,winningTeam) VALUES ('Match_ID_103','Haven',42.8,'Blue');
INSERT INTO Matches(Match_ID,mapName,gameLength,winningTeam) VALUES ('Match_ID_104','Bind',36.4,'Red');
INSERT INTO Matches(Match_ID,mapName,gameLength,winningTeam) VALUES ('Match_ID_105','Breeze',36,'Red');
INSERT INTO Matches(Match_ID,mapName,gameLength,winningTeam) VALUES ('Match_ID_106','Ascent',34.5,'Blue');
INSERT INTO Matches(Match_ID,mapName,gameLength,winningTeam) VALUES ('Match_ID_107','Ascent',25.9,'Red');
INSERT INTO Matches(Match_ID,mapName,gameLength,winningTeam) VALUES ('Match_ID_108','Ascent',34.9,'Blue');
INSERT INTO Matches(Match_ID,mapName,gameLength,winningTeam) VALUES ('Match_ID_109','Haven',31.7,'Blue');
INSERT INTO Matches(Match_ID,mapName,gameLength,winningTeam) VALUES ('Match_ID_110','Haven',29.3,'Red');
INSERT INTO Matches(Match_ID,mapName,gameLength,winningTeam) VALUES ('Match_ID_111','Sunset',35.7,'Red');
INSERT INTO Matches(Match_ID,mapName,gameLength,winningTeam) VALUES ('Match_ID_112','Split',30.2,'Red');
INSERT INTO Matches(Match_ID,mapName,gameLength,winningTeam) VALUES ('Match_ID_113','Haven',37.8,'Red');
INSERT INTO Matches(Match_ID,mapName,gameLength,winningTeam) VALUES ('Match_ID_114','Sunset',29.9,'Red');
INSERT INTO Matches(Match_ID,mapName,gameLength,winningTeam) VALUES ('Match_ID_115','Breeze',40.6,'Blue');
INSERT INTO Matches(Match_ID,mapName,gameLength,winningTeam) VALUES ('Match_ID_116','Bind',33.5,'Red');
INSERT INTO Matches(Match_ID,mapName,gameLength,winningTeam) VALUES ('Match_ID_117','Ascent',38.8,'Blue');
INSERT INTO Matches(Match_ID,mapName,gameLength,winningTeam) VALUES ('Match_ID_118','Split',35.1,'Blue');
INSERT INTO Matches(Match_ID,mapName,gameLength,winningTeam) VALUES ('Match_ID_119','Breeze',39.4,'Red');
INSERT INTO Matches(Match_ID,mapName,gameLength,winningTeam) VALUES ('Match_ID_120','Sunset',27.8,'Red');
INSERT INTO Matches(Match_ID,mapName,gameLength,winningTeam) VALUES ('Match_ID_121','Ascent',43.6,'Blue');
INSERT INTO Matches(Match_ID,mapName,gameLength,winningTeam) VALUES ('Match_ID_122','Bind',38.5,'Red');
INSERT INTO Matches(Match_ID,mapName,gameLength,winningTeam) VALUES ('Match_ID_123','Breeze',39.7,'Red');
INSERT INTO Matches(Match_ID,mapName,gameLength,winningTeam) VALUES ('Match_ID_124','Haven',32.1,'Red');
INSERT INTO Matches(Match_ID,mapName,gameLength,winningTeam) VALUES ('Match_ID_125','Haven',41,'Blue');
INSERT INTO Matches(Match_ID,mapName,gameLength,winningTeam) VALUES ('Match_ID_126','Ascent',34.6,'Blue');
INSERT INTO Matches(Match_ID,mapName,gameLength,winningTeam) VALUES ('Match_ID_127','Sunset',43.1,'Red');
INSERT INTO Matches(Match_ID,mapName,gameLength,winningTeam) VALUES ('Match_ID_128','Breeze',40,'Red');
INSERT INTO Matches(Match_ID,mapName,gameLength,winningTeam) VALUES ('Match_ID_129','Icebox',37.4,'Red');
INSERT INTO Matches(Match_ID,mapName,gameLength,winningTeam) VALUES ('Match_ID_130','Icebox',30,'Blue');
INSERT INTO Matches(Match_ID,mapName,gameLength,winningTeam) VALUES ('Match_ID_131','Icebox',41.8,'Blue');
INSERT INTO Matches(Match_ID,mapName,gameLength,winningTeam) VALUES ('Match_ID_132','Breeze',40.2,'Red');
INSERT INTO Matches(Match_ID,mapName,gameLength,winningTeam) VALUES ('Match_ID_133','Haven',43.2,'Blue');
INSERT INTO Matches(Match_ID,mapName,gameLength,winningTeam) VALUES ('Match_ID_134','Ascent',31.7,'Red');
INSERT INTO Matches(Match_ID,mapName,gameLength,winningTeam) VALUES ('Match_ID_135','Ascent',32.3,'Red');
INSERT INTO Matches(Match_ID,mapName,gameLength,winningTeam) VALUES ('Match_ID_136','Icebox',29.9,'Red');
INSERT INTO Matches(Match_ID,mapName,gameLength,winningTeam) VALUES ('Match_ID_137','Breeze',39,'Red');
INSERT INTO Matches(Match_ID,mapName,gameLength,winningTeam) VALUES ('Match_ID_138','Haven',34.8,'Red');
INSERT INTO Matches(Match_ID,mapName,gameLength,winningTeam) VALUES ('Match_ID_139','Haven',28.7,'Blue');
INSERT INTO Matches(Match_ID,mapName,gameLength,winningTeam) VALUES ('Match_ID_140','Icebox',33.8,'Red');
INSERT INTO Matches(Match_ID,mapName,gameLength,winningTeam) VALUES ('Match_ID_141','Breeze',34,'Blue');
INSERT INTO Matches(Match_ID,mapName,gameLength,winningTeam) VALUES ('Match_ID_142','Sunset',31.7,'Blue');
INSERT INTO Matches(Match_ID,mapName,gameLength,winningTeam) VALUES ('Match_ID_143','Ascent',43.5,'Blue');
INSERT INTO Matches(Match_ID,mapName,gameLength,winningTeam) VALUES ('Match_ID_144','Breeze',26.5,'Red');
INSERT INTO Matches(Match_ID,mapName,gameLength,winningTeam) VALUES ('Match_ID_145','Breeze',27,'Red');
INSERT INTO Matches(Match_ID,mapName,gameLength,winningTeam) VALUES ('Match_ID_146','Icebox',36.9,'Red');
INSERT INTO Matches(Match_ID,mapName,gameLength,winningTeam) VALUES ('Match_ID_147','Split',41.5,'Blue');
INSERT INTO Matches(Match_ID,mapName,gameLength,winningTeam) VALUES ('Match_ID_148','Ascent',41,'Red');
INSERT INTO Matches(Match_ID,mapName,gameLength,winningTeam) VALUES ('Match_ID_149','Sunset',42.3,'Blue');
INSERT INTO Matches(Match_ID,mapName,gameLength,winningTeam) VALUES ('Match_ID_150','Bind',29.9,'Red');
INSERT INTO Matches(Match_ID,mapName,gameLength,winningTeam) VALUES ('Match_ID_151','Breeze',38.1,'Red');
INSERT INTO Matches(Match_ID,mapName,gameLength,winningTeam) VALUES ('Match_ID_152','Sunset',27.1,'Red');
INSERT INTO Matches(Match_ID,mapName,gameLength,winningTeam) VALUES ('Match_ID_153','Ascent',44,'Blue');
INSERT INTO Matches(Match_ID,mapName,gameLength,winningTeam) VALUES ('Match_ID_154','Bind',34.9,'Blue');
INSERT INTO Matches(Match_ID,mapName,gameLength,winningTeam) VALUES ('Match_ID_155','Bind',37.9,'Red');
INSERT INTO Matches(Match_ID,mapName,gameLength,winningTeam) VALUES ('Match_ID_156','Breeze',38.1,'Red');
INSERT INTO Matches(Match_ID,mapName,gameLength,winningTeam) VALUES ('Match_ID_157','Haven',29.6,'Red');
INSERT INTO Matches(Match_ID,mapName,gameLength,winningTeam) VALUES ('Match_ID_158','Haven',33.6,'Blue');
INSERT INTO Matches(Match_ID,mapName,gameLength,winningTeam) VALUES ('Match_ID_159','Haven',28.3,'Blue');
INSERT INTO Matches(Match_ID,mapName,gameLength,winningTeam) VALUES ('Match_ID_160','Breeze',29.6,'Red');
INSERT INTO Matches(Match_ID,mapName,gameLength,winningTeam) VALUES ('Match_ID_161','Breeze',29.3,'Red');
INSERT INTO Matches(Match_ID,mapName,gameLength,winningTeam) VALUES ('Match_ID_162','Split',29.5,'Blue');
INSERT INTO Matches(Match_ID,mapName,gameLength,winningTeam) VALUES ('Match_ID_163','Haven',25.5,'Blue');
INSERT INTO Matches(Match_ID,mapName,gameLength,winningTeam) VALUES ('Match_ID_164','Haven',34.7,'Blue');
INSERT INTO Matches(Match_ID,mapName,gameLength,winningTeam) VALUES ('Match_ID_165','Breeze',38.8,'Red');
INSERT INTO Matches(Match_ID,mapName,gameLength,winningTeam) VALUES ('Match_ID_166','Haven',27.1,'Blue');
INSERT INTO Matches(Match_ID,mapName,gameLength,winningTeam) VALUES ('Match_ID_167','Breeze',38.1,'Blue');
INSERT INTO Matches(Match_ID,mapName,gameLength,winningTeam) VALUES ('Match_ID_168','Ascent',27.4,'Red');
INSERT INTO Matches(Match_ID,mapName,gameLength,winningTeam) VALUES ('Match_ID_169','Sunset',39.3,'Blue');
INSERT INTO Matches(Match_ID,mapName,gameLength,winningTeam) VALUES ('Match_ID_170','Ascent',43.6,'Red');
INSERT INTO Matches(Match_ID,mapName,gameLength,winningTeam) VALUES ('Match_ID_171','Ascent',36.4,'Red');
INSERT INTO Matches(Match_ID,mapName,gameLength,winningTeam) VALUES ('Match_ID_172','Sunset',35.9,'Red');
INSERT INTO Matches(Match_ID,mapName,gameLength,winningTeam) VALUES ('Match_ID_173','Bind',28.7,'Red');
INSERT INTO Matches(Match_ID,mapName,gameLength,winningTeam) VALUES ('Match_ID_174','Haven',43.6,'Blue');
INSERT INTO Matches(Match_ID,mapName,gameLength,winningTeam) VALUES ('Match_ID_175','Icebox',31.2,'Blue');
INSERT INTO Matches(Match_ID,mapName,gameLength,winningTeam) VALUES ('Match_ID_176','Split',29.5,'Blue');
INSERT INTO Matches(Match_ID,mapName,gameLength,winningTeam) VALUES ('Match_ID_177','Breeze',42.3,'Red');
INSERT INTO Matches(Match_ID,mapName,gameLength,winningTeam) VALUES ('Match_ID_178','Bind',34.6,'Red');
INSERT INTO Matches(Match_ID,mapName,gameLength,winningTeam) VALUES ('Match_ID_179','Split',30.6,'Blue');
INSERT INTO Matches(Match_ID,mapName,gameLength,winningTeam) VALUES ('Match_ID_180','Ascent',33.1,'Red');
INSERT INTO Matches(Match_ID,mapName,gameLength,winningTeam) VALUES ('Match_ID_181','Bind',31.2,'Red');
INSERT INTO Matches(Match_ID,mapName,gameLength,winningTeam) VALUES ('Match_ID_182','Sunset',27.3,'Blue');
INSERT INTO Matches(Match_ID,mapName,gameLength,winningTeam) VALUES ('Match_ID_183','Sunset',33.1,'Blue');
INSERT INTO Matches(Match_ID,mapName,gameLength,winningTeam) VALUES ('Match_ID_184','Bind',30.1,'Blue');
INSERT INTO Matches(Match_ID,mapName,gameLength,winningTeam) VALUES ('Match_ID_185','Ascent',33.9,'Blue');
INSERT INTO Matches(Match_ID,mapName,gameLength,winningTeam) VALUES ('Match_ID_186','Ascent',34.6,'Red');
INSERT INTO Matches(Match_ID,mapName,gameLength,winningTeam) VALUES ('Match_ID_187','Split',37.9,'Red');
INSERT INTO Matches(Match_ID,mapName,gameLength,winningTeam) VALUES ('Match_ID_188','Breeze',29.5,'Red');
INSERT INTO Matches(Match_ID,mapName,gameLength,winningTeam) VALUES ('Match_ID_189','Ascent',37.3,'Blue');
INSERT INTO Matches(Match_ID,mapName,gameLength,winningTeam) VALUES ('Match_ID_190','Split',30.7,'Blue');
INSERT INTO Matches(Match_ID,mapName,gameLength,winningTeam) VALUES ('Match_ID_191','Sunset',25,'Red');
INSERT INTO Matches(Match_ID,mapName,gameLength,winningTeam) VALUES ('Match_ID_192','Split',39.7,'Red');
INSERT INTO Matches(Match_ID,mapName,gameLength,winningTeam) VALUES ('Match_ID_193','Split',36.6,'Red');
INSERT INTO Matches(Match_ID,mapName,gameLength,winningTeam) VALUES ('Match_ID_194','Icebox',34.4,'Red');
INSERT INTO Matches(Match_ID,mapName,gameLength,winningTeam) VALUES ('Match_ID_195','Breeze',32.6,'Blue');
INSERT INTO Matches(Match_ID,mapName,gameLength,winningTeam) VALUES ('Match_ID_196','Ascent',43.2,'Red');
INSERT INTO Matches(Match_ID,mapName,gameLength,winningTeam) VALUES ('Match_ID_197','Ascent',30.6,'Blue');
INSERT INTO Matches(Match_ID,mapName,gameLength,winningTeam) VALUES ('Match_ID_198','Ascent',26.1,'Blue');
INSERT INTO Matches(Match_ID,mapName,gameLength,winningTeam) VALUES ('Match_ID_199','Haven',35.7,'Blue');
INSERT INTO Matches(Match_ID,mapName,gameLength,winningTeam) VALUES ('Match_ID_200','Sunset',29.8,'Red');
INSERT INTO Matches(Match_ID,mapName,gameLength,winningTeam) VALUES ('Match_ID_201','Sunset',40.9,'Red');
INSERT INTO Matches(Match_ID,mapName,gameLength,winningTeam) VALUES ('Match_ID_202','Bind',36.6,'Blue');
INSERT INTO Matches(Match_ID,mapName,gameLength,winningTeam) VALUES ('Match_ID_203','Ascent',32.9,'Blue');
INSERT INTO Matches(Match_ID,mapName,gameLength,winningTeam) VALUES ('Match_ID_204','Ascent',34.8,'Red');
INSERT INTO Matches(Match_ID,mapName,gameLength,winningTeam) VALUES ('Match_ID_205','Sunset',34.2,'Blue');
INSERT INTO Matches(Match_ID,mapName,gameLength,winningTeam) VALUES ('Match_ID_206','Split',42.3,'Red');
INSERT INTO Matches(Match_ID,mapName,gameLength,winningTeam) VALUES ('Match_ID_207','Split',26.4,'Blue');
INSERT INTO Matches(Match_ID,mapName,gameLength,winningTeam) VALUES ('Match_ID_208','Haven',33,'Red');
INSERT INTO Matches(Match_ID,mapName,gameLength,winningTeam) VALUES ('Match_ID_209','Haven',26,'Red');
INSERT INTO Matches(Match_ID,mapName,gameLength,winningTeam) VALUES ('Match_ID_210','Breeze',42.8,'Red');
INSERT INTO Matches(Match_ID,mapName,gameLength,winningTeam) VALUES ('Match_ID_211','Icebox',31.7,'Red');
INSERT INTO Matches(Match_ID,mapName,gameLength,winningTeam) VALUES ('Match_ID_212','Sunset',25,'Red');
INSERT INTO Matches(Match_ID,mapName,gameLength,winningTeam) VALUES ('Match_ID_213','Ascent',36.3,'Blue');
INSERT INTO Matches(Match_ID,mapName,gameLength,winningTeam) VALUES ('Match_ID_214','Breeze',36.8,'Red');
INSERT INTO Matches(Match_ID,mapName,gameLength,winningTeam) VALUES ('Match_ID_215','Sunset',25.3,'Blue');
INSERT INTO Matches(Match_ID,mapName,gameLength,winningTeam) VALUES ('Match_ID_216','Icebox',26.1,'Red');
INSERT INTO Matches(Match_ID,mapName,gameLength,winningTeam) VALUES ('Match_ID_217','Bind',32.3,'Blue');
INSERT INTO Matches(Match_ID,mapName,gameLength,winningTeam) VALUES ('Match_ID_218','Sunset',40.3,'Red');
INSERT INTO Matches(Match_ID,mapName,gameLength,winningTeam) VALUES ('Match_ID_219','Haven',36.6,'Blue');
INSERT INTO Matches(Match_ID,mapName,gameLength,winningTeam) VALUES ('Match_ID_220','Split',32.4,'Blue');
INSERT INTO Matches(Match_ID,mapName,gameLength,winningTeam) VALUES ('Match_ID_221','Icebox',32,'Blue');
INSERT INTO Matches(Match_ID,mapName,gameLength,winningTeam) VALUES ('Match_ID_222','Haven',40.9,'Blue');
INSERT INTO Matches(Match_ID,mapName,gameLength,winningTeam) VALUES ('Match_ID_223','Sunset',39.7,'Blue');
INSERT INTO Matches(Match_ID,mapName,gameLength,winningTeam) VALUES ('Match_ID_224','Split',43.1,'Blue');
INSERT INTO Matches(Match_ID,mapName,gameLength,winningTeam) VALUES ('Match_ID_225','Bind',28.7,'Blue');
INSERT INTO Matches(Match_ID,mapName,gameLength,winningTeam) VALUES ('Match_ID_226','Haven',34.7,'Blue');
INSERT INTO Matches(Match_ID,mapName,gameLength,winningTeam) VALUES ('Match_ID_227','Ascent',25.8,'Red');
INSERT INTO Matches(Match_ID,mapName,gameLength,winningTeam) VALUES ('Match_ID_228','Bind',33.6,'Red');
INSERT INTO Matches(Match_ID,mapName,gameLength,winningTeam) VALUES ('Match_ID_229','Bind',43.3,'Blue');
INSERT INTO Matches(Match_ID,mapName,gameLength,winningTeam) VALUES ('Match_ID_230','Icebox',32.4,'Blue');
INSERT INTO Matches(Match_ID,mapName,gameLength,winningTeam) VALUES ('Match_ID_231','Icebox',27.2,'Blue');
INSERT INTO Matches(Match_ID,mapName,gameLength,winningTeam) VALUES ('Match_ID_232','Breeze',41.6,'Red');
INSERT INTO Matches(Match_ID,mapName,gameLength,winningTeam) VALUES ('Match_ID_233','Icebox',26.2,'Blue');
INSERT INTO Matches(Match_ID,mapName,gameLength,winningTeam) VALUES ('Match_ID_234','Bind',43.7,'Blue');
INSERT INTO Matches(Match_ID,mapName,gameLength,winningTeam) VALUES ('Match_ID_235','Haven',39.9,'Blue');
INSERT INTO Matches(Match_ID,mapName,gameLength,winningTeam) VALUES ('Match_ID_236','Ascent',30.6,'Blue');
INSERT INTO Matches(Match_ID,mapName,gameLength,winningTeam) VALUES ('Match_ID_237','Split',26.1,'Red');
INSERT INTO Matches(Match_ID,mapName,gameLength,winningTeam) VALUES ('Match_ID_238','Icebox',38.1,'Blue');
INSERT INTO Matches(Match_ID,mapName,gameLength,winningTeam) VALUES ('Match_ID_239','Breeze',32.7,'Red');
INSERT INTO Matches(Match_ID,mapName,gameLength,winningTeam) VALUES ('Match_ID_240','Icebox',41.8,'Blue');
INSERT INTO Matches(Match_ID,mapName,gameLength,winningTeam) VALUES ('Match_ID_241','Icebox',42.9,'Red');
INSERT INTO Matches(Match_ID,mapName,gameLength,winningTeam) VALUES ('Match_ID_242','Ascent',41.1,'Red');
INSERT INTO Matches(Match_ID,mapName,gameLength,winningTeam) VALUES ('Match_ID_243','Sunset',32.7,'Blue');
INSERT INTO Matches(Match_ID,mapName,gameLength,winningTeam) VALUES ('Match_ID_244','Sunset',42.5,'Blue');
INSERT INTO Matches(Match_ID,mapName,gameLength,winningTeam) VALUES ('Match_ID_245','Ascent',39.4,'Blue');
INSERT INTO Matches(Match_ID,mapName,gameLength,winningTeam) VALUES ('Match_ID_246','Breeze',38.7,'Red');
INSERT INTO Matches(Match_ID,mapName,gameLength,winningTeam) VALUES ('Match_ID_247','Breeze',28,'Red');
INSERT INTO Matches(Match_ID,mapName,gameLength,winningTeam) VALUES ('Match_ID_248','Ascent',27.9,'Blue');
INSERT INTO Matches(Match_ID,mapName,gameLength,winningTeam) VALUES ('Match_ID_249','Split',42,'Red');
INSERT INTO Matches(Match_ID,mapName,gameLength,winningTeam) VALUES ('Match_ID_250','Bind',27.4,'Red');

-- Creating Killer table

DROP TABLE IF EXISTS Killer;
CREATE TABLE Killer(
   Kill_ID   VARCHAR(13) NOT NULL PRIMARY KEY
  ,Killer_ID VARCHAR(13) NOT NULL
  ,Weapon_ID VARCHAR(8) NOT NULL
  ,roundNum  INTEGER  NOT NULL
  ,Match_ID  VARCHAR(18) NOT NULL
);
INSERT INTO Killer(Kill_ID,Killer_ID,Weapon_ID,roundNum,Match_ID) VALUES ('Kill_ID_1','Player_ID_203','Stinger',5,'Match_ID_181');
INSERT INTO Killer(Kill_ID,Killer_ID,Weapon_ID,roundNum,Match_ID) VALUES ('Kill_ID_2','Player_ID_17','Shorty',4,'Match_ID_193');
INSERT INTO Killer(Kill_ID,Killer_ID,Weapon_ID,roundNum,Match_ID) VALUES ('Kill_ID_3','Player_ID_138','Shorty',2,'Match_ID_60');
INSERT INTO Killer(Kill_ID,Killer_ID,Weapon_ID,roundNum,Match_ID) VALUES ('Kill_ID_4','Player_ID_106','Operator',5,'Match_ID_16');
INSERT INTO Killer(Kill_ID,Killer_ID,Weapon_ID,roundNum,Match_ID) VALUES ('Kill_ID_5','Player_ID_105','Judge',2,'Match_ID_159');
INSERT INTO Killer(Kill_ID,Killer_ID,Weapon_ID,roundNum,Match_ID) VALUES ('Kill_ID_6','Player_ID_202','Classic',6,'Match_ID_185');
INSERT INTO Killer(Kill_ID,Killer_ID,Weapon_ID,roundNum,Match_ID) VALUES ('Kill_ID_7','Player_ID_152','Odin',1,'Match_ID_94');
INSERT INTO Killer(Kill_ID,Killer_ID,Weapon_ID,roundNum,Match_ID) VALUES ('Kill_ID_8','Player_ID_115','Classic',7,'Match_ID_79');
INSERT INTO Killer(Kill_ID,Killer_ID,Weapon_ID,roundNum,Match_ID) VALUES ('Kill_ID_9','Player_ID_112','Bucky',2,'Match_ID_28');
INSERT INTO Killer(Kill_ID,Killer_ID,Weapon_ID,roundNum,Match_ID) VALUES ('Kill_ID_10','Player_ID_51','Frenzy',7,'Match_ID_177');
INSERT INTO Killer(Kill_ID,Killer_ID,Weapon_ID,roundNum,Match_ID) VALUES ('Kill_ID_11','Player_ID_215','Vandal',2,'Match_ID_149');
INSERT INTO Killer(Kill_ID,Killer_ID,Weapon_ID,roundNum,Match_ID) VALUES ('Kill_ID_12','Player_ID_183','Marshal',7,'Match_ID_24');
INSERT INTO Killer(Kill_ID,Killer_ID,Weapon_ID,roundNum,Match_ID) VALUES ('Kill_ID_13','Player_ID_50','Vandal',2,'Match_ID_46');
INSERT INTO Killer(Kill_ID,Killer_ID,Weapon_ID,roundNum,Match_ID) VALUES ('Kill_ID_14','Player_ID_218','Marshal',6,'Match_ID_229');
INSERT INTO Killer(Kill_ID,Killer_ID,Weapon_ID,roundNum,Match_ID) VALUES ('Kill_ID_15','Player_ID_77','Guardian',2,'Match_ID_20');
INSERT INTO Killer(Kill_ID,Killer_ID,Weapon_ID,roundNum,Match_ID) VALUES ('Kill_ID_16','Player_ID_180','Frenzy',7,'Match_ID_246');
INSERT INTO Killer(Kill_ID,Killer_ID,Weapon_ID,roundNum,Match_ID) VALUES ('Kill_ID_17','Player_ID_200','Ghost',3,'Match_ID_146');
INSERT INTO Killer(Kill_ID,Killer_ID,Weapon_ID,roundNum,Match_ID) VALUES ('Kill_ID_18','Player_ID_32','Ares',3,'Match_ID_157');
INSERT INTO Killer(Kill_ID,Killer_ID,Weapon_ID,roundNum,Match_ID) VALUES ('Kill_ID_19','Player_ID_218','Odin',7,'Match_ID_11');
INSERT INTO Killer(Kill_ID,Killer_ID,Weapon_ID,roundNum,Match_ID) VALUES ('Kill_ID_20','Player_ID_192','Operator',6,'Match_ID_220');
INSERT INTO Killer(Kill_ID,Killer_ID,Weapon_ID,roundNum,Match_ID) VALUES ('Kill_ID_21','Player_ID_199','Vandal',5,'Match_ID_196');
INSERT INTO Killer(Kill_ID,Killer_ID,Weapon_ID,roundNum,Match_ID) VALUES ('Kill_ID_22','Player_ID_154','Bucky',2,'Match_ID_17');
INSERT INTO Killer(Kill_ID,Killer_ID,Weapon_ID,roundNum,Match_ID) VALUES ('Kill_ID_23','Player_ID_220','Marshal',7,'Match_ID_73');
INSERT INTO Killer(Kill_ID,Killer_ID,Weapon_ID,roundNum,Match_ID) VALUES ('Kill_ID_24','Player_ID_136','Phantom',5,'Match_ID_3');
INSERT INTO Killer(Kill_ID,Killer_ID,Weapon_ID,roundNum,Match_ID) VALUES ('Kill_ID_25','Player_ID_220','Bucky',1,'Match_ID_176');
INSERT INTO Killer(Kill_ID,Killer_ID,Weapon_ID,roundNum,Match_ID) VALUES ('Kill_ID_26','Player_ID_204','Frenzy',5,'Match_ID_114');
INSERT INTO Killer(Kill_ID,Killer_ID,Weapon_ID,roundNum,Match_ID) VALUES ('Kill_ID_27','Player_ID_204','Phantom',4,'Match_ID_111');
INSERT INTO Killer(Kill_ID,Killer_ID,Weapon_ID,roundNum,Match_ID) VALUES ('Kill_ID_28','Player_ID_88','Stinger',7,'Match_ID_72');
INSERT INTO Killer(Kill_ID,Killer_ID,Weapon_ID,roundNum,Match_ID) VALUES ('Kill_ID_29','Player_ID_21','Ares',3,'Match_ID_57');
INSERT INTO Killer(Kill_ID,Killer_ID,Weapon_ID,roundNum,Match_ID) VALUES ('Kill_ID_30','Player_ID_63','Frenzy',7,'Match_ID_110');
INSERT INTO Killer(Kill_ID,Killer_ID,Weapon_ID,roundNum,Match_ID) VALUES ('Kill_ID_31','Player_ID_11','Vandal',4,'Match_ID_249');
INSERT INTO Killer(Kill_ID,Killer_ID,Weapon_ID,roundNum,Match_ID) VALUES ('Kill_ID_32','Player_ID_32','Classic',4,'Match_ID_63');
INSERT INTO Killer(Kill_ID,Killer_ID,Weapon_ID,roundNum,Match_ID) VALUES ('Kill_ID_33','Player_ID_92','Vandal',7,'Match_ID_82');
INSERT INTO Killer(Kill_ID,Killer_ID,Weapon_ID,roundNum,Match_ID) VALUES ('Kill_ID_34','Player_ID_134','Bulldog',2,'Match_ID_223');
INSERT INTO Killer(Kill_ID,Killer_ID,Weapon_ID,roundNum,Match_ID) VALUES ('Kill_ID_35','Player_ID_111','Stinger',2,'Match_ID_177');
INSERT INTO Killer(Kill_ID,Killer_ID,Weapon_ID,roundNum,Match_ID) VALUES ('Kill_ID_36','Player_ID_91','Stinger',1,'Match_ID_212');
INSERT INTO Killer(Kill_ID,Killer_ID,Weapon_ID,roundNum,Match_ID) VALUES ('Kill_ID_37','Player_ID_55','Vandal',8,'Match_ID_122');
INSERT INTO Killer(Kill_ID,Killer_ID,Weapon_ID,roundNum,Match_ID) VALUES ('Kill_ID_38','Player_ID_210','Classic',5,'Match_ID_37');
INSERT INTO Killer(Kill_ID,Killer_ID,Weapon_ID,roundNum,Match_ID) VALUES ('Kill_ID_39','Player_ID_184','Judge',4,'Match_ID_85');
INSERT INTO Killer(Kill_ID,Killer_ID,Weapon_ID,roundNum,Match_ID) VALUES ('Kill_ID_40','Player_ID_223','Operator',7,'Match_ID_231');
INSERT INTO Killer(Kill_ID,Killer_ID,Weapon_ID,roundNum,Match_ID) VALUES ('Kill_ID_41','Player_ID_128','Ares',2,'Match_ID_95');
INSERT INTO Killer(Kill_ID,Killer_ID,Weapon_ID,roundNum,Match_ID) VALUES ('Kill_ID_42','Player_ID_34','Classic',4,'Match_ID_106');
INSERT INTO Killer(Kill_ID,Killer_ID,Weapon_ID,roundNum,Match_ID) VALUES ('Kill_ID_43','Player_ID_21','Operator',6,'Match_ID_146');
INSERT INTO Killer(Kill_ID,Killer_ID,Weapon_ID,roundNum,Match_ID) VALUES ('Kill_ID_44','Player_ID_83','Ares',1,'Match_ID_15');
INSERT INTO Killer(Kill_ID,Killer_ID,Weapon_ID,roundNum,Match_ID) VALUES ('Kill_ID_45','Player_ID_37','Guardian',8,'Match_ID_81');
INSERT INTO Killer(Kill_ID,Killer_ID,Weapon_ID,roundNum,Match_ID) VALUES ('Kill_ID_46','Player_ID_140','Vandal',1,'Match_ID_43');
INSERT INTO Killer(Kill_ID,Killer_ID,Weapon_ID,roundNum,Match_ID) VALUES ('Kill_ID_47','Player_ID_160','Spectre',2,'Match_ID_134');
INSERT INTO Killer(Kill_ID,Killer_ID,Weapon_ID,roundNum,Match_ID) VALUES ('Kill_ID_48','Player_ID_120','Classic',8,'Match_ID_174');
INSERT INTO Killer(Kill_ID,Killer_ID,Weapon_ID,roundNum,Match_ID) VALUES ('Kill_ID_49','Player_ID_134','Ghost',8,'Match_ID_143');
INSERT INTO Killer(Kill_ID,Killer_ID,Weapon_ID,roundNum,Match_ID) VALUES ('Kill_ID_50','Player_ID_88','Ghost',6,'Match_ID_208');
INSERT INTO Killer(Kill_ID,Killer_ID,Weapon_ID,roundNum,Match_ID) VALUES ('Kill_ID_51','Player_ID_122','Judge',6,'Match_ID_185');
INSERT INTO Killer(Kill_ID,Killer_ID,Weapon_ID,roundNum,Match_ID) VALUES ('Kill_ID_52','Player_ID_57','Frenzy',3,'Match_ID_132');
INSERT INTO Killer(Kill_ID,Killer_ID,Weapon_ID,roundNum,Match_ID) VALUES ('Kill_ID_53','Player_ID_111','Classic',8,'Match_ID_202');
INSERT INTO Killer(Kill_ID,Killer_ID,Weapon_ID,roundNum,Match_ID) VALUES ('Kill_ID_54','Player_ID_82','Ares',8,'Match_ID_5');
INSERT INTO Killer(Kill_ID,Killer_ID,Weapon_ID,roundNum,Match_ID) VALUES ('Kill_ID_55','Player_ID_202','Bulldog',8,'Match_ID_123');
INSERT INTO Killer(Kill_ID,Killer_ID,Weapon_ID,roundNum,Match_ID) VALUES ('Kill_ID_56','Player_ID_48','Classic',1,'Match_ID_125');
INSERT INTO Killer(Kill_ID,Killer_ID,Weapon_ID,roundNum,Match_ID) VALUES ('Kill_ID_57','Player_ID_77','Classic',3,'Match_ID_158');
INSERT INTO Killer(Kill_ID,Killer_ID,Weapon_ID,roundNum,Match_ID) VALUES ('Kill_ID_58','Player_ID_197','Operator',3,'Match_ID_205');
INSERT INTO Killer(Kill_ID,Killer_ID,Weapon_ID,roundNum,Match_ID) VALUES ('Kill_ID_59','Player_ID_190','Spectre',4,'Match_ID_234');
INSERT INTO Killer(Kill_ID,Killer_ID,Weapon_ID,roundNum,Match_ID) VALUES ('Kill_ID_60','Player_ID_61','Bucky',8,'Match_ID_14');
INSERT INTO Killer(Kill_ID,Killer_ID,Weapon_ID,roundNum,Match_ID) VALUES ('Kill_ID_61','Player_ID_34','Sheriff',7,'Match_ID_100');
INSERT INTO Killer(Kill_ID,Killer_ID,Weapon_ID,roundNum,Match_ID) VALUES ('Kill_ID_62','Player_ID_9','Judge',2,'Match_ID_34');
INSERT INTO Killer(Kill_ID,Killer_ID,Weapon_ID,roundNum,Match_ID) VALUES ('Kill_ID_63','Player_ID_19','Spectre',6,'Match_ID_132');
INSERT INTO Killer(Kill_ID,Killer_ID,Weapon_ID,roundNum,Match_ID) VALUES ('Kill_ID_64','Player_ID_1','Bulldog',1,'Match_ID_137');
INSERT INTO Killer(Kill_ID,Killer_ID,Weapon_ID,roundNum,Match_ID) VALUES ('Kill_ID_65','Player_ID_97','Shorty',2,'Match_ID_123');
INSERT INTO Killer(Kill_ID,Killer_ID,Weapon_ID,roundNum,Match_ID) VALUES ('Kill_ID_66','Player_ID_224','Phantom',6,'Match_ID_2');
INSERT INTO Killer(Kill_ID,Killer_ID,Weapon_ID,roundNum,Match_ID) VALUES ('Kill_ID_67','Player_ID_48','Classic',8,'Match_ID_72');
INSERT INTO Killer(Kill_ID,Killer_ID,Weapon_ID,roundNum,Match_ID) VALUES ('Kill_ID_68','Player_ID_66','Guardian',1,'Match_ID_44');
INSERT INTO Killer(Kill_ID,Killer_ID,Weapon_ID,roundNum,Match_ID) VALUES ('Kill_ID_69','Player_ID_117','Vandal',6,'Match_ID_148');
INSERT INTO Killer(Kill_ID,Killer_ID,Weapon_ID,roundNum,Match_ID) VALUES ('Kill_ID_70','Player_ID_92','Frenzy',1,'Match_ID_192');
INSERT INTO Killer(Kill_ID,Killer_ID,Weapon_ID,roundNum,Match_ID) VALUES ('Kill_ID_71','Player_ID_187','Frenzy',4,'Match_ID_76');
INSERT INTO Killer(Kill_ID,Killer_ID,Weapon_ID,roundNum,Match_ID) VALUES ('Kill_ID_72','Player_ID_211','Judge',1,'Match_ID_91');
INSERT INTO Killer(Kill_ID,Killer_ID,Weapon_ID,roundNum,Match_ID) VALUES ('Kill_ID_73','Player_ID_225','Guardian',6,'Match_ID_126');
INSERT INTO Killer(Kill_ID,Killer_ID,Weapon_ID,roundNum,Match_ID) VALUES ('Kill_ID_74','Player_ID_88','Odin',5,'Match_ID_102');
INSERT INTO Killer(Kill_ID,Killer_ID,Weapon_ID,roundNum,Match_ID) VALUES ('Kill_ID_75','Player_ID_223','Stinger',1,'Match_ID_103');
INSERT INTO Killer(Kill_ID,Killer_ID,Weapon_ID,roundNum,Match_ID) VALUES ('Kill_ID_76','Player_ID_44','Bulldog',8,'Match_ID_177');
INSERT INTO Killer(Kill_ID,Killer_ID,Weapon_ID,roundNum,Match_ID) VALUES ('Kill_ID_77','Player_ID_155','Sheriff',4,'Match_ID_242');
INSERT INTO Killer(Kill_ID,Killer_ID,Weapon_ID,roundNum,Match_ID) VALUES ('Kill_ID_78','Player_ID_102','Judge',4,'Match_ID_232');
INSERT INTO Killer(Kill_ID,Killer_ID,Weapon_ID,roundNum,Match_ID) VALUES ('Kill_ID_79','Player_ID_52','Ghost',8,'Match_ID_173');
INSERT INTO Killer(Kill_ID,Killer_ID,Weapon_ID,roundNum,Match_ID) VALUES ('Kill_ID_80','Player_ID_85','Ghost',2,'Match_ID_75');
INSERT INTO Killer(Kill_ID,Killer_ID,Weapon_ID,roundNum,Match_ID) VALUES ('Kill_ID_81','Player_ID_43','Ares',3,'Match_ID_18');
INSERT INTO Killer(Kill_ID,Killer_ID,Weapon_ID,roundNum,Match_ID) VALUES ('Kill_ID_82','Player_ID_70','Guardian',4,'Match_ID_82');
INSERT INTO Killer(Kill_ID,Killer_ID,Weapon_ID,roundNum,Match_ID) VALUES ('Kill_ID_83','Player_ID_9','Odin',4,'Match_ID_6');
INSERT INTO Killer(Kill_ID,Killer_ID,Weapon_ID,roundNum,Match_ID) VALUES ('Kill_ID_84','Player_ID_98','Guardian',3,'Match_ID_159');
INSERT INTO Killer(Kill_ID,Killer_ID,Weapon_ID,roundNum,Match_ID) VALUES ('Kill_ID_85','Player_ID_26','Judge',3,'Match_ID_202');
INSERT INTO Killer(Kill_ID,Killer_ID,Weapon_ID,roundNum,Match_ID) VALUES ('Kill_ID_86','Player_ID_132','Marshal',1,'Match_ID_131');
INSERT INTO Killer(Kill_ID,Killer_ID,Weapon_ID,roundNum,Match_ID) VALUES ('Kill_ID_87','Player_ID_205','Phantom',3,'Match_ID_181');
INSERT INTO Killer(Kill_ID,Killer_ID,Weapon_ID,roundNum,Match_ID) VALUES ('Kill_ID_88','Player_ID_169','Shorty',1,'Match_ID_39');
INSERT INTO Killer(Kill_ID,Killer_ID,Weapon_ID,roundNum,Match_ID) VALUES ('Kill_ID_89','Player_ID_131','Odin',3,'Match_ID_185');
INSERT INTO Killer(Kill_ID,Killer_ID,Weapon_ID,roundNum,Match_ID) VALUES ('Kill_ID_90','Player_ID_50','Stinger',4,'Match_ID_107');
INSERT INTO Killer(Kill_ID,Killer_ID,Weapon_ID,roundNum,Match_ID) VALUES ('Kill_ID_91','Player_ID_77','Ghost',1,'Match_ID_143');
INSERT INTO Killer(Kill_ID,Killer_ID,Weapon_ID,roundNum,Match_ID) VALUES ('Kill_ID_92','Player_ID_132','Phantom',1,'Match_ID_183');
INSERT INTO Killer(Kill_ID,Killer_ID,Weapon_ID,roundNum,Match_ID) VALUES ('Kill_ID_93','Player_ID_37','Spectre',3,'Match_ID_18');
INSERT INTO Killer(Kill_ID,Killer_ID,Weapon_ID,roundNum,Match_ID) VALUES ('Kill_ID_94','Player_ID_150','Judge',2,'Match_ID_111');
INSERT INTO Killer(Kill_ID,Killer_ID,Weapon_ID,roundNum,Match_ID) VALUES ('Kill_ID_95','Player_ID_80','Judge',5,'Match_ID_112');
INSERT INTO Killer(Kill_ID,Killer_ID,Weapon_ID,roundNum,Match_ID) VALUES ('Kill_ID_96','Player_ID_151','Marshal',7,'Match_ID_58');
INSERT INTO Killer(Kill_ID,Killer_ID,Weapon_ID,roundNum,Match_ID) VALUES ('Kill_ID_97','Player_ID_73','Shorty',8,'Match_ID_27');
INSERT INTO Killer(Kill_ID,Killer_ID,Weapon_ID,roundNum,Match_ID) VALUES ('Kill_ID_98','Player_ID_219','Spectre',5,'Match_ID_189');
INSERT INTO Killer(Kill_ID,Killer_ID,Weapon_ID,roundNum,Match_ID) VALUES ('Kill_ID_99','Player_ID_125','Guardian',1,'Match_ID_178');
INSERT INTO Killer(Kill_ID,Killer_ID,Weapon_ID,roundNum,Match_ID) VALUES ('Kill_ID_100','Player_ID_4','Frenzy',6,'Match_ID_38');
INSERT INTO Killer(Kill_ID,Killer_ID,Weapon_ID,roundNum,Match_ID) VALUES ('Kill_ID_101','Player_ID_137','Operator',2,'Match_ID_99');
INSERT INTO Killer(Kill_ID,Killer_ID,Weapon_ID,roundNum,Match_ID) VALUES ('Kill_ID_102','Player_ID_180','Frenzy',6,'Match_ID_160');
INSERT INTO Killer(Kill_ID,Killer_ID,Weapon_ID,roundNum,Match_ID) VALUES ('Kill_ID_103','Player_ID_77','Spectre',4,'Match_ID_141');
INSERT INTO Killer(Kill_ID,Killer_ID,Weapon_ID,roundNum,Match_ID) VALUES ('Kill_ID_104','Player_ID_216','Shorty',7,'Match_ID_211');
INSERT INTO Killer(Kill_ID,Killer_ID,Weapon_ID,roundNum,Match_ID) VALUES ('Kill_ID_105','Player_ID_92','Bulldog',4,'Match_ID_103');
INSERT INTO Killer(Kill_ID,Killer_ID,Weapon_ID,roundNum,Match_ID) VALUES ('Kill_ID_106','Player_ID_215','Ghost',8,'Match_ID_20');
INSERT INTO Killer(Kill_ID,Killer_ID,Weapon_ID,roundNum,Match_ID) VALUES ('Kill_ID_107','Player_ID_7','Phantom',5,'Match_ID_144');
INSERT INTO Killer(Kill_ID,Killer_ID,Weapon_ID,roundNum,Match_ID) VALUES ('Kill_ID_108','Player_ID_186','Ares',4,'Match_ID_47');
INSERT INTO Killer(Kill_ID,Killer_ID,Weapon_ID,roundNum,Match_ID) VALUES ('Kill_ID_109','Player_ID_87','Odin',4,'Match_ID_59');
INSERT INTO Killer(Kill_ID,Killer_ID,Weapon_ID,roundNum,Match_ID) VALUES ('Kill_ID_110','Player_ID_84','Phantom',1,'Match_ID_23');
INSERT INTO Killer(Kill_ID,Killer_ID,Weapon_ID,roundNum,Match_ID) VALUES ('Kill_ID_111','Player_ID_169','Marshal',3,'Match_ID_94');
INSERT INTO Killer(Kill_ID,Killer_ID,Weapon_ID,roundNum,Match_ID) VALUES ('Kill_ID_112','Player_ID_117','Classic',2,'Match_ID_207');
INSERT INTO Killer(Kill_ID,Killer_ID,Weapon_ID,roundNum,Match_ID) VALUES ('Kill_ID_113','Player_ID_86','Judge',4,'Match_ID_18');
INSERT INTO Killer(Kill_ID,Killer_ID,Weapon_ID,roundNum,Match_ID) VALUES ('Kill_ID_114','Player_ID_189','Ares',5,'Match_ID_242');
INSERT INTO Killer(Kill_ID,Killer_ID,Weapon_ID,roundNum,Match_ID) VALUES ('Kill_ID_115','Player_ID_127','Ares',4,'Match_ID_157');
INSERT INTO Killer(Kill_ID,Killer_ID,Weapon_ID,roundNum,Match_ID) VALUES ('Kill_ID_116','Player_ID_221','Stinger',4,'Match_ID_210');
INSERT INTO Killer(Kill_ID,Killer_ID,Weapon_ID,roundNum,Match_ID) VALUES ('Kill_ID_117','Player_ID_34','Operator',1,'Match_ID_160');
INSERT INTO Killer(Kill_ID,Killer_ID,Weapon_ID,roundNum,Match_ID) VALUES ('Kill_ID_118','Player_ID_69','Phantom',8,'Match_ID_119');
INSERT INTO Killer(Kill_ID,Killer_ID,Weapon_ID,roundNum,Match_ID) VALUES ('Kill_ID_119','Player_ID_26','Bucky',2,'Match_ID_84');
INSERT INTO Killer(Kill_ID,Killer_ID,Weapon_ID,roundNum,Match_ID) VALUES ('Kill_ID_120','Player_ID_32','Shorty',2,'Match_ID_204');
INSERT INTO Killer(Kill_ID,Killer_ID,Weapon_ID,roundNum,Match_ID) VALUES ('Kill_ID_121','Player_ID_174','Bucky',2,'Match_ID_126');
INSERT INTO Killer(Kill_ID,Killer_ID,Weapon_ID,roundNum,Match_ID) VALUES ('Kill_ID_122','Player_ID_171','Bulldog',1,'Match_ID_24');
INSERT INTO Killer(Kill_ID,Killer_ID,Weapon_ID,roundNum,Match_ID) VALUES ('Kill_ID_123','Player_ID_175','Ghost',5,'Match_ID_176');
INSERT INTO Killer(Kill_ID,Killer_ID,Weapon_ID,roundNum,Match_ID) VALUES ('Kill_ID_124','Player_ID_130','Odin',2,'Match_ID_104');
INSERT INTO Killer(Kill_ID,Killer_ID,Weapon_ID,roundNum,Match_ID) VALUES ('Kill_ID_125','Player_ID_80','Bulldog',1,'Match_ID_103');
INSERT INTO Killer(Kill_ID,Killer_ID,Weapon_ID,roundNum,Match_ID) VALUES ('Kill_ID_126','Player_ID_19','Phantom',4,'Match_ID_191');
INSERT INTO Killer(Kill_ID,Killer_ID,Weapon_ID,roundNum,Match_ID) VALUES ('Kill_ID_127','Player_ID_4','Bucky',5,'Match_ID_239');
INSERT INTO Killer(Kill_ID,Killer_ID,Weapon_ID,roundNum,Match_ID) VALUES ('Kill_ID_128','Player_ID_89','Bucky',3,'Match_ID_243');
INSERT INTO Killer(Kill_ID,Killer_ID,Weapon_ID,roundNum,Match_ID) VALUES ('Kill_ID_129','Player_ID_91','Sheriff',8,'Match_ID_246');
INSERT INTO Killer(Kill_ID,Killer_ID,Weapon_ID,roundNum,Match_ID) VALUES ('Kill_ID_130','Player_ID_22','Shorty',3,'Match_ID_69');
INSERT INTO Killer(Kill_ID,Killer_ID,Weapon_ID,roundNum,Match_ID) VALUES ('Kill_ID_131','Player_ID_36','Phantom',3,'Match_ID_123');
INSERT INTO Killer(Kill_ID,Killer_ID,Weapon_ID,roundNum,Match_ID) VALUES ('Kill_ID_132','Player_ID_82','Bucky',3,'Match_ID_63');
INSERT INTO Killer(Kill_ID,Killer_ID,Weapon_ID,roundNum,Match_ID) VALUES ('Kill_ID_133','Player_ID_2','Frenzy',8,'Match_ID_87');
INSERT INTO Killer(Kill_ID,Killer_ID,Weapon_ID,roundNum,Match_ID) VALUES ('Kill_ID_134','Player_ID_96','Bulldog',4,'Match_ID_196');
INSERT INTO Killer(Kill_ID,Killer_ID,Weapon_ID,roundNum,Match_ID) VALUES ('Kill_ID_135','Player_ID_20','Stinger',6,'Match_ID_52');
INSERT INTO Killer(Kill_ID,Killer_ID,Weapon_ID,roundNum,Match_ID) VALUES ('Kill_ID_136','Player_ID_67','Vandal',5,'Match_ID_86');
INSERT INTO Killer(Kill_ID,Killer_ID,Weapon_ID,roundNum,Match_ID) VALUES ('Kill_ID_137','Player_ID_223','Bucky',7,'Match_ID_28');
INSERT INTO Killer(Kill_ID,Killer_ID,Weapon_ID,roundNum,Match_ID) VALUES ('Kill_ID_138','Player_ID_57','Bulldog',8,'Match_ID_170');
INSERT INTO Killer(Kill_ID,Killer_ID,Weapon_ID,roundNum,Match_ID) VALUES ('Kill_ID_139','Player_ID_27','Spectre',3,'Match_ID_232');
INSERT INTO Killer(Kill_ID,Killer_ID,Weapon_ID,roundNum,Match_ID) VALUES ('Kill_ID_140','Player_ID_219','Classic',1,'Match_ID_220');
INSERT INTO Killer(Kill_ID,Killer_ID,Weapon_ID,roundNum,Match_ID) VALUES ('Kill_ID_141','Player_ID_11','Bulldog',5,'Match_ID_9');
INSERT INTO Killer(Kill_ID,Killer_ID,Weapon_ID,roundNum,Match_ID) VALUES ('Kill_ID_142','Player_ID_186','Judge',8,'Match_ID_119');
INSERT INTO Killer(Kill_ID,Killer_ID,Weapon_ID,roundNum,Match_ID) VALUES ('Kill_ID_143','Player_ID_117','Sheriff',7,'Match_ID_129');
INSERT INTO Killer(Kill_ID,Killer_ID,Weapon_ID,roundNum,Match_ID) VALUES ('Kill_ID_144','Player_ID_108','Bulldog',7,'Match_ID_223');
INSERT INTO Killer(Kill_ID,Killer_ID,Weapon_ID,roundNum,Match_ID) VALUES ('Kill_ID_145','Player_ID_24','Marshal',2,'Match_ID_155');
INSERT INTO Killer(Kill_ID,Killer_ID,Weapon_ID,roundNum,Match_ID) VALUES ('Kill_ID_146','Player_ID_7','Spectre',5,'Match_ID_145');
INSERT INTO Killer(Kill_ID,Killer_ID,Weapon_ID,roundNum,Match_ID) VALUES ('Kill_ID_147','Player_ID_133','Vandal',2,'Match_ID_226');
INSERT INTO Killer(Kill_ID,Killer_ID,Weapon_ID,roundNum,Match_ID) VALUES ('Kill_ID_148','Player_ID_121','Marshal',1,'Match_ID_210');
INSERT INTO Killer(Kill_ID,Killer_ID,Weapon_ID,roundNum,Match_ID) VALUES ('Kill_ID_149','Player_ID_100','Classic',2,'Match_ID_66');
INSERT INTO Killer(Kill_ID,Killer_ID,Weapon_ID,roundNum,Match_ID) VALUES ('Kill_ID_150','Player_ID_171','Bulldog',3,'Match_ID_91');
INSERT INTO Killer(Kill_ID,Killer_ID,Weapon_ID,roundNum,Match_ID) VALUES ('Kill_ID_151','Player_ID_119','Ghost',3,'Match_ID_169');
INSERT INTO Killer(Kill_ID,Killer_ID,Weapon_ID,roundNum,Match_ID) VALUES ('Kill_ID_152','Player_ID_3','Ares',1,'Match_ID_127');
INSERT INTO Killer(Kill_ID,Killer_ID,Weapon_ID,roundNum,Match_ID) VALUES ('Kill_ID_153','Player_ID_147','Sheriff',5,'Match_ID_46');
INSERT INTO Killer(Kill_ID,Killer_ID,Weapon_ID,roundNum,Match_ID) VALUES ('Kill_ID_154','Player_ID_63','Ghost',5,'Match_ID_73');
INSERT INTO Killer(Kill_ID,Killer_ID,Weapon_ID,roundNum,Match_ID) VALUES ('Kill_ID_155','Player_ID_127','Bucky',3,'Match_ID_144');
INSERT INTO Killer(Kill_ID,Killer_ID,Weapon_ID,roundNum,Match_ID) VALUES ('Kill_ID_156','Player_ID_49','Vandal',2,'Match_ID_26');
INSERT INTO Killer(Kill_ID,Killer_ID,Weapon_ID,roundNum,Match_ID) VALUES ('Kill_ID_157','Player_ID_122','Classic',2,'Match_ID_210');
INSERT INTO Killer(Kill_ID,Killer_ID,Weapon_ID,roundNum,Match_ID) VALUES ('Kill_ID_158','Player_ID_18','Marshal',6,'Match_ID_45');
INSERT INTO Killer(Kill_ID,Killer_ID,Weapon_ID,roundNum,Match_ID) VALUES ('Kill_ID_159','Player_ID_9','Bucky',7,'Match_ID_119');
INSERT INTO Killer(Kill_ID,Killer_ID,Weapon_ID,roundNum,Match_ID) VALUES ('Kill_ID_160','Player_ID_173','Frenzy',6,'Match_ID_247');
INSERT INTO Killer(Kill_ID,Killer_ID,Weapon_ID,roundNum,Match_ID) VALUES ('Kill_ID_161','Player_ID_69','Guardian',6,'Match_ID_191');
INSERT INTO Killer(Kill_ID,Killer_ID,Weapon_ID,roundNum,Match_ID) VALUES ('Kill_ID_162','Player_ID_90','Marshal',6,'Match_ID_16');
INSERT INTO Killer(Kill_ID,Killer_ID,Weapon_ID,roundNum,Match_ID) VALUES ('Kill_ID_163','Player_ID_53','Stinger',2,'Match_ID_243');
INSERT INTO Killer(Kill_ID,Killer_ID,Weapon_ID,roundNum,Match_ID) VALUES ('Kill_ID_164','Player_ID_204','Bucky',1,'Match_ID_99');
INSERT INTO Killer(Kill_ID,Killer_ID,Weapon_ID,roundNum,Match_ID) VALUES ('Kill_ID_165','Player_ID_23','Marshal',3,'Match_ID_164');
INSERT INTO Killer(Kill_ID,Killer_ID,Weapon_ID,roundNum,Match_ID) VALUES ('Kill_ID_166','Player_ID_115','Classic',6,'Match_ID_217');
INSERT INTO Killer(Kill_ID,Killer_ID,Weapon_ID,roundNum,Match_ID) VALUES ('Kill_ID_167','Player_ID_201','Operator',3,'Match_ID_58');
INSERT INTO Killer(Kill_ID,Killer_ID,Weapon_ID,roundNum,Match_ID) VALUES ('Kill_ID_168','Player_ID_219','Sheriff',6,'Match_ID_212');
INSERT INTO Killer(Kill_ID,Killer_ID,Weapon_ID,roundNum,Match_ID) VALUES ('Kill_ID_169','Player_ID_126','Sheriff',6,'Match_ID_161');
INSERT INTO Killer(Kill_ID,Killer_ID,Weapon_ID,roundNum,Match_ID) VALUES ('Kill_ID_170','Player_ID_105','Guardian',6,'Match_ID_226');
INSERT INTO Killer(Kill_ID,Killer_ID,Weapon_ID,roundNum,Match_ID) VALUES ('Kill_ID_171','Player_ID_160','Ares',8,'Match_ID_165');
INSERT INTO Killer(Kill_ID,Killer_ID,Weapon_ID,roundNum,Match_ID) VALUES ('Kill_ID_172','Player_ID_53','Shorty',2,'Match_ID_67');
INSERT INTO Killer(Kill_ID,Killer_ID,Weapon_ID,roundNum,Match_ID) VALUES ('Kill_ID_173','Player_ID_150','Bulldog',2,'Match_ID_155');
INSERT INTO Killer(Kill_ID,Killer_ID,Weapon_ID,roundNum,Match_ID) VALUES ('Kill_ID_174','Player_ID_32','Stinger',1,'Match_ID_57');
INSERT INTO Killer(Kill_ID,Killer_ID,Weapon_ID,roundNum,Match_ID) VALUES ('Kill_ID_175','Player_ID_206','Guardian',5,'Match_ID_104');
INSERT INTO Killer(Kill_ID,Killer_ID,Weapon_ID,roundNum,Match_ID) VALUES ('Kill_ID_176','Player_ID_152','Classic',1,'Match_ID_94');
INSERT INTO Killer(Kill_ID,Killer_ID,Weapon_ID,roundNum,Match_ID) VALUES ('Kill_ID_177','Player_ID_75','Sheriff',5,'Match_ID_163');
INSERT INTO Killer(Kill_ID,Killer_ID,Weapon_ID,roundNum,Match_ID) VALUES ('Kill_ID_178','Player_ID_173','Ares',8,'Match_ID_250');
INSERT INTO Killer(Kill_ID,Killer_ID,Weapon_ID,roundNum,Match_ID) VALUES ('Kill_ID_179','Player_ID_206','Bulldog',6,'Match_ID_97');
INSERT INTO Killer(Kill_ID,Killer_ID,Weapon_ID,roundNum,Match_ID) VALUES ('Kill_ID_180','Player_ID_49','Frenzy',6,'Match_ID_204');
INSERT INTO Killer(Kill_ID,Killer_ID,Weapon_ID,roundNum,Match_ID) VALUES ('Kill_ID_181','Player_ID_97','Sheriff',3,'Match_ID_152');
INSERT INTO Killer(Kill_ID,Killer_ID,Weapon_ID,roundNum,Match_ID) VALUES ('Kill_ID_182','Player_ID_124','Sheriff',3,'Match_ID_38');
INSERT INTO Killer(Kill_ID,Killer_ID,Weapon_ID,roundNum,Match_ID) VALUES ('Kill_ID_183','Player_ID_14','Judge',3,'Match_ID_143');
INSERT INTO Killer(Kill_ID,Killer_ID,Weapon_ID,roundNum,Match_ID) VALUES ('Kill_ID_184','Player_ID_149','Marshal',4,'Match_ID_18');
INSERT INTO Killer(Kill_ID,Killer_ID,Weapon_ID,roundNum,Match_ID) VALUES ('Kill_ID_185','Player_ID_159','Classic',4,'Match_ID_19');
INSERT INTO Killer(Kill_ID,Killer_ID,Weapon_ID,roundNum,Match_ID) VALUES ('Kill_ID_186','Player_ID_98','Judge',7,'Match_ID_113');
INSERT INTO Killer(Kill_ID,Killer_ID,Weapon_ID,roundNum,Match_ID) VALUES ('Kill_ID_187','Player_ID_209','Bucky',1,'Match_ID_177');
INSERT INTO Killer(Kill_ID,Killer_ID,Weapon_ID,roundNum,Match_ID) VALUES ('Kill_ID_188','Player_ID_191','Frenzy',6,'Match_ID_179');
INSERT INTO Killer(Kill_ID,Killer_ID,Weapon_ID,roundNum,Match_ID) VALUES ('Kill_ID_189','Player_ID_92','Vandal',8,'Match_ID_137');
INSERT INTO Killer(Kill_ID,Killer_ID,Weapon_ID,roundNum,Match_ID) VALUES ('Kill_ID_190','Player_ID_62','Ares',6,'Match_ID_111');
INSERT INTO Killer(Kill_ID,Killer_ID,Weapon_ID,roundNum,Match_ID) VALUES ('Kill_ID_191','Player_ID_121','Marshal',2,'Match_ID_249');
INSERT INTO Killer(Kill_ID,Killer_ID,Weapon_ID,roundNum,Match_ID) VALUES ('Kill_ID_192','Player_ID_53','Bucky',3,'Match_ID_88');
INSERT INTO Killer(Kill_ID,Killer_ID,Weapon_ID,roundNum,Match_ID) VALUES ('Kill_ID_193','Player_ID_3','Guardian',6,'Match_ID_79');
INSERT INTO Killer(Kill_ID,Killer_ID,Weapon_ID,roundNum,Match_ID) VALUES ('Kill_ID_194','Player_ID_22','Spectre',2,'Match_ID_241');
INSERT INTO Killer(Kill_ID,Killer_ID,Weapon_ID,roundNum,Match_ID) VALUES ('Kill_ID_195','Player_ID_57','Vandal',7,'Match_ID_48');
INSERT INTO Killer(Kill_ID,Killer_ID,Weapon_ID,roundNum,Match_ID) VALUES ('Kill_ID_196','Player_ID_40','Stinger',3,'Match_ID_83');
INSERT INTO Killer(Kill_ID,Killer_ID,Weapon_ID,roundNum,Match_ID) VALUES ('Kill_ID_197','Player_ID_103','Guardian',5,'Match_ID_159');
INSERT INTO Killer(Kill_ID,Killer_ID,Weapon_ID,roundNum,Match_ID) VALUES ('Kill_ID_198','Player_ID_191','Stinger',4,'Match_ID_70');
INSERT INTO Killer(Kill_ID,Killer_ID,Weapon_ID,roundNum,Match_ID) VALUES ('Kill_ID_199','Player_ID_5','Bucky',1,'Match_ID_5');
INSERT INTO Killer(Kill_ID,Killer_ID,Weapon_ID,roundNum,Match_ID) VALUES ('Kill_ID_200','Player_ID_46','Ares',8,'Match_ID_16');
INSERT INTO Killer(Kill_ID,Killer_ID,Weapon_ID,roundNum,Match_ID) VALUES ('Kill_ID_201','Player_ID_201','Classic',8,'Match_ID_229');
INSERT INTO Killer(Kill_ID,Killer_ID,Weapon_ID,roundNum,Match_ID) VALUES ('Kill_ID_202','Player_ID_194','Judge',6,'Match_ID_17');
INSERT INTO Killer(Kill_ID,Killer_ID,Weapon_ID,roundNum,Match_ID) VALUES ('Kill_ID_203','Player_ID_127','Frenzy',8,'Match_ID_4');
INSERT INTO Killer(Kill_ID,Killer_ID,Weapon_ID,roundNum,Match_ID) VALUES ('Kill_ID_204','Player_ID_201','Bulldog',4,'Match_ID_217');
INSERT INTO Killer(Kill_ID,Killer_ID,Weapon_ID,roundNum,Match_ID) VALUES ('Kill_ID_205','Player_ID_218','Spectre',4,'Match_ID_67');
INSERT INTO Killer(Kill_ID,Killer_ID,Weapon_ID,roundNum,Match_ID) VALUES ('Kill_ID_206','Player_ID_70','Sheriff',2,'Match_ID_67');
INSERT INTO Killer(Kill_ID,Killer_ID,Weapon_ID,roundNum,Match_ID) VALUES ('Kill_ID_207','Player_ID_88','Ghost',4,'Match_ID_84');
INSERT INTO Killer(Kill_ID,Killer_ID,Weapon_ID,roundNum,Match_ID) VALUES ('Kill_ID_208','Player_ID_171','Shorty',8,'Match_ID_220');
INSERT INTO Killer(Kill_ID,Killer_ID,Weapon_ID,roundNum,Match_ID) VALUES ('Kill_ID_209','Player_ID_142','Classic',7,'Match_ID_238');
INSERT INTO Killer(Kill_ID,Killer_ID,Weapon_ID,roundNum,Match_ID) VALUES ('Kill_ID_210','Player_ID_107','Bucky',8,'Match_ID_82');
INSERT INTO Killer(Kill_ID,Killer_ID,Weapon_ID,roundNum,Match_ID) VALUES ('Kill_ID_211','Player_ID_220','Vandal',4,'Match_ID_212');
INSERT INTO Killer(Kill_ID,Killer_ID,Weapon_ID,roundNum,Match_ID) VALUES ('Kill_ID_212','Player_ID_10','Shorty',2,'Match_ID_176');
INSERT INTO Killer(Kill_ID,Killer_ID,Weapon_ID,roundNum,Match_ID) VALUES ('Kill_ID_213','Player_ID_76','Frenzy',1,'Match_ID_5');
INSERT INTO Killer(Kill_ID,Killer_ID,Weapon_ID,roundNum,Match_ID) VALUES ('Kill_ID_214','Player_ID_97','Spectre',5,'Match_ID_92');
INSERT INTO Killer(Kill_ID,Killer_ID,Weapon_ID,roundNum,Match_ID) VALUES ('Kill_ID_215','Player_ID_217','Guardian',2,'Match_ID_208');
INSERT INTO Killer(Kill_ID,Killer_ID,Weapon_ID,roundNum,Match_ID) VALUES ('Kill_ID_216','Player_ID_171','Ares',7,'Match_ID_115');
INSERT INTO Killer(Kill_ID,Killer_ID,Weapon_ID,roundNum,Match_ID) VALUES ('Kill_ID_217','Player_ID_24','Spectre',1,'Match_ID_63');
INSERT INTO Killer(Kill_ID,Killer_ID,Weapon_ID,roundNum,Match_ID) VALUES ('Kill_ID_218','Player_ID_194','Spectre',6,'Match_ID_196');
INSERT INTO Killer(Kill_ID,Killer_ID,Weapon_ID,roundNum,Match_ID) VALUES ('Kill_ID_219','Player_ID_12','Guardian',3,'Match_ID_201');
INSERT INTO Killer(Kill_ID,Killer_ID,Weapon_ID,roundNum,Match_ID) VALUES ('Kill_ID_220','Player_ID_36','Vandal',3,'Match_ID_197');
INSERT INTO Killer(Kill_ID,Killer_ID,Weapon_ID,roundNum,Match_ID) VALUES ('Kill_ID_221','Player_ID_31','Spectre',4,'Match_ID_223');
INSERT INTO Killer(Kill_ID,Killer_ID,Weapon_ID,roundNum,Match_ID) VALUES ('Kill_ID_222','Player_ID_191','Guardian',7,'Match_ID_17');
INSERT INTO Killer(Kill_ID,Killer_ID,Weapon_ID,roundNum,Match_ID) VALUES ('Kill_ID_223','Player_ID_97','Spectre',2,'Match_ID_136');
INSERT INTO Killer(Kill_ID,Killer_ID,Weapon_ID,roundNum,Match_ID) VALUES ('Kill_ID_224','Player_ID_179','Vandal',7,'Match_ID_134');
INSERT INTO Killer(Kill_ID,Killer_ID,Weapon_ID,roundNum,Match_ID) VALUES ('Kill_ID_225','Player_ID_206','Stinger',2,'Match_ID_158');
INSERT INTO Killer(Kill_ID,Killer_ID,Weapon_ID,roundNum,Match_ID) VALUES ('Kill_ID_226','Player_ID_45','Guardian',1,'Match_ID_189');
INSERT INTO Killer(Kill_ID,Killer_ID,Weapon_ID,roundNum,Match_ID) VALUES ('Kill_ID_227','Player_ID_89','Ghost',8,'Match_ID_15');
INSERT INTO Killer(Kill_ID,Killer_ID,Weapon_ID,roundNum,Match_ID) VALUES ('Kill_ID_228','Player_ID_194','Spectre',8,'Match_ID_24');
INSERT INTO Killer(Kill_ID,Killer_ID,Weapon_ID,roundNum,Match_ID) VALUES ('Kill_ID_229','Player_ID_41','Judge',1,'Match_ID_91');
INSERT INTO Killer(Kill_ID,Killer_ID,Weapon_ID,roundNum,Match_ID) VALUES ('Kill_ID_230','Player_ID_212','Spectre',1,'Match_ID_148');
INSERT INTO Killer(Kill_ID,Killer_ID,Weapon_ID,roundNum,Match_ID) VALUES ('Kill_ID_231','Player_ID_87','Classic',6,'Match_ID_188');
INSERT INTO Killer(Kill_ID,Killer_ID,Weapon_ID,roundNum,Match_ID) VALUES ('Kill_ID_232','Player_ID_46','Bulldog',8,'Match_ID_218');
INSERT INTO Killer(Kill_ID,Killer_ID,Weapon_ID,roundNum,Match_ID) VALUES ('Kill_ID_233','Player_ID_123','Classic',5,'Match_ID_19');
INSERT INTO Killer(Kill_ID,Killer_ID,Weapon_ID,roundNum,Match_ID) VALUES ('Kill_ID_234','Player_ID_42','Phantom',7,'Match_ID_122');
INSERT INTO Killer(Kill_ID,Killer_ID,Weapon_ID,roundNum,Match_ID) VALUES ('Kill_ID_235','Player_ID_77','Ghost',1,'Match_ID_19');
INSERT INTO Killer(Kill_ID,Killer_ID,Weapon_ID,roundNum,Match_ID) VALUES ('Kill_ID_236','Player_ID_15','Vandal',6,'Match_ID_2');
INSERT INTO Killer(Kill_ID,Killer_ID,Weapon_ID,roundNum,Match_ID) VALUES ('Kill_ID_237','Player_ID_57','Bulldog',2,'Match_ID_241');
INSERT INTO Killer(Kill_ID,Killer_ID,Weapon_ID,roundNum,Match_ID) VALUES ('Kill_ID_238','Player_ID_194','Bulldog',1,'Match_ID_152');
INSERT INTO Killer(Kill_ID,Killer_ID,Weapon_ID,roundNum,Match_ID) VALUES ('Kill_ID_239','Player_ID_174','Operator',3,'Match_ID_172');
INSERT INTO Killer(Kill_ID,Killer_ID,Weapon_ID,roundNum,Match_ID) VALUES ('Kill_ID_240','Player_ID_40','Guardian',3,'Match_ID_187');
INSERT INTO Killer(Kill_ID,Killer_ID,Weapon_ID,roundNum,Match_ID) VALUES ('Kill_ID_241','Player_ID_187','Odin',4,'Match_ID_115');
INSERT INTO Killer(Kill_ID,Killer_ID,Weapon_ID,roundNum,Match_ID) VALUES ('Kill_ID_242','Player_ID_196','Frenzy',1,'Match_ID_222');
INSERT INTO Killer(Kill_ID,Killer_ID,Weapon_ID,roundNum,Match_ID) VALUES ('Kill_ID_243','Player_ID_96','Judge',7,'Match_ID_89');
INSERT INTO Killer(Kill_ID,Killer_ID,Weapon_ID,roundNum,Match_ID) VALUES ('Kill_ID_244','Player_ID_55','Frenzy',8,'Match_ID_32');
INSERT INTO Killer(Kill_ID,Killer_ID,Weapon_ID,roundNum,Match_ID) VALUES ('Kill_ID_245','Player_ID_111','Shorty',4,'Match_ID_48');
INSERT INTO Killer(Kill_ID,Killer_ID,Weapon_ID,roundNum,Match_ID) VALUES ('Kill_ID_246','Player_ID_202','Odin',2,'Match_ID_249');
INSERT INTO Killer(Kill_ID,Killer_ID,Weapon_ID,roundNum,Match_ID) VALUES ('Kill_ID_247','Player_ID_143','Classic',8,'Match_ID_48');
INSERT INTO Killer(Kill_ID,Killer_ID,Weapon_ID,roundNum,Match_ID) VALUES ('Kill_ID_248','Player_ID_48','Ghost',8,'Match_ID_152');
INSERT INTO Killer(Kill_ID,Killer_ID,Weapon_ID,roundNum,Match_ID) VALUES ('Kill_ID_249','Player_ID_199','Bucky',5,'Match_ID_106');
INSERT INTO Killer(Kill_ID,Killer_ID,Weapon_ID,roundNum,Match_ID) VALUES ('Kill_ID_250','Player_ID_184','Stinger',5,'Match_ID_221');
INSERT INTO Killer(Kill_ID,Killer_ID,Weapon_ID,roundNum,Match_ID) VALUES ('Kill_ID_251','Player_ID_181','Guardian',2,'Match_ID_58');
INSERT INTO Killer(Kill_ID,Killer_ID,Weapon_ID,roundNum,Match_ID) VALUES ('Kill_ID_252','Player_ID_44','Frenzy',4,'Match_ID_128');
INSERT INTO Killer(Kill_ID,Killer_ID,Weapon_ID,roundNum,Match_ID) VALUES ('Kill_ID_253','Player_ID_135','Ares',5,'Match_ID_103');
INSERT INTO Killer(Kill_ID,Killer_ID,Weapon_ID,roundNum,Match_ID) VALUES ('Kill_ID_254','Player_ID_122','Operator',8,'Match_ID_106');
INSERT INTO Killer(Kill_ID,Killer_ID,Weapon_ID,roundNum,Match_ID) VALUES ('Kill_ID_255','Player_ID_133','Bucky',3,'Match_ID_232');
INSERT INTO Killer(Kill_ID,Killer_ID,Weapon_ID,roundNum,Match_ID) VALUES ('Kill_ID_256','Player_ID_101','Sheriff',8,'Match_ID_181');
INSERT INTO Killer(Kill_ID,Killer_ID,Weapon_ID,roundNum,Match_ID) VALUES ('Kill_ID_257','Player_ID_158','Guardian',8,'Match_ID_27');
INSERT INTO Killer(Kill_ID,Killer_ID,Weapon_ID,roundNum,Match_ID) VALUES ('Kill_ID_258','Player_ID_150','Ares',8,'Match_ID_85');
INSERT INTO Killer(Kill_ID,Killer_ID,Weapon_ID,roundNum,Match_ID) VALUES ('Kill_ID_259','Player_ID_172','Phantom',5,'Match_ID_92');
INSERT INTO Killer(Kill_ID,Killer_ID,Weapon_ID,roundNum,Match_ID) VALUES ('Kill_ID_260','Player_ID_90','Vandal',8,'Match_ID_151');
INSERT INTO Killer(Kill_ID,Killer_ID,Weapon_ID,roundNum,Match_ID) VALUES ('Kill_ID_261','Player_ID_201','Odin',3,'Match_ID_205');
INSERT INTO Killer(Kill_ID,Killer_ID,Weapon_ID,roundNum,Match_ID) VALUES ('Kill_ID_262','Player_ID_50','Odin',8,'Match_ID_210');
INSERT INTO Killer(Kill_ID,Killer_ID,Weapon_ID,roundNum,Match_ID) VALUES ('Kill_ID_263','Player_ID_39','Spectre',1,'Match_ID_238');
INSERT INTO Killer(Kill_ID,Killer_ID,Weapon_ID,roundNum,Match_ID) VALUES ('Kill_ID_264','Player_ID_125','Classic',2,'Match_ID_49');
INSERT INTO Killer(Kill_ID,Killer_ID,Weapon_ID,roundNum,Match_ID) VALUES ('Kill_ID_265','Player_ID_66','Classic',5,'Match_ID_238');
INSERT INTO Killer(Kill_ID,Killer_ID,Weapon_ID,roundNum,Match_ID) VALUES ('Kill_ID_266','Player_ID_61','Ghost',8,'Match_ID_23');
INSERT INTO Killer(Kill_ID,Killer_ID,Weapon_ID,roundNum,Match_ID) VALUES ('Kill_ID_267','Player_ID_38','Bulldog',8,'Match_ID_209');
INSERT INTO Killer(Kill_ID,Killer_ID,Weapon_ID,roundNum,Match_ID) VALUES ('Kill_ID_268','Player_ID_103','Ghost',1,'Match_ID_105');
INSERT INTO Killer(Kill_ID,Killer_ID,Weapon_ID,roundNum,Match_ID) VALUES ('Kill_ID_269','Player_ID_112','Sheriff',4,'Match_ID_190');
INSERT INTO Killer(Kill_ID,Killer_ID,Weapon_ID,roundNum,Match_ID) VALUES ('Kill_ID_270','Player_ID_131','Odin',2,'Match_ID_227');
INSERT INTO Killer(Kill_ID,Killer_ID,Weapon_ID,roundNum,Match_ID) VALUES ('Kill_ID_271','Player_ID_121','Classic',8,'Match_ID_41');
INSERT INTO Killer(Kill_ID,Killer_ID,Weapon_ID,roundNum,Match_ID) VALUES ('Kill_ID_272','Player_ID_151','Bucky',5,'Match_ID_11');
INSERT INTO Killer(Kill_ID,Killer_ID,Weapon_ID,roundNum,Match_ID) VALUES ('Kill_ID_273','Player_ID_208','Sheriff',1,'Match_ID_50');
INSERT INTO Killer(Kill_ID,Killer_ID,Weapon_ID,roundNum,Match_ID) VALUES ('Kill_ID_274','Player_ID_48','Shorty',1,'Match_ID_7');
INSERT INTO Killer(Kill_ID,Killer_ID,Weapon_ID,roundNum,Match_ID) VALUES ('Kill_ID_275','Player_ID_179','Guardian',8,'Match_ID_3');
INSERT INTO Killer(Kill_ID,Killer_ID,Weapon_ID,roundNum,Match_ID) VALUES ('Kill_ID_276','Player_ID_29','Shorty',4,'Match_ID_168');
INSERT INTO Killer(Kill_ID,Killer_ID,Weapon_ID,roundNum,Match_ID) VALUES ('Kill_ID_277','Player_ID_182','Spectre',6,'Match_ID_234');
INSERT INTO Killer(Kill_ID,Killer_ID,Weapon_ID,roundNum,Match_ID) VALUES ('Kill_ID_278','Player_ID_34','Sheriff',8,'Match_ID_186');
INSERT INTO Killer(Kill_ID,Killer_ID,Weapon_ID,roundNum,Match_ID) VALUES ('Kill_ID_279','Player_ID_107','Sheriff',3,'Match_ID_177');
INSERT INTO Killer(Kill_ID,Killer_ID,Weapon_ID,roundNum,Match_ID) VALUES ('Kill_ID_280','Player_ID_219','Bulldog',6,'Match_ID_16');
INSERT INTO Killer(Kill_ID,Killer_ID,Weapon_ID,roundNum,Match_ID) VALUES ('Kill_ID_281','Player_ID_28','Odin',5,'Match_ID_110');
INSERT INTO Killer(Kill_ID,Killer_ID,Weapon_ID,roundNum,Match_ID) VALUES ('Kill_ID_282','Player_ID_194','Odin',5,'Match_ID_41');
INSERT INTO Killer(Kill_ID,Killer_ID,Weapon_ID,roundNum,Match_ID) VALUES ('Kill_ID_283','Player_ID_23','Marshal',7,'Match_ID_226');
INSERT INTO Killer(Kill_ID,Killer_ID,Weapon_ID,roundNum,Match_ID) VALUES ('Kill_ID_284','Player_ID_101','Classic',5,'Match_ID_97');
INSERT INTO Killer(Kill_ID,Killer_ID,Weapon_ID,roundNum,Match_ID) VALUES ('Kill_ID_285','Player_ID_211','Bulldog',6,'Match_ID_9');
INSERT INTO Killer(Kill_ID,Killer_ID,Weapon_ID,roundNum,Match_ID) VALUES ('Kill_ID_286','Player_ID_99','Bulldog',2,'Match_ID_40');
INSERT INTO Killer(Kill_ID,Killer_ID,Weapon_ID,roundNum,Match_ID) VALUES ('Kill_ID_287','Player_ID_86','Judge',3,'Match_ID_42');
INSERT INTO Killer(Kill_ID,Killer_ID,Weapon_ID,roundNum,Match_ID) VALUES ('Kill_ID_288','Player_ID_32','Vandal',7,'Match_ID_34');
INSERT INTO Killer(Kill_ID,Killer_ID,Weapon_ID,roundNum,Match_ID) VALUES ('Kill_ID_289','Player_ID_218','Marshal',6,'Match_ID_225');
INSERT INTO Killer(Kill_ID,Killer_ID,Weapon_ID,roundNum,Match_ID) VALUES ('Kill_ID_290','Player_ID_168','Classic',1,'Match_ID_197');
INSERT INTO Killer(Kill_ID,Killer_ID,Weapon_ID,roundNum,Match_ID) VALUES ('Kill_ID_291','Player_ID_56','Marshal',7,'Match_ID_211');
INSERT INTO Killer(Kill_ID,Killer_ID,Weapon_ID,roundNum,Match_ID) VALUES ('Kill_ID_292','Player_ID_175','Operator',2,'Match_ID_229');
INSERT INTO Killer(Kill_ID,Killer_ID,Weapon_ID,roundNum,Match_ID) VALUES ('Kill_ID_293','Player_ID_36','Classic',6,'Match_ID_148');
INSERT INTO Killer(Kill_ID,Killer_ID,Weapon_ID,roundNum,Match_ID) VALUES ('Kill_ID_294','Player_ID_120','Judge',4,'Match_ID_198');
INSERT INTO Killer(Kill_ID,Killer_ID,Weapon_ID,roundNum,Match_ID) VALUES ('Kill_ID_295','Player_ID_13','Sheriff',1,'Match_ID_48');
INSERT INTO Killer(Kill_ID,Killer_ID,Weapon_ID,roundNum,Match_ID) VALUES ('Kill_ID_296','Player_ID_20','Vandal',7,'Match_ID_102');
INSERT INTO Killer(Kill_ID,Killer_ID,Weapon_ID,roundNum,Match_ID) VALUES ('Kill_ID_297','Player_ID_220','Sheriff',2,'Match_ID_220');
INSERT INTO Killer(Kill_ID,Killer_ID,Weapon_ID,roundNum,Match_ID) VALUES ('Kill_ID_298','Player_ID_139','Frenzy',2,'Match_ID_221');
INSERT INTO Killer(Kill_ID,Killer_ID,Weapon_ID,roundNum,Match_ID) VALUES ('Kill_ID_299','Player_ID_36','Phantom',3,'Match_ID_163');
INSERT INTO Killer(Kill_ID,Killer_ID,Weapon_ID,roundNum,Match_ID) VALUES ('Kill_ID_300','Player_ID_182','Spectre',2,'Match_ID_196');
INSERT INTO Killer(Kill_ID,Killer_ID,Weapon_ID,roundNum,Match_ID) VALUES ('Kill_ID_301','Player_ID_6','Classic',3,'Match_ID_150');
INSERT INTO Killer(Kill_ID,Killer_ID,Weapon_ID,roundNum,Match_ID) VALUES ('Kill_ID_302','Player_ID_176','Classic',2,'Match_ID_24');
INSERT INTO Killer(Kill_ID,Killer_ID,Weapon_ID,roundNum,Match_ID) VALUES ('Kill_ID_303','Player_ID_211','Operator',8,'Match_ID_60');
INSERT INTO Killer(Kill_ID,Killer_ID,Weapon_ID,roundNum,Match_ID) VALUES ('Kill_ID_304','Player_ID_88','Bucky',1,'Match_ID_84');
INSERT INTO Killer(Kill_ID,Killer_ID,Weapon_ID,roundNum,Match_ID) VALUES ('Kill_ID_305','Player_ID_51','Phantom',3,'Match_ID_2');
INSERT INTO Killer(Kill_ID,Killer_ID,Weapon_ID,roundNum,Match_ID) VALUES ('Kill_ID_306','Player_ID_162','Operator',5,'Match_ID_208');
INSERT INTO Killer(Kill_ID,Killer_ID,Weapon_ID,roundNum,Match_ID) VALUES ('Kill_ID_307','Player_ID_214','Bulldog',8,'Match_ID_228');
INSERT INTO Killer(Kill_ID,Killer_ID,Weapon_ID,roundNum,Match_ID) VALUES ('Kill_ID_308','Player_ID_13','Sheriff',4,'Match_ID_61');
INSERT INTO Killer(Kill_ID,Killer_ID,Weapon_ID,roundNum,Match_ID) VALUES ('Kill_ID_309','Player_ID_203','Bulldog',3,'Match_ID_51');
INSERT INTO Killer(Kill_ID,Killer_ID,Weapon_ID,roundNum,Match_ID) VALUES ('Kill_ID_310','Player_ID_213','Judge',5,'Match_ID_65');
INSERT INTO Killer(Kill_ID,Killer_ID,Weapon_ID,roundNum,Match_ID) VALUES ('Kill_ID_311','Player_ID_58','Bucky',6,'Match_ID_153');
INSERT INTO Killer(Kill_ID,Killer_ID,Weapon_ID,roundNum,Match_ID) VALUES ('Kill_ID_312','Player_ID_9','Bucky',1,'Match_ID_250');
INSERT INTO Killer(Kill_ID,Killer_ID,Weapon_ID,roundNum,Match_ID) VALUES ('Kill_ID_313','Player_ID_122','Odin',7,'Match_ID_119');
INSERT INTO Killer(Kill_ID,Killer_ID,Weapon_ID,roundNum,Match_ID) VALUES ('Kill_ID_314','Player_ID_14','Bulldog',8,'Match_ID_84');
INSERT INTO Killer(Kill_ID,Killer_ID,Weapon_ID,roundNum,Match_ID) VALUES ('Kill_ID_315','Player_ID_225','Ghost',5,'Match_ID_227');
INSERT INTO Killer(Kill_ID,Killer_ID,Weapon_ID,roundNum,Match_ID) VALUES ('Kill_ID_316','Player_ID_49','Ghost',8,'Match_ID_227');
INSERT INTO Killer(Kill_ID,Killer_ID,Weapon_ID,roundNum,Match_ID) VALUES ('Kill_ID_317','Player_ID_89','Marshal',1,'Match_ID_68');
INSERT INTO Killer(Kill_ID,Killer_ID,Weapon_ID,roundNum,Match_ID) VALUES ('Kill_ID_318','Player_ID_68','Bucky',4,'Match_ID_74');
INSERT INTO Killer(Kill_ID,Killer_ID,Weapon_ID,roundNum,Match_ID) VALUES ('Kill_ID_319','Player_ID_129','Bucky',4,'Match_ID_179');
INSERT INTO Killer(Kill_ID,Killer_ID,Weapon_ID,roundNum,Match_ID) VALUES ('Kill_ID_320','Player_ID_110','Stinger',7,'Match_ID_246');
INSERT INTO Killer(Kill_ID,Killer_ID,Weapon_ID,roundNum,Match_ID) VALUES ('Kill_ID_321','Player_ID_70','Operator',5,'Match_ID_184');
INSERT INTO Killer(Kill_ID,Killer_ID,Weapon_ID,roundNum,Match_ID) VALUES ('Kill_ID_322','Player_ID_162','Phantom',7,'Match_ID_6');
INSERT INTO Killer(Kill_ID,Killer_ID,Weapon_ID,roundNum,Match_ID) VALUES ('Kill_ID_323','Player_ID_224','Stinger',5,'Match_ID_192');
INSERT INTO Killer(Kill_ID,Killer_ID,Weapon_ID,roundNum,Match_ID) VALUES ('Kill_ID_324','Player_ID_143','Ghost',5,'Match_ID_165');
INSERT INTO Killer(Kill_ID,Killer_ID,Weapon_ID,roundNum,Match_ID) VALUES ('Kill_ID_325','Player_ID_191','Ghost',6,'Match_ID_23');
INSERT INTO Killer(Kill_ID,Killer_ID,Weapon_ID,roundNum,Match_ID) VALUES ('Kill_ID_326','Player_ID_82','Judge',8,'Match_ID_88');
INSERT INTO Killer(Kill_ID,Killer_ID,Weapon_ID,roundNum,Match_ID) VALUES ('Kill_ID_327','Player_ID_168','Ghost',2,'Match_ID_41');
INSERT INTO Killer(Kill_ID,Killer_ID,Weapon_ID,roundNum,Match_ID) VALUES ('Kill_ID_328','Player_ID_18','Marshal',1,'Match_ID_20');
INSERT INTO Killer(Kill_ID,Killer_ID,Weapon_ID,roundNum,Match_ID) VALUES ('Kill_ID_329','Player_ID_143','Marshal',1,'Match_ID_112');
INSERT INTO Killer(Kill_ID,Killer_ID,Weapon_ID,roundNum,Match_ID) VALUES ('Kill_ID_330','Player_ID_98','Bulldog',1,'Match_ID_159');
INSERT INTO Killer(Kill_ID,Killer_ID,Weapon_ID,roundNum,Match_ID) VALUES ('Kill_ID_331','Player_ID_182','Bucky',1,'Match_ID_14');
INSERT INTO Killer(Kill_ID,Killer_ID,Weapon_ID,roundNum,Match_ID) VALUES ('Kill_ID_332','Player_ID_173','Bulldog',4,'Match_ID_101');
INSERT INTO Killer(Kill_ID,Killer_ID,Weapon_ID,roundNum,Match_ID) VALUES ('Kill_ID_333','Player_ID_58','Stinger',3,'Match_ID_63');
INSERT INTO Killer(Kill_ID,Killer_ID,Weapon_ID,roundNum,Match_ID) VALUES ('Kill_ID_334','Player_ID_147','Frenzy',6,'Match_ID_224');
INSERT INTO Killer(Kill_ID,Killer_ID,Weapon_ID,roundNum,Match_ID) VALUES ('Kill_ID_335','Player_ID_140','Sheriff',1,'Match_ID_214');
INSERT INTO Killer(Kill_ID,Killer_ID,Weapon_ID,roundNum,Match_ID) VALUES ('Kill_ID_336','Player_ID_132','Bucky',3,'Match_ID_35');
INSERT INTO Killer(Kill_ID,Killer_ID,Weapon_ID,roundNum,Match_ID) VALUES ('Kill_ID_337','Player_ID_133','Frenzy',3,'Match_ID_133');
INSERT INTO Killer(Kill_ID,Killer_ID,Weapon_ID,roundNum,Match_ID) VALUES ('Kill_ID_338','Player_ID_105','Marshal',2,'Match_ID_202');
INSERT INTO Killer(Kill_ID,Killer_ID,Weapon_ID,roundNum,Match_ID) VALUES ('Kill_ID_339','Player_ID_138','Shorty',6,'Match_ID_72');
INSERT INTO Killer(Kill_ID,Killer_ID,Weapon_ID,roundNum,Match_ID) VALUES ('Kill_ID_340','Player_ID_144','Guardian',3,'Match_ID_120');
INSERT INTO Killer(Kill_ID,Killer_ID,Weapon_ID,roundNum,Match_ID) VALUES ('Kill_ID_341','Player_ID_220','Operator',6,'Match_ID_228');
INSERT INTO Killer(Kill_ID,Killer_ID,Weapon_ID,roundNum,Match_ID) VALUES ('Kill_ID_342','Player_ID_51','Classic',4,'Match_ID_185');
INSERT INTO Killer(Kill_ID,Killer_ID,Weapon_ID,roundNum,Match_ID) VALUES ('Kill_ID_343','Player_ID_221','Sheriff',2,'Match_ID_134');
INSERT INTO Killer(Kill_ID,Killer_ID,Weapon_ID,roundNum,Match_ID) VALUES ('Kill_ID_344','Player_ID_84','Shorty',2,'Match_ID_144');
INSERT INTO Killer(Kill_ID,Killer_ID,Weapon_ID,roundNum,Match_ID) VALUES ('Kill_ID_345','Player_ID_129','Odin',2,'Match_ID_82');
INSERT INTO Killer(Kill_ID,Killer_ID,Weapon_ID,roundNum,Match_ID) VALUES ('Kill_ID_346','Player_ID_138','Operator',7,'Match_ID_41');
INSERT INTO Killer(Kill_ID,Killer_ID,Weapon_ID,roundNum,Match_ID) VALUES ('Kill_ID_347','Player_ID_35','Spectre',4,'Match_ID_137');
INSERT INTO Killer(Kill_ID,Killer_ID,Weapon_ID,roundNum,Match_ID) VALUES ('Kill_ID_348','Player_ID_33','Marshal',1,'Match_ID_16');
INSERT INTO Killer(Kill_ID,Killer_ID,Weapon_ID,roundNum,Match_ID) VALUES ('Kill_ID_349','Player_ID_73','Ghost',6,'Match_ID_197');
INSERT INTO Killer(Kill_ID,Killer_ID,Weapon_ID,roundNum,Match_ID) VALUES ('Kill_ID_350','Player_ID_62','Judge',3,'Match_ID_145');
INSERT INTO Killer(Kill_ID,Killer_ID,Weapon_ID,roundNum,Match_ID) VALUES ('Kill_ID_351','Player_ID_84','Classic',3,'Match_ID_129');
INSERT INTO Killer(Kill_ID,Killer_ID,Weapon_ID,roundNum,Match_ID) VALUES ('Kill_ID_352','Player_ID_213','Bulldog',2,'Match_ID_100');
INSERT INTO Killer(Kill_ID,Killer_ID,Weapon_ID,roundNum,Match_ID) VALUES ('Kill_ID_353','Player_ID_87','Marshal',2,'Match_ID_249');
INSERT INTO Killer(Kill_ID,Killer_ID,Weapon_ID,roundNum,Match_ID) VALUES ('Kill_ID_354','Player_ID_9','Classic',4,'Match_ID_109');
INSERT INTO Killer(Kill_ID,Killer_ID,Weapon_ID,roundNum,Match_ID) VALUES ('Kill_ID_355','Player_ID_29','Stinger',1,'Match_ID_44');
INSERT INTO Killer(Kill_ID,Killer_ID,Weapon_ID,roundNum,Match_ID) VALUES ('Kill_ID_356','Player_ID_106','Judge',3,'Match_ID_211');
INSERT INTO Killer(Kill_ID,Killer_ID,Weapon_ID,roundNum,Match_ID) VALUES ('Kill_ID_357','Player_ID_191','Sheriff',2,'Match_ID_175');
INSERT INTO Killer(Kill_ID,Killer_ID,Weapon_ID,roundNum,Match_ID) VALUES ('Kill_ID_358','Player_ID_156','Judge',8,'Match_ID_248');
INSERT INTO Killer(Kill_ID,Killer_ID,Weapon_ID,roundNum,Match_ID) VALUES ('Kill_ID_359','Player_ID_181','Shorty',8,'Match_ID_119');
INSERT INTO Killer(Kill_ID,Killer_ID,Weapon_ID,roundNum,Match_ID) VALUES ('Kill_ID_360','Player_ID_209','Odin',5,'Match_ID_232');
INSERT INTO Killer(Kill_ID,Killer_ID,Weapon_ID,roundNum,Match_ID) VALUES ('Kill_ID_361','Player_ID_53','Ghost',8,'Match_ID_112');
INSERT INTO Killer(Kill_ID,Killer_ID,Weapon_ID,roundNum,Match_ID) VALUES ('Kill_ID_362','Player_ID_9','Shorty',2,'Match_ID_104');
INSERT INTO Killer(Kill_ID,Killer_ID,Weapon_ID,roundNum,Match_ID) VALUES ('Kill_ID_363','Player_ID_52','Shorty',4,'Match_ID_9');
INSERT INTO Killer(Kill_ID,Killer_ID,Weapon_ID,roundNum,Match_ID) VALUES ('Kill_ID_364','Player_ID_33','Odin',6,'Match_ID_140');
INSERT INTO Killer(Kill_ID,Killer_ID,Weapon_ID,roundNum,Match_ID) VALUES ('Kill_ID_365','Player_ID_28','Ares',1,'Match_ID_186');
INSERT INTO Killer(Kill_ID,Killer_ID,Weapon_ID,roundNum,Match_ID) VALUES ('Kill_ID_366','Player_ID_40','Judge',3,'Match_ID_231');
INSERT INTO Killer(Kill_ID,Killer_ID,Weapon_ID,roundNum,Match_ID) VALUES ('Kill_ID_367','Player_ID_54','Guardian',4,'Match_ID_53');
INSERT INTO Killer(Kill_ID,Killer_ID,Weapon_ID,roundNum,Match_ID) VALUES ('Kill_ID_368','Player_ID_7','Vandal',6,'Match_ID_15');
INSERT INTO Killer(Kill_ID,Killer_ID,Weapon_ID,roundNum,Match_ID) VALUES ('Kill_ID_369','Player_ID_159','Ares',3,'Match_ID_135');
INSERT INTO Killer(Kill_ID,Killer_ID,Weapon_ID,roundNum,Match_ID) VALUES ('Kill_ID_370','Player_ID_26','Spectre',4,'Match_ID_122');
INSERT INTO Killer(Kill_ID,Killer_ID,Weapon_ID,roundNum,Match_ID) VALUES ('Kill_ID_371','Player_ID_192','Odin',4,'Match_ID_207');
INSERT INTO Killer(Kill_ID,Killer_ID,Weapon_ID,roundNum,Match_ID) VALUES ('Kill_ID_372','Player_ID_218','Sheriff',4,'Match_ID_86');
INSERT INTO Killer(Kill_ID,Killer_ID,Weapon_ID,roundNum,Match_ID) VALUES ('Kill_ID_373','Player_ID_6','Judge',6,'Match_ID_96');
INSERT INTO Killer(Kill_ID,Killer_ID,Weapon_ID,roundNum,Match_ID) VALUES ('Kill_ID_374','Player_ID_33','Vandal',5,'Match_ID_151');
INSERT INTO Killer(Kill_ID,Killer_ID,Weapon_ID,roundNum,Match_ID) VALUES ('Kill_ID_375','Player_ID_193','Sheriff',2,'Match_ID_79');
INSERT INTO Killer(Kill_ID,Killer_ID,Weapon_ID,roundNum,Match_ID) VALUES ('Kill_ID_376','Player_ID_9','Odin',7,'Match_ID_121');
INSERT INTO Killer(Kill_ID,Killer_ID,Weapon_ID,roundNum,Match_ID) VALUES ('Kill_ID_377','Player_ID_18','Phantom',1,'Match_ID_23');
INSERT INTO Killer(Kill_ID,Killer_ID,Weapon_ID,roundNum,Match_ID) VALUES ('Kill_ID_378','Player_ID_180','Stinger',1,'Match_ID_114');
INSERT INTO Killer(Kill_ID,Killer_ID,Weapon_ID,roundNum,Match_ID) VALUES ('Kill_ID_379','Player_ID_188','Guardian',2,'Match_ID_34');
INSERT INTO Killer(Kill_ID,Killer_ID,Weapon_ID,roundNum,Match_ID) VALUES ('Kill_ID_380','Player_ID_174','Judge',4,'Match_ID_197');
INSERT INTO Killer(Kill_ID,Killer_ID,Weapon_ID,roundNum,Match_ID) VALUES ('Kill_ID_381','Player_ID_159','Spectre',8,'Match_ID_104');
INSERT INTO Killer(Kill_ID,Killer_ID,Weapon_ID,roundNum,Match_ID) VALUES ('Kill_ID_382','Player_ID_126','Judge',1,'Match_ID_147');
INSERT INTO Killer(Kill_ID,Killer_ID,Weapon_ID,roundNum,Match_ID) VALUES ('Kill_ID_383','Player_ID_2','Guardian',4,'Match_ID_181');
INSERT INTO Killer(Kill_ID,Killer_ID,Weapon_ID,roundNum,Match_ID) VALUES ('Kill_ID_384','Player_ID_77','Judge',1,'Match_ID_17');
INSERT INTO Killer(Kill_ID,Killer_ID,Weapon_ID,roundNum,Match_ID) VALUES ('Kill_ID_385','Player_ID_210','Phantom',5,'Match_ID_158');
INSERT INTO Killer(Kill_ID,Killer_ID,Weapon_ID,roundNum,Match_ID) VALUES ('Kill_ID_386','Player_ID_23','Stinger',7,'Match_ID_146');
INSERT INTO Killer(Kill_ID,Killer_ID,Weapon_ID,roundNum,Match_ID) VALUES ('Kill_ID_387','Player_ID_81','Ghost',6,'Match_ID_170');
INSERT INTO Killer(Kill_ID,Killer_ID,Weapon_ID,roundNum,Match_ID) VALUES ('Kill_ID_388','Player_ID_65','Judge',6,'Match_ID_198');
INSERT INTO Killer(Kill_ID,Killer_ID,Weapon_ID,roundNum,Match_ID) VALUES ('Kill_ID_389','Player_ID_161','Ghost',2,'Match_ID_94');
INSERT INTO Killer(Kill_ID,Killer_ID,Weapon_ID,roundNum,Match_ID) VALUES ('Kill_ID_390','Player_ID_122','Ares',8,'Match_ID_191');
INSERT INTO Killer(Kill_ID,Killer_ID,Weapon_ID,roundNum,Match_ID) VALUES ('Kill_ID_391','Player_ID_181','Classic',1,'Match_ID_106');
INSERT INTO Killer(Kill_ID,Killer_ID,Weapon_ID,roundNum,Match_ID) VALUES ('Kill_ID_392','Player_ID_123','Odin',5,'Match_ID_160');
INSERT INTO Killer(Kill_ID,Killer_ID,Weapon_ID,roundNum,Match_ID) VALUES ('Kill_ID_393','Player_ID_119','Marshal',8,'Match_ID_138');
INSERT INTO Killer(Kill_ID,Killer_ID,Weapon_ID,roundNum,Match_ID) VALUES ('Kill_ID_394','Player_ID_49','Guardian',1,'Match_ID_83');
INSERT INTO Killer(Kill_ID,Killer_ID,Weapon_ID,roundNum,Match_ID) VALUES ('Kill_ID_395','Player_ID_177','Operator',7,'Match_ID_244');
INSERT INTO Killer(Kill_ID,Killer_ID,Weapon_ID,roundNum,Match_ID) VALUES ('Kill_ID_396','Player_ID_91','Classic',2,'Match_ID_198');
INSERT INTO Killer(Kill_ID,Killer_ID,Weapon_ID,roundNum,Match_ID) VALUES ('Kill_ID_397','Player_ID_128','Judge',5,'Match_ID_238');
INSERT INTO Killer(Kill_ID,Killer_ID,Weapon_ID,roundNum,Match_ID) VALUES ('Kill_ID_398','Player_ID_39','Marshal',5,'Match_ID_232');
INSERT INTO Killer(Kill_ID,Killer_ID,Weapon_ID,roundNum,Match_ID) VALUES ('Kill_ID_399','Player_ID_136','Ares',2,'Match_ID_162');
INSERT INTO Killer(Kill_ID,Killer_ID,Weapon_ID,roundNum,Match_ID) VALUES ('Kill_ID_400','Player_ID_157','Marshal',2,'Match_ID_100');
INSERT INTO Killer(Kill_ID,Killer_ID,Weapon_ID,roundNum,Match_ID) VALUES ('Kill_ID_401','Player_ID_206','Spectre',2,'Match_ID_123');
INSERT INTO Killer(Kill_ID,Killer_ID,Weapon_ID,roundNum,Match_ID) VALUES ('Kill_ID_402','Player_ID_172','Bulldog',2,'Match_ID_107');
INSERT INTO Killer(Kill_ID,Killer_ID,Weapon_ID,roundNum,Match_ID) VALUES ('Kill_ID_403','Player_ID_148','Classic',4,'Match_ID_218');
INSERT INTO Killer(Kill_ID,Killer_ID,Weapon_ID,roundNum,Match_ID) VALUES ('Kill_ID_404','Player_ID_153','Bucky',8,'Match_ID_170');
INSERT INTO Killer(Kill_ID,Killer_ID,Weapon_ID,roundNum,Match_ID) VALUES ('Kill_ID_405','Player_ID_6','Marshal',1,'Match_ID_13');
INSERT INTO Killer(Kill_ID,Killer_ID,Weapon_ID,roundNum,Match_ID) VALUES ('Kill_ID_406','Player_ID_46','Spectre',3,'Match_ID_55');
INSERT INTO Killer(Kill_ID,Killer_ID,Weapon_ID,roundNum,Match_ID) VALUES ('Kill_ID_407','Player_ID_114','Phantom',5,'Match_ID_174');
INSERT INTO Killer(Kill_ID,Killer_ID,Weapon_ID,roundNum,Match_ID) VALUES ('Kill_ID_408','Player_ID_97','Phantom',7,'Match_ID_230');
INSERT INTO Killer(Kill_ID,Killer_ID,Weapon_ID,roundNum,Match_ID) VALUES ('Kill_ID_409','Player_ID_49','Stinger',8,'Match_ID_45');
INSERT INTO Killer(Kill_ID,Killer_ID,Weapon_ID,roundNum,Match_ID) VALUES ('Kill_ID_410','Player_ID_212','Stinger',5,'Match_ID_222');
INSERT INTO Killer(Kill_ID,Killer_ID,Weapon_ID,roundNum,Match_ID) VALUES ('Kill_ID_411','Player_ID_51','Bucky',7,'Match_ID_192');
INSERT INTO Killer(Kill_ID,Killer_ID,Weapon_ID,roundNum,Match_ID) VALUES ('Kill_ID_412','Player_ID_41','Bucky',5,'Match_ID_191');
INSERT INTO Killer(Kill_ID,Killer_ID,Weapon_ID,roundNum,Match_ID) VALUES ('Kill_ID_413','Player_ID_59','Frenzy',8,'Match_ID_162');
INSERT INTO Killer(Kill_ID,Killer_ID,Weapon_ID,roundNum,Match_ID) VALUES ('Kill_ID_414','Player_ID_48','Phantom',6,'Match_ID_6');
INSERT INTO Killer(Kill_ID,Killer_ID,Weapon_ID,roundNum,Match_ID) VALUES ('Kill_ID_415','Player_ID_145','Stinger',6,'Match_ID_193');
INSERT INTO Killer(Kill_ID,Killer_ID,Weapon_ID,roundNum,Match_ID) VALUES ('Kill_ID_416','Player_ID_212','Ghost',8,'Match_ID_76');
INSERT INTO Killer(Kill_ID,Killer_ID,Weapon_ID,roundNum,Match_ID) VALUES ('Kill_ID_417','Player_ID_216','Judge',3,'Match_ID_184');
INSERT INTO Killer(Kill_ID,Killer_ID,Weapon_ID,roundNum,Match_ID) VALUES ('Kill_ID_418','Player_ID_170','Bulldog',8,'Match_ID_66');
INSERT INTO Killer(Kill_ID,Killer_ID,Weapon_ID,roundNum,Match_ID) VALUES ('Kill_ID_419','Player_ID_12','Phantom',3,'Match_ID_33');
INSERT INTO Killer(Kill_ID,Killer_ID,Weapon_ID,roundNum,Match_ID) VALUES ('Kill_ID_420','Player_ID_166','Bulldog',8,'Match_ID_68');
INSERT INTO Killer(Kill_ID,Killer_ID,Weapon_ID,roundNum,Match_ID) VALUES ('Kill_ID_421','Player_ID_30','Bulldog',7,'Match_ID_125');
INSERT INTO Killer(Kill_ID,Killer_ID,Weapon_ID,roundNum,Match_ID) VALUES ('Kill_ID_422','Player_ID_31','Guardian',4,'Match_ID_106');
INSERT INTO Killer(Kill_ID,Killer_ID,Weapon_ID,roundNum,Match_ID) VALUES ('Kill_ID_423','Player_ID_52','Judge',4,'Match_ID_229');
INSERT INTO Killer(Kill_ID,Killer_ID,Weapon_ID,roundNum,Match_ID) VALUES ('Kill_ID_424','Player_ID_43','Frenzy',6,'Match_ID_21');
INSERT INTO Killer(Kill_ID,Killer_ID,Weapon_ID,roundNum,Match_ID) VALUES ('Kill_ID_425','Player_ID_32','Shorty',4,'Match_ID_212');
INSERT INTO Killer(Kill_ID,Killer_ID,Weapon_ID,roundNum,Match_ID) VALUES ('Kill_ID_426','Player_ID_126','Guardian',8,'Match_ID_114');
INSERT INTO Killer(Kill_ID,Killer_ID,Weapon_ID,roundNum,Match_ID) VALUES ('Kill_ID_427','Player_ID_117','Stinger',3,'Match_ID_209');
INSERT INTO Killer(Kill_ID,Killer_ID,Weapon_ID,roundNum,Match_ID) VALUES ('Kill_ID_428','Player_ID_37','Ghost',1,'Match_ID_160');
INSERT INTO Killer(Kill_ID,Killer_ID,Weapon_ID,roundNum,Match_ID) VALUES ('Kill_ID_429','Player_ID_157','Judge',7,'Match_ID_175');
INSERT INTO Killer(Kill_ID,Killer_ID,Weapon_ID,roundNum,Match_ID) VALUES ('Kill_ID_430','Player_ID_68','Marshal',5,'Match_ID_195');
INSERT INTO Killer(Kill_ID,Killer_ID,Weapon_ID,roundNum,Match_ID) VALUES ('Kill_ID_431','Player_ID_79','Stinger',4,'Match_ID_197');
INSERT INTO Killer(Kill_ID,Killer_ID,Weapon_ID,roundNum,Match_ID) VALUES ('Kill_ID_432','Player_ID_206','Bulldog',3,'Match_ID_68');
INSERT INTO Killer(Kill_ID,Killer_ID,Weapon_ID,roundNum,Match_ID) VALUES ('Kill_ID_433','Player_ID_56','Vandal',3,'Match_ID_115');
INSERT INTO Killer(Kill_ID,Killer_ID,Weapon_ID,roundNum,Match_ID) VALUES ('Kill_ID_434','Player_ID_45','Ghost',5,'Match_ID_1');
INSERT INTO Killer(Kill_ID,Killer_ID,Weapon_ID,roundNum,Match_ID) VALUES ('Kill_ID_435','Player_ID_120','Phantom',8,'Match_ID_58');
INSERT INTO Killer(Kill_ID,Killer_ID,Weapon_ID,roundNum,Match_ID) VALUES ('Kill_ID_436','Player_ID_187','Classic',8,'Match_ID_159');
INSERT INTO Killer(Kill_ID,Killer_ID,Weapon_ID,roundNum,Match_ID) VALUES ('Kill_ID_437','Player_ID_66','Phantom',8,'Match_ID_211');
INSERT INTO Killer(Kill_ID,Killer_ID,Weapon_ID,roundNum,Match_ID) VALUES ('Kill_ID_438','Player_ID_168','Shorty',5,'Match_ID_42');
INSERT INTO Killer(Kill_ID,Killer_ID,Weapon_ID,roundNum,Match_ID) VALUES ('Kill_ID_439','Player_ID_139','Classic',8,'Match_ID_230');
INSERT INTO Killer(Kill_ID,Killer_ID,Weapon_ID,roundNum,Match_ID) VALUES ('Kill_ID_440','Player_ID_87','Guardian',4,'Match_ID_247');
INSERT INTO Killer(Kill_ID,Killer_ID,Weapon_ID,roundNum,Match_ID) VALUES ('Kill_ID_441','Player_ID_225','Marshal',6,'Match_ID_70');
INSERT INTO Killer(Kill_ID,Killer_ID,Weapon_ID,roundNum,Match_ID) VALUES ('Kill_ID_442','Player_ID_223','Ares',6,'Match_ID_236');
INSERT INTO Killer(Kill_ID,Killer_ID,Weapon_ID,roundNum,Match_ID) VALUES ('Kill_ID_443','Player_ID_93','Phantom',3,'Match_ID_81');
INSERT INTO Killer(Kill_ID,Killer_ID,Weapon_ID,roundNum,Match_ID) VALUES ('Kill_ID_444','Player_ID_69','Phantom',6,'Match_ID_183');
INSERT INTO Killer(Kill_ID,Killer_ID,Weapon_ID,roundNum,Match_ID) VALUES ('Kill_ID_445','Player_ID_47','Guardian',4,'Match_ID_173');
INSERT INTO Killer(Kill_ID,Killer_ID,Weapon_ID,roundNum,Match_ID) VALUES ('Kill_ID_446','Player_ID_219','Stinger',8,'Match_ID_216');
INSERT INTO Killer(Kill_ID,Killer_ID,Weapon_ID,roundNum,Match_ID) VALUES ('Kill_ID_447','Player_ID_117','Vandal',1,'Match_ID_13');
INSERT INTO Killer(Kill_ID,Killer_ID,Weapon_ID,roundNum,Match_ID) VALUES ('Kill_ID_448','Player_ID_59','Bulldog',1,'Match_ID_84');
INSERT INTO Killer(Kill_ID,Killer_ID,Weapon_ID,roundNum,Match_ID) VALUES ('Kill_ID_449','Player_ID_216','Bucky',6,'Match_ID_43');
INSERT INTO Killer(Kill_ID,Killer_ID,Weapon_ID,roundNum,Match_ID) VALUES ('Kill_ID_450','Player_ID_57','Marshal',5,'Match_ID_212');
INSERT INTO Killer(Kill_ID,Killer_ID,Weapon_ID,roundNum,Match_ID) VALUES ('Kill_ID_451','Player_ID_217','Vandal',4,'Match_ID_166');
INSERT INTO Killer(Kill_ID,Killer_ID,Weapon_ID,roundNum,Match_ID) VALUES ('Kill_ID_452','Player_ID_145','Ares',4,'Match_ID_161');
INSERT INTO Killer(Kill_ID,Killer_ID,Weapon_ID,roundNum,Match_ID) VALUES ('Kill_ID_453','Player_ID_107','Ghost',2,'Match_ID_112');
INSERT INTO Killer(Kill_ID,Killer_ID,Weapon_ID,roundNum,Match_ID) VALUES ('Kill_ID_454','Player_ID_7','Guardian',8,'Match_ID_166');
INSERT INTO Killer(Kill_ID,Killer_ID,Weapon_ID,roundNum,Match_ID) VALUES ('Kill_ID_455','Player_ID_160','Guardian',6,'Match_ID_207');
INSERT INTO Killer(Kill_ID,Killer_ID,Weapon_ID,roundNum,Match_ID) VALUES ('Kill_ID_456','Player_ID_60','Classic',8,'Match_ID_93');
INSERT INTO Killer(Kill_ID,Killer_ID,Weapon_ID,roundNum,Match_ID) VALUES ('Kill_ID_457','Player_ID_81','Classic',1,'Match_ID_91');
INSERT INTO Killer(Kill_ID,Killer_ID,Weapon_ID,roundNum,Match_ID) VALUES ('Kill_ID_458','Player_ID_171','Odin',1,'Match_ID_150');
INSERT INTO Killer(Kill_ID,Killer_ID,Weapon_ID,roundNum,Match_ID) VALUES ('Kill_ID_459','Player_ID_26','Bulldog',8,'Match_ID_55');
INSERT INTO Killer(Kill_ID,Killer_ID,Weapon_ID,roundNum,Match_ID) VALUES ('Kill_ID_460','Player_ID_63','Vandal',4,'Match_ID_115');
INSERT INTO Killer(Kill_ID,Killer_ID,Weapon_ID,roundNum,Match_ID) VALUES ('Kill_ID_461','Player_ID_185','Odin',6,'Match_ID_164');
INSERT INTO Killer(Kill_ID,Killer_ID,Weapon_ID,roundNum,Match_ID) VALUES ('Kill_ID_462','Player_ID_82','Marshal',6,'Match_ID_21');
INSERT INTO Killer(Kill_ID,Killer_ID,Weapon_ID,roundNum,Match_ID) VALUES ('Kill_ID_463','Player_ID_6','Spectre',3,'Match_ID_97');
INSERT INTO Killer(Kill_ID,Killer_ID,Weapon_ID,roundNum,Match_ID) VALUES ('Kill_ID_464','Player_ID_82','Frenzy',2,'Match_ID_242');
INSERT INTO Killer(Kill_ID,Killer_ID,Weapon_ID,roundNum,Match_ID) VALUES ('Kill_ID_465','Player_ID_137','Phantom',3,'Match_ID_204');
INSERT INTO Killer(Kill_ID,Killer_ID,Weapon_ID,roundNum,Match_ID) VALUES ('Kill_ID_466','Player_ID_221','Ghost',8,'Match_ID_40');
INSERT INTO Killer(Kill_ID,Killer_ID,Weapon_ID,roundNum,Match_ID) VALUES ('Kill_ID_467','Player_ID_111','Bulldog',2,'Match_ID_41');
INSERT INTO Killer(Kill_ID,Killer_ID,Weapon_ID,roundNum,Match_ID) VALUES ('Kill_ID_468','Player_ID_85','Odin',6,'Match_ID_193');
INSERT INTO Killer(Kill_ID,Killer_ID,Weapon_ID,roundNum,Match_ID) VALUES ('Kill_ID_469','Player_ID_14','Ares',2,'Match_ID_218');
INSERT INTO Killer(Kill_ID,Killer_ID,Weapon_ID,roundNum,Match_ID) VALUES ('Kill_ID_470','Player_ID_31','Stinger',2,'Match_ID_129');
INSERT INTO Killer(Kill_ID,Killer_ID,Weapon_ID,roundNum,Match_ID) VALUES ('Kill_ID_471','Player_ID_22','Stinger',6,'Match_ID_175');
INSERT INTO Killer(Kill_ID,Killer_ID,Weapon_ID,roundNum,Match_ID) VALUES ('Kill_ID_472','Player_ID_76','Bucky',3,'Match_ID_179');
INSERT INTO Killer(Kill_ID,Killer_ID,Weapon_ID,roundNum,Match_ID) VALUES ('Kill_ID_473','Player_ID_32','Judge',2,'Match_ID_250');
INSERT INTO Killer(Kill_ID,Killer_ID,Weapon_ID,roundNum,Match_ID) VALUES ('Kill_ID_474','Player_ID_29','Marshal',7,'Match_ID_128');
INSERT INTO Killer(Kill_ID,Killer_ID,Weapon_ID,roundNum,Match_ID) VALUES ('Kill_ID_475','Player_ID_27','Phantom',1,'Match_ID_165');
INSERT INTO Killer(Kill_ID,Killer_ID,Weapon_ID,roundNum,Match_ID) VALUES ('Kill_ID_476','Player_ID_10','Bucky',7,'Match_ID_25');
INSERT INTO Killer(Kill_ID,Killer_ID,Weapon_ID,roundNum,Match_ID) VALUES ('Kill_ID_477','Player_ID_90','Spectre',5,'Match_ID_6');
INSERT INTO Killer(Kill_ID,Killer_ID,Weapon_ID,roundNum,Match_ID) VALUES ('Kill_ID_478','Player_ID_40','Bulldog',8,'Match_ID_174');
INSERT INTO Killer(Kill_ID,Killer_ID,Weapon_ID,roundNum,Match_ID) VALUES ('Kill_ID_479','Player_ID_144','Ares',7,'Match_ID_44');
INSERT INTO Killer(Kill_ID,Killer_ID,Weapon_ID,roundNum,Match_ID) VALUES ('Kill_ID_480','Player_ID_164','Classic',7,'Match_ID_182');
INSERT INTO Killer(Kill_ID,Killer_ID,Weapon_ID,roundNum,Match_ID) VALUES ('Kill_ID_481','Player_ID_13','Spectre',1,'Match_ID_144');
INSERT INTO Killer(Kill_ID,Killer_ID,Weapon_ID,roundNum,Match_ID) VALUES ('Kill_ID_482','Player_ID_124','Stinger',6,'Match_ID_42');
INSERT INTO Killer(Kill_ID,Killer_ID,Weapon_ID,roundNum,Match_ID) VALUES ('Kill_ID_483','Player_ID_58','Classic',1,'Match_ID_4');
INSERT INTO Killer(Kill_ID,Killer_ID,Weapon_ID,roundNum,Match_ID) VALUES ('Kill_ID_484','Player_ID_225','Phantom',3,'Match_ID_151');
INSERT INTO Killer(Kill_ID,Killer_ID,Weapon_ID,roundNum,Match_ID) VALUES ('Kill_ID_485','Player_ID_90','Vandal',8,'Match_ID_101');
INSERT INTO Killer(Kill_ID,Killer_ID,Weapon_ID,roundNum,Match_ID) VALUES ('Kill_ID_486','Player_ID_134','Stinger',4,'Match_ID_194');
INSERT INTO Killer(Kill_ID,Killer_ID,Weapon_ID,roundNum,Match_ID) VALUES ('Kill_ID_487','Player_ID_127','Frenzy',4,'Match_ID_236');
INSERT INTO Killer(Kill_ID,Killer_ID,Weapon_ID,roundNum,Match_ID) VALUES ('Kill_ID_488','Player_ID_124','Operator',2,'Match_ID_176');
INSERT INTO Killer(Kill_ID,Killer_ID,Weapon_ID,roundNum,Match_ID) VALUES ('Kill_ID_489','Player_ID_67','Phantom',3,'Match_ID_102');
INSERT INTO Killer(Kill_ID,Killer_ID,Weapon_ID,roundNum,Match_ID) VALUES ('Kill_ID_490','Player_ID_109','Ares',5,'Match_ID_196');
INSERT INTO Killer(Kill_ID,Killer_ID,Weapon_ID,roundNum,Match_ID) VALUES ('Kill_ID_491','Player_ID_85','Bucky',6,'Match_ID_184');
INSERT INTO Killer(Kill_ID,Killer_ID,Weapon_ID,roundNum,Match_ID) VALUES ('Kill_ID_492','Player_ID_149','Bulldog',2,'Match_ID_24');
INSERT INTO Killer(Kill_ID,Killer_ID,Weapon_ID,roundNum,Match_ID) VALUES ('Kill_ID_493','Player_ID_56','Judge',2,'Match_ID_197');
INSERT INTO Killer(Kill_ID,Killer_ID,Weapon_ID,roundNum,Match_ID) VALUES ('Kill_ID_494','Player_ID_68','Shorty',2,'Match_ID_132');
INSERT INTO Killer(Kill_ID,Killer_ID,Weapon_ID,roundNum,Match_ID) VALUES ('Kill_ID_495','Player_ID_11','Ares',1,'Match_ID_195');
INSERT INTO Killer(Kill_ID,Killer_ID,Weapon_ID,roundNum,Match_ID) VALUES ('Kill_ID_496','Player_ID_206','Shorty',4,'Match_ID_148');
INSERT INTO Killer(Kill_ID,Killer_ID,Weapon_ID,roundNum,Match_ID) VALUES ('Kill_ID_497','Player_ID_137','Judge',7,'Match_ID_97');
INSERT INTO Killer(Kill_ID,Killer_ID,Weapon_ID,roundNum,Match_ID) VALUES ('Kill_ID_498','Player_ID_7','Vandal',2,'Match_ID_11');
INSERT INTO Killer(Kill_ID,Killer_ID,Weapon_ID,roundNum,Match_ID) VALUES ('Kill_ID_499','Player_ID_92','Shorty',5,'Match_ID_229');
INSERT INTO Killer(Kill_ID,Killer_ID,Weapon_ID,roundNum,Match_ID) VALUES ('Kill_ID_500','Player_ID_184','Ghost',4,'Match_ID_17');
INSERT INTO Killer(Kill_ID,Killer_ID,Weapon_ID,roundNum,Match_ID) VALUES ('Kill_ID_501','Player_ID_178','Odin',6,'Match_ID_42');
INSERT INTO Killer(Kill_ID,Killer_ID,Weapon_ID,roundNum,Match_ID) VALUES ('Kill_ID_502','Player_ID_177','Sheriff',3,'Match_ID_9');
INSERT INTO Killer(Kill_ID,Killer_ID,Weapon_ID,roundNum,Match_ID) VALUES ('Kill_ID_503','Player_ID_66','Phantom',8,'Match_ID_214');
INSERT INTO Killer(Kill_ID,Killer_ID,Weapon_ID,roundNum,Match_ID) VALUES ('Kill_ID_504','Player_ID_169','Vandal',3,'Match_ID_249');
INSERT INTO Killer(Kill_ID,Killer_ID,Weapon_ID,roundNum,Match_ID) VALUES ('Kill_ID_505','Player_ID_213','Marshal',2,'Match_ID_227');
INSERT INTO Killer(Kill_ID,Killer_ID,Weapon_ID,roundNum,Match_ID) VALUES ('Kill_ID_506','Player_ID_37','Marshal',6,'Match_ID_234');
INSERT INTO Killer(Kill_ID,Killer_ID,Weapon_ID,roundNum,Match_ID) VALUES ('Kill_ID_507','Player_ID_202','Odin',3,'Match_ID_53');
INSERT INTO Killer(Kill_ID,Killer_ID,Weapon_ID,roundNum,Match_ID) VALUES ('Kill_ID_508','Player_ID_12','Shorty',7,'Match_ID_75');
INSERT INTO Killer(Kill_ID,Killer_ID,Weapon_ID,roundNum,Match_ID) VALUES ('Kill_ID_509','Player_ID_136','Sheriff',7,'Match_ID_220');
INSERT INTO Killer(Kill_ID,Killer_ID,Weapon_ID,roundNum,Match_ID) VALUES ('Kill_ID_510','Player_ID_223','Vandal',3,'Match_ID_107');
INSERT INTO Killer(Kill_ID,Killer_ID,Weapon_ID,roundNum,Match_ID) VALUES ('Kill_ID_511','Player_ID_141','Spectre',2,'Match_ID_89');
INSERT INTO Killer(Kill_ID,Killer_ID,Weapon_ID,roundNum,Match_ID) VALUES ('Kill_ID_512','Player_ID_43','Ares',5,'Match_ID_221');
INSERT INTO Killer(Kill_ID,Killer_ID,Weapon_ID,roundNum,Match_ID) VALUES ('Kill_ID_513','Player_ID_23','Spectre',2,'Match_ID_49');
INSERT INTO Killer(Kill_ID,Killer_ID,Weapon_ID,roundNum,Match_ID) VALUES ('Kill_ID_514','Player_ID_213','Frenzy',1,'Match_ID_123');
INSERT INTO Killer(Kill_ID,Killer_ID,Weapon_ID,roundNum,Match_ID) VALUES ('Kill_ID_515','Player_ID_220','Judge',6,'Match_ID_242');
INSERT INTO Killer(Kill_ID,Killer_ID,Weapon_ID,roundNum,Match_ID) VALUES ('Kill_ID_516','Player_ID_59','Frenzy',3,'Match_ID_223');
INSERT INTO Killer(Kill_ID,Killer_ID,Weapon_ID,roundNum,Match_ID) VALUES ('Kill_ID_517','Player_ID_78','Frenzy',1,'Match_ID_35');
INSERT INTO Killer(Kill_ID,Killer_ID,Weapon_ID,roundNum,Match_ID) VALUES ('Kill_ID_518','Player_ID_9','Marshal',1,'Match_ID_122');
INSERT INTO Killer(Kill_ID,Killer_ID,Weapon_ID,roundNum,Match_ID) VALUES ('Kill_ID_519','Player_ID_76','Odin',7,'Match_ID_15');
INSERT INTO Killer(Kill_ID,Killer_ID,Weapon_ID,roundNum,Match_ID) VALUES ('Kill_ID_520','Player_ID_12','Marshal',1,'Match_ID_211');
INSERT INTO Killer(Kill_ID,Killer_ID,Weapon_ID,roundNum,Match_ID) VALUES ('Kill_ID_521','Player_ID_162','Marshal',2,'Match_ID_204');
INSERT INTO Killer(Kill_ID,Killer_ID,Weapon_ID,roundNum,Match_ID) VALUES ('Kill_ID_522','Player_ID_76','Ares',8,'Match_ID_155');
INSERT INTO Killer(Kill_ID,Killer_ID,Weapon_ID,roundNum,Match_ID) VALUES ('Kill_ID_523','Player_ID_183','Vandal',1,'Match_ID_124');
INSERT INTO Killer(Kill_ID,Killer_ID,Weapon_ID,roundNum,Match_ID) VALUES ('Kill_ID_524','Player_ID_52','Frenzy',5,'Match_ID_108');
INSERT INTO Killer(Kill_ID,Killer_ID,Weapon_ID,roundNum,Match_ID) VALUES ('Kill_ID_525','Player_ID_218','Frenzy',7,'Match_ID_45');
INSERT INTO Killer(Kill_ID,Killer_ID,Weapon_ID,roundNum,Match_ID) VALUES ('Kill_ID_526','Player_ID_194','Ares',4,'Match_ID_175');
INSERT INTO Killer(Kill_ID,Killer_ID,Weapon_ID,roundNum,Match_ID) VALUES ('Kill_ID_527','Player_ID_12','Stinger',2,'Match_ID_172');
INSERT INTO Killer(Kill_ID,Killer_ID,Weapon_ID,roundNum,Match_ID) VALUES ('Kill_ID_528','Player_ID_212','Shorty',4,'Match_ID_114');
INSERT INTO Killer(Kill_ID,Killer_ID,Weapon_ID,roundNum,Match_ID) VALUES ('Kill_ID_529','Player_ID_82','Bucky',4,'Match_ID_80');
INSERT INTO Killer(Kill_ID,Killer_ID,Weapon_ID,roundNum,Match_ID) VALUES ('Kill_ID_530','Player_ID_83','Guardian',3,'Match_ID_3');
INSERT INTO Killer(Kill_ID,Killer_ID,Weapon_ID,roundNum,Match_ID) VALUES ('Kill_ID_531','Player_ID_54','Judge',2,'Match_ID_57');
INSERT INTO Killer(Kill_ID,Killer_ID,Weapon_ID,roundNum,Match_ID) VALUES ('Kill_ID_532','Player_ID_115','Marshal',8,'Match_ID_45');
INSERT INTO Killer(Kill_ID,Killer_ID,Weapon_ID,roundNum,Match_ID) VALUES ('Kill_ID_533','Player_ID_159','Guardian',5,'Match_ID_61');
INSERT INTO Killer(Kill_ID,Killer_ID,Weapon_ID,roundNum,Match_ID) VALUES ('Kill_ID_534','Player_ID_102','Marshal',5,'Match_ID_148');
INSERT INTO Killer(Kill_ID,Killer_ID,Weapon_ID,roundNum,Match_ID) VALUES ('Kill_ID_535','Player_ID_122','Ares',7,'Match_ID_246');
INSERT INTO Killer(Kill_ID,Killer_ID,Weapon_ID,roundNum,Match_ID) VALUES ('Kill_ID_536','Player_ID_37','Stinger',2,'Match_ID_141');
INSERT INTO Killer(Kill_ID,Killer_ID,Weapon_ID,roundNum,Match_ID) VALUES ('Kill_ID_537','Player_ID_99','Spectre',3,'Match_ID_156');
INSERT INTO Killer(Kill_ID,Killer_ID,Weapon_ID,roundNum,Match_ID) VALUES ('Kill_ID_538','Player_ID_58','Odin',6,'Match_ID_141');
INSERT INTO Killer(Kill_ID,Killer_ID,Weapon_ID,roundNum,Match_ID) VALUES ('Kill_ID_539','Player_ID_183','Stinger',4,'Match_ID_113');
INSERT INTO Killer(Kill_ID,Killer_ID,Weapon_ID,roundNum,Match_ID) VALUES ('Kill_ID_540','Player_ID_115','Shorty',3,'Match_ID_167');
INSERT INTO Killer(Kill_ID,Killer_ID,Weapon_ID,roundNum,Match_ID) VALUES ('Kill_ID_541','Player_ID_175','Ares',6,'Match_ID_130');
INSERT INTO Killer(Kill_ID,Killer_ID,Weapon_ID,roundNum,Match_ID) VALUES ('Kill_ID_542','Player_ID_219','Ghost',7,'Match_ID_119');
INSERT INTO Killer(Kill_ID,Killer_ID,Weapon_ID,roundNum,Match_ID) VALUES ('Kill_ID_543','Player_ID_34','Marshal',1,'Match_ID_77');
INSERT INTO Killer(Kill_ID,Killer_ID,Weapon_ID,roundNum,Match_ID) VALUES ('Kill_ID_544','Player_ID_179','Operator',4,'Match_ID_103');
INSERT INTO Killer(Kill_ID,Killer_ID,Weapon_ID,roundNum,Match_ID) VALUES ('Kill_ID_545','Player_ID_70','Odin',6,'Match_ID_61');
INSERT INTO Killer(Kill_ID,Killer_ID,Weapon_ID,roundNum,Match_ID) VALUES ('Kill_ID_546','Player_ID_122','Phantom',8,'Match_ID_16');
INSERT INTO Killer(Kill_ID,Killer_ID,Weapon_ID,roundNum,Match_ID) VALUES ('Kill_ID_547','Player_ID_194','Phantom',4,'Match_ID_164');
INSERT INTO Killer(Kill_ID,Killer_ID,Weapon_ID,roundNum,Match_ID) VALUES ('Kill_ID_548','Player_ID_46','Frenzy',2,'Match_ID_24');
INSERT INTO Killer(Kill_ID,Killer_ID,Weapon_ID,roundNum,Match_ID) VALUES ('Kill_ID_549','Player_ID_149','Frenzy',5,'Match_ID_99');
INSERT INTO Killer(Kill_ID,Killer_ID,Weapon_ID,roundNum,Match_ID) VALUES ('Kill_ID_550','Player_ID_175','Judge',1,'Match_ID_115');
INSERT INTO Killer(Kill_ID,Killer_ID,Weapon_ID,roundNum,Match_ID) VALUES ('Kill_ID_551','Player_ID_101','Marshal',6,'Match_ID_180');
INSERT INTO Killer(Kill_ID,Killer_ID,Weapon_ID,roundNum,Match_ID) VALUES ('Kill_ID_552','Player_ID_164','Judge',3,'Match_ID_61');
INSERT INTO Killer(Kill_ID,Killer_ID,Weapon_ID,roundNum,Match_ID) VALUES ('Kill_ID_553','Player_ID_139','Ares',3,'Match_ID_144');
INSERT INTO Killer(Kill_ID,Killer_ID,Weapon_ID,roundNum,Match_ID) VALUES ('Kill_ID_554','Player_ID_200','Guardian',4,'Match_ID_80');
INSERT INTO Killer(Kill_ID,Killer_ID,Weapon_ID,roundNum,Match_ID) VALUES ('Kill_ID_555','Player_ID_119','Bulldog',6,'Match_ID_92');
INSERT INTO Killer(Kill_ID,Killer_ID,Weapon_ID,roundNum,Match_ID) VALUES ('Kill_ID_556','Player_ID_8','Odin',2,'Match_ID_36');
INSERT INTO Killer(Kill_ID,Killer_ID,Weapon_ID,roundNum,Match_ID) VALUES ('Kill_ID_557','Player_ID_200','Sheriff',6,'Match_ID_96');
INSERT INTO Killer(Kill_ID,Killer_ID,Weapon_ID,roundNum,Match_ID) VALUES ('Kill_ID_558','Player_ID_146','Spectre',1,'Match_ID_108');
INSERT INTO Killer(Kill_ID,Killer_ID,Weapon_ID,roundNum,Match_ID) VALUES ('Kill_ID_559','Player_ID_162','Ghost',5,'Match_ID_179');
INSERT INTO Killer(Kill_ID,Killer_ID,Weapon_ID,roundNum,Match_ID) VALUES ('Kill_ID_560','Player_ID_39','Guardian',8,'Match_ID_106');
INSERT INTO Killer(Kill_ID,Killer_ID,Weapon_ID,roundNum,Match_ID) VALUES ('Kill_ID_561','Player_ID_160','Bucky',1,'Match_ID_92');
INSERT INTO Killer(Kill_ID,Killer_ID,Weapon_ID,roundNum,Match_ID) VALUES ('Kill_ID_562','Player_ID_27','Guardian',7,'Match_ID_225');
INSERT INTO Killer(Kill_ID,Killer_ID,Weapon_ID,roundNum,Match_ID) VALUES ('Kill_ID_563','Player_ID_3','Sheriff',1,'Match_ID_102');
INSERT INTO Killer(Kill_ID,Killer_ID,Weapon_ID,roundNum,Match_ID) VALUES ('Kill_ID_564','Player_ID_170','Judge',6,'Match_ID_224');
INSERT INTO Killer(Kill_ID,Killer_ID,Weapon_ID,roundNum,Match_ID) VALUES ('Kill_ID_565','Player_ID_63','Judge',7,'Match_ID_162');
INSERT INTO Killer(Kill_ID,Killer_ID,Weapon_ID,roundNum,Match_ID) VALUES ('Kill_ID_566','Player_ID_29','Stinger',6,'Match_ID_110');
INSERT INTO Killer(Kill_ID,Killer_ID,Weapon_ID,roundNum,Match_ID) VALUES ('Kill_ID_567','Player_ID_32','Phantom',6,'Match_ID_159');
INSERT INTO Killer(Kill_ID,Killer_ID,Weapon_ID,roundNum,Match_ID) VALUES ('Kill_ID_568','Player_ID_23','Vandal',7,'Match_ID_72');
INSERT INTO Killer(Kill_ID,Killer_ID,Weapon_ID,roundNum,Match_ID) VALUES ('Kill_ID_569','Player_ID_39','Stinger',4,'Match_ID_61');
INSERT INTO Killer(Kill_ID,Killer_ID,Weapon_ID,roundNum,Match_ID) VALUES ('Kill_ID_570','Player_ID_208','Shorty',5,'Match_ID_52');
INSERT INTO Killer(Kill_ID,Killer_ID,Weapon_ID,roundNum,Match_ID) VALUES ('Kill_ID_571','Player_ID_214','Spectre',6,'Match_ID_115');
INSERT INTO Killer(Kill_ID,Killer_ID,Weapon_ID,roundNum,Match_ID) VALUES ('Kill_ID_572','Player_ID_113','Guardian',3,'Match_ID_85');
INSERT INTO Killer(Kill_ID,Killer_ID,Weapon_ID,roundNum,Match_ID) VALUES ('Kill_ID_573','Player_ID_171','Vandal',2,'Match_ID_185');
INSERT INTO Killer(Kill_ID,Killer_ID,Weapon_ID,roundNum,Match_ID) VALUES ('Kill_ID_574','Player_ID_72','Phantom',5,'Match_ID_98');
INSERT INTO Killer(Kill_ID,Killer_ID,Weapon_ID,roundNum,Match_ID) VALUES ('Kill_ID_575','Player_ID_109','Odin',7,'Match_ID_79');
INSERT INTO Killer(Kill_ID,Killer_ID,Weapon_ID,roundNum,Match_ID) VALUES ('Kill_ID_576','Player_ID_14','Judge',2,'Match_ID_11');
INSERT INTO Killer(Kill_ID,Killer_ID,Weapon_ID,roundNum,Match_ID) VALUES ('Kill_ID_577','Player_ID_194','Ares',7,'Match_ID_159');
INSERT INTO Killer(Kill_ID,Killer_ID,Weapon_ID,roundNum,Match_ID) VALUES ('Kill_ID_578','Player_ID_206','Shorty',1,'Match_ID_5');
INSERT INTO Killer(Kill_ID,Killer_ID,Weapon_ID,roundNum,Match_ID) VALUES ('Kill_ID_579','Player_ID_153','Sheriff',8,'Match_ID_5');
INSERT INTO Killer(Kill_ID,Killer_ID,Weapon_ID,roundNum,Match_ID) VALUES ('Kill_ID_580','Player_ID_211','Stinger',8,'Match_ID_70');
INSERT INTO Killer(Kill_ID,Killer_ID,Weapon_ID,roundNum,Match_ID) VALUES ('Kill_ID_581','Player_ID_138','Bulldog',6,'Match_ID_54');
INSERT INTO Killer(Kill_ID,Killer_ID,Weapon_ID,roundNum,Match_ID) VALUES ('Kill_ID_582','Player_ID_122','Bulldog',3,'Match_ID_173');
INSERT INTO Killer(Kill_ID,Killer_ID,Weapon_ID,roundNum,Match_ID) VALUES ('Kill_ID_583','Player_ID_2','Judge',1,'Match_ID_231');
INSERT INTO Killer(Kill_ID,Killer_ID,Weapon_ID,roundNum,Match_ID) VALUES ('Kill_ID_584','Player_ID_205','Spectre',4,'Match_ID_161');
INSERT INTO Killer(Kill_ID,Killer_ID,Weapon_ID,roundNum,Match_ID) VALUES ('Kill_ID_585','Player_ID_164','Classic',5,'Match_ID_166');
INSERT INTO Killer(Kill_ID,Killer_ID,Weapon_ID,roundNum,Match_ID) VALUES ('Kill_ID_586','Player_ID_135','Ares',6,'Match_ID_232');
INSERT INTO Killer(Kill_ID,Killer_ID,Weapon_ID,roundNum,Match_ID) VALUES ('Kill_ID_587','Player_ID_54','Frenzy',4,'Match_ID_100');
INSERT INTO Killer(Kill_ID,Killer_ID,Weapon_ID,roundNum,Match_ID) VALUES ('Kill_ID_588','Player_ID_135','Judge',8,'Match_ID_243');
INSERT INTO Killer(Kill_ID,Killer_ID,Weapon_ID,roundNum,Match_ID) VALUES ('Kill_ID_589','Player_ID_135','Frenzy',1,'Match_ID_100');
INSERT INTO Killer(Kill_ID,Killer_ID,Weapon_ID,roundNum,Match_ID) VALUES ('Kill_ID_590','Player_ID_51','Phantom',7,'Match_ID_15');
INSERT INTO Killer(Kill_ID,Killer_ID,Weapon_ID,roundNum,Match_ID) VALUES ('Kill_ID_591','Player_ID_200','Ares',4,'Match_ID_109');
INSERT INTO Killer(Kill_ID,Killer_ID,Weapon_ID,roundNum,Match_ID) VALUES ('Kill_ID_592','Player_ID_90','Guardian',3,'Match_ID_19');
INSERT INTO Killer(Kill_ID,Killer_ID,Weapon_ID,roundNum,Match_ID) VALUES ('Kill_ID_593','Player_ID_85','Shorty',7,'Match_ID_152');
INSERT INTO Killer(Kill_ID,Killer_ID,Weapon_ID,roundNum,Match_ID) VALUES ('Kill_ID_594','Player_ID_181','Marshal',5,'Match_ID_109');
INSERT INTO Killer(Kill_ID,Killer_ID,Weapon_ID,roundNum,Match_ID) VALUES ('Kill_ID_595','Player_ID_10','Marshal',1,'Match_ID_195');
INSERT INTO Killer(Kill_ID,Killer_ID,Weapon_ID,roundNum,Match_ID) VALUES ('Kill_ID_596','Player_ID_162','Classic',1,'Match_ID_107');
INSERT INTO Killer(Kill_ID,Killer_ID,Weapon_ID,roundNum,Match_ID) VALUES ('Kill_ID_597','Player_ID_190','Vandal',2,'Match_ID_130');
INSERT INTO Killer(Kill_ID,Killer_ID,Weapon_ID,roundNum,Match_ID) VALUES ('Kill_ID_598','Player_ID_78','Vandal',7,'Match_ID_15');
INSERT INTO Killer(Kill_ID,Killer_ID,Weapon_ID,roundNum,Match_ID) VALUES ('Kill_ID_599','Player_ID_163','Bulldog',2,'Match_ID_31');
INSERT INTO Killer(Kill_ID,Killer_ID,Weapon_ID,roundNum,Match_ID) VALUES ('Kill_ID_600','Player_ID_21','Judge',1,'Match_ID_222');
INSERT INTO Killer(Kill_ID,Killer_ID,Weapon_ID,roundNum,Match_ID) VALUES ('Kill_ID_601','Player_ID_119','Classic',7,'Match_ID_82');
INSERT INTO Killer(Kill_ID,Killer_ID,Weapon_ID,roundNum,Match_ID) VALUES ('Kill_ID_602','Player_ID_87','Vandal',1,'Match_ID_238');
INSERT INTO Killer(Kill_ID,Killer_ID,Weapon_ID,roundNum,Match_ID) VALUES ('Kill_ID_603','Player_ID_94','Vandal',4,'Match_ID_36');
INSERT INTO Killer(Kill_ID,Killer_ID,Weapon_ID,roundNum,Match_ID) VALUES ('Kill_ID_604','Player_ID_145','Spectre',1,'Match_ID_39');
INSERT INTO Killer(Kill_ID,Killer_ID,Weapon_ID,roundNum,Match_ID) VALUES ('Kill_ID_605','Player_ID_195','Odin',4,'Match_ID_181');
INSERT INTO Killer(Kill_ID,Killer_ID,Weapon_ID,roundNum,Match_ID) VALUES ('Kill_ID_606','Player_ID_6','Guardian',3,'Match_ID_118');
INSERT INTO Killer(Kill_ID,Killer_ID,Weapon_ID,roundNum,Match_ID) VALUES ('Kill_ID_607','Player_ID_165','Guardian',2,'Match_ID_164');
INSERT INTO Killer(Kill_ID,Killer_ID,Weapon_ID,roundNum,Match_ID) VALUES ('Kill_ID_608','Player_ID_93','Odin',2,'Match_ID_149');
INSERT INTO Killer(Kill_ID,Killer_ID,Weapon_ID,roundNum,Match_ID) VALUES ('Kill_ID_609','Player_ID_56','Vandal',3,'Match_ID_56');
INSERT INTO Killer(Kill_ID,Killer_ID,Weapon_ID,roundNum,Match_ID) VALUES ('Kill_ID_610','Player_ID_119','Bulldog',1,'Match_ID_88');
INSERT INTO Killer(Kill_ID,Killer_ID,Weapon_ID,roundNum,Match_ID) VALUES ('Kill_ID_611','Player_ID_9','Judge',2,'Match_ID_120');
INSERT INTO Killer(Kill_ID,Killer_ID,Weapon_ID,roundNum,Match_ID) VALUES ('Kill_ID_612','Player_ID_87','Classic',5,'Match_ID_165');
INSERT INTO Killer(Kill_ID,Killer_ID,Weapon_ID,roundNum,Match_ID) VALUES ('Kill_ID_613','Player_ID_141','Ghost',1,'Match_ID_250');
INSERT INTO Killer(Kill_ID,Killer_ID,Weapon_ID,roundNum,Match_ID) VALUES ('Kill_ID_614','Player_ID_94','Bucky',6,'Match_ID_245');
INSERT INTO Killer(Kill_ID,Killer_ID,Weapon_ID,roundNum,Match_ID) VALUES ('Kill_ID_615','Player_ID_225','Operator',6,'Match_ID_81');
INSERT INTO Killer(Kill_ID,Killer_ID,Weapon_ID,roundNum,Match_ID) VALUES ('Kill_ID_616','Player_ID_170','Vandal',5,'Match_ID_42');
INSERT INTO Killer(Kill_ID,Killer_ID,Weapon_ID,roundNum,Match_ID) VALUES ('Kill_ID_617','Player_ID_116','Ares',3,'Match_ID_170');
INSERT INTO Killer(Kill_ID,Killer_ID,Weapon_ID,roundNum,Match_ID) VALUES ('Kill_ID_618','Player_ID_111','Classic',5,'Match_ID_185');
INSERT INTO Killer(Kill_ID,Killer_ID,Weapon_ID,roundNum,Match_ID) VALUES ('Kill_ID_619','Player_ID_181','Odin',4,'Match_ID_33');
INSERT INTO Killer(Kill_ID,Killer_ID,Weapon_ID,roundNum,Match_ID) VALUES ('Kill_ID_620','Player_ID_168','Vandal',3,'Match_ID_54');
INSERT INTO Killer(Kill_ID,Killer_ID,Weapon_ID,roundNum,Match_ID) VALUES ('Kill_ID_621','Player_ID_154','Vandal',6,'Match_ID_208');
INSERT INTO Killer(Kill_ID,Killer_ID,Weapon_ID,roundNum,Match_ID) VALUES ('Kill_ID_622','Player_ID_181','Bulldog',2,'Match_ID_84');
INSERT INTO Killer(Kill_ID,Killer_ID,Weapon_ID,roundNum,Match_ID) VALUES ('Kill_ID_623','Player_ID_148','Odin',7,'Match_ID_115');
INSERT INTO Killer(Kill_ID,Killer_ID,Weapon_ID,roundNum,Match_ID) VALUES ('Kill_ID_624','Player_ID_41','Operator',8,'Match_ID_77');
INSERT INTO Killer(Kill_ID,Killer_ID,Weapon_ID,roundNum,Match_ID) VALUES ('Kill_ID_625','Player_ID_217','Vandal',5,'Match_ID_40');
INSERT INTO Killer(Kill_ID,Killer_ID,Weapon_ID,roundNum,Match_ID) VALUES ('Kill_ID_626','Player_ID_88','Frenzy',1,'Match_ID_164');
INSERT INTO Killer(Kill_ID,Killer_ID,Weapon_ID,roundNum,Match_ID) VALUES ('Kill_ID_627','Player_ID_5','Classic',4,'Match_ID_193');
INSERT INTO Killer(Kill_ID,Killer_ID,Weapon_ID,roundNum,Match_ID) VALUES ('Kill_ID_628','Player_ID_162','Operator',6,'Match_ID_163');
INSERT INTO Killer(Kill_ID,Killer_ID,Weapon_ID,roundNum,Match_ID) VALUES ('Kill_ID_629','Player_ID_91','Stinger',1,'Match_ID_43');
INSERT INTO Killer(Kill_ID,Killer_ID,Weapon_ID,roundNum,Match_ID) VALUES ('Kill_ID_630','Player_ID_107','Spectre',6,'Match_ID_49');
INSERT INTO Killer(Kill_ID,Killer_ID,Weapon_ID,roundNum,Match_ID) VALUES ('Kill_ID_631','Player_ID_83','Spectre',8,'Match_ID_87');
INSERT INTO Killer(Kill_ID,Killer_ID,Weapon_ID,roundNum,Match_ID) VALUES ('Kill_ID_632','Player_ID_104','Odin',3,'Match_ID_145');
INSERT INTO Killer(Kill_ID,Killer_ID,Weapon_ID,roundNum,Match_ID) VALUES ('Kill_ID_633','Player_ID_210','Vandal',2,'Match_ID_33');
INSERT INTO Killer(Kill_ID,Killer_ID,Weapon_ID,roundNum,Match_ID) VALUES ('Kill_ID_634','Player_ID_79','Frenzy',4,'Match_ID_120');
INSERT INTO Killer(Kill_ID,Killer_ID,Weapon_ID,roundNum,Match_ID) VALUES ('Kill_ID_635','Player_ID_198','Classic',5,'Match_ID_191');
INSERT INTO Killer(Kill_ID,Killer_ID,Weapon_ID,roundNum,Match_ID) VALUES ('Kill_ID_636','Player_ID_15','Operator',7,'Match_ID_216');
INSERT INTO Killer(Kill_ID,Killer_ID,Weapon_ID,roundNum,Match_ID) VALUES ('Kill_ID_637','Player_ID_166','Shorty',4,'Match_ID_215');
INSERT INTO Killer(Kill_ID,Killer_ID,Weapon_ID,roundNum,Match_ID) VALUES ('Kill_ID_638','Player_ID_108','Vandal',4,'Match_ID_19');
INSERT INTO Killer(Kill_ID,Killer_ID,Weapon_ID,roundNum,Match_ID) VALUES ('Kill_ID_639','Player_ID_92','Spectre',7,'Match_ID_49');
INSERT INTO Killer(Kill_ID,Killer_ID,Weapon_ID,roundNum,Match_ID) VALUES ('Kill_ID_640','Player_ID_183','Frenzy',8,'Match_ID_71');
INSERT INTO Killer(Kill_ID,Killer_ID,Weapon_ID,roundNum,Match_ID) VALUES ('Kill_ID_641','Player_ID_168','Vandal',1,'Match_ID_63');
INSERT INTO Killer(Kill_ID,Killer_ID,Weapon_ID,roundNum,Match_ID) VALUES ('Kill_ID_642','Player_ID_161','Classic',4,'Match_ID_33');
INSERT INTO Killer(Kill_ID,Killer_ID,Weapon_ID,roundNum,Match_ID) VALUES ('Kill_ID_643','Player_ID_199','Spectre',6,'Match_ID_106');
INSERT INTO Killer(Kill_ID,Killer_ID,Weapon_ID,roundNum,Match_ID) VALUES ('Kill_ID_644','Player_ID_131','Operator',6,'Match_ID_118');
INSERT INTO Killer(Kill_ID,Killer_ID,Weapon_ID,roundNum,Match_ID) VALUES ('Kill_ID_645','Player_ID_164','Ghost',7,'Match_ID_148');
INSERT INTO Killer(Kill_ID,Killer_ID,Weapon_ID,roundNum,Match_ID) VALUES ('Kill_ID_646','Player_ID_94','Vandal',1,'Match_ID_185');
INSERT INTO Killer(Kill_ID,Killer_ID,Weapon_ID,roundNum,Match_ID) VALUES ('Kill_ID_647','Player_ID_77','Bulldog',1,'Match_ID_21');
INSERT INTO Killer(Kill_ID,Killer_ID,Weapon_ID,roundNum,Match_ID) VALUES ('Kill_ID_648','Player_ID_99','Guardian',7,'Match_ID_77');
INSERT INTO Killer(Kill_ID,Killer_ID,Weapon_ID,roundNum,Match_ID) VALUES ('Kill_ID_649','Player_ID_222','Spectre',4,'Match_ID_144');
INSERT INTO Killer(Kill_ID,Killer_ID,Weapon_ID,roundNum,Match_ID) VALUES ('Kill_ID_650','Player_ID_125','Marshal',3,'Match_ID_35');
INSERT INTO Killer(Kill_ID,Killer_ID,Weapon_ID,roundNum,Match_ID) VALUES ('Kill_ID_651','Player_ID_49','Stinger',1,'Match_ID_111');
INSERT INTO Killer(Kill_ID,Killer_ID,Weapon_ID,roundNum,Match_ID) VALUES ('Kill_ID_652','Player_ID_189','Stinger',6,'Match_ID_21');
INSERT INTO Killer(Kill_ID,Killer_ID,Weapon_ID,roundNum,Match_ID) VALUES ('Kill_ID_653','Player_ID_16','Operator',6,'Match_ID_1');
INSERT INTO Killer(Kill_ID,Killer_ID,Weapon_ID,roundNum,Match_ID) VALUES ('Kill_ID_654','Player_ID_141','Ares',7,'Match_ID_173');
INSERT INTO Killer(Kill_ID,Killer_ID,Weapon_ID,roundNum,Match_ID) VALUES ('Kill_ID_655','Player_ID_43','Stinger',7,'Match_ID_133');
INSERT INTO Killer(Kill_ID,Killer_ID,Weapon_ID,roundNum,Match_ID) VALUES ('Kill_ID_656','Player_ID_50','Shorty',4,'Match_ID_163');
INSERT INTO Killer(Kill_ID,Killer_ID,Weapon_ID,roundNum,Match_ID) VALUES ('Kill_ID_657','Player_ID_128','Sheriff',5,'Match_ID_143');
INSERT INTO Killer(Kill_ID,Killer_ID,Weapon_ID,roundNum,Match_ID) VALUES ('Kill_ID_658','Player_ID_134','Stinger',5,'Match_ID_110');
INSERT INTO Killer(Kill_ID,Killer_ID,Weapon_ID,roundNum,Match_ID) VALUES ('Kill_ID_659','Player_ID_127','Operator',5,'Match_ID_62');
INSERT INTO Killer(Kill_ID,Killer_ID,Weapon_ID,roundNum,Match_ID) VALUES ('Kill_ID_660','Player_ID_101','Spectre',6,'Match_ID_237');
INSERT INTO Killer(Kill_ID,Killer_ID,Weapon_ID,roundNum,Match_ID) VALUES ('Kill_ID_661','Player_ID_123','Spectre',2,'Match_ID_37');
INSERT INTO Killer(Kill_ID,Killer_ID,Weapon_ID,roundNum,Match_ID) VALUES ('Kill_ID_662','Player_ID_211','Bulldog',8,'Match_ID_90');
INSERT INTO Killer(Kill_ID,Killer_ID,Weapon_ID,roundNum,Match_ID) VALUES ('Kill_ID_663','Player_ID_71','Guardian',1,'Match_ID_219');
INSERT INTO Killer(Kill_ID,Killer_ID,Weapon_ID,roundNum,Match_ID) VALUES ('Kill_ID_664','Player_ID_94','Phantom',5,'Match_ID_24');
INSERT INTO Killer(Kill_ID,Killer_ID,Weapon_ID,roundNum,Match_ID) VALUES ('Kill_ID_665','Player_ID_164','Odin',6,'Match_ID_154');
INSERT INTO Killer(Kill_ID,Killer_ID,Weapon_ID,roundNum,Match_ID) VALUES ('Kill_ID_666','Player_ID_39','Ares',3,'Match_ID_83');
INSERT INTO Killer(Kill_ID,Killer_ID,Weapon_ID,roundNum,Match_ID) VALUES ('Kill_ID_667','Player_ID_222','Spectre',7,'Match_ID_6');
INSERT INTO Killer(Kill_ID,Killer_ID,Weapon_ID,roundNum,Match_ID) VALUES ('Kill_ID_668','Player_ID_157','Guardian',5,'Match_ID_44');
INSERT INTO Killer(Kill_ID,Killer_ID,Weapon_ID,roundNum,Match_ID) VALUES ('Kill_ID_669','Player_ID_8','Stinger',8,'Match_ID_120');
INSERT INTO Killer(Kill_ID,Killer_ID,Weapon_ID,roundNum,Match_ID) VALUES ('Kill_ID_670','Player_ID_81','Sheriff',4,'Match_ID_209');
INSERT INTO Killer(Kill_ID,Killer_ID,Weapon_ID,roundNum,Match_ID) VALUES ('Kill_ID_671','Player_ID_115','Operator',1,'Match_ID_135');
INSERT INTO Killer(Kill_ID,Killer_ID,Weapon_ID,roundNum,Match_ID) VALUES ('Kill_ID_672','Player_ID_211','Frenzy',1,'Match_ID_118');
INSERT INTO Killer(Kill_ID,Killer_ID,Weapon_ID,roundNum,Match_ID) VALUES ('Kill_ID_673','Player_ID_169','Shorty',7,'Match_ID_122');
INSERT INTO Killer(Kill_ID,Killer_ID,Weapon_ID,roundNum,Match_ID) VALUES ('Kill_ID_674','Player_ID_55','Sheriff',3,'Match_ID_10');
INSERT INTO Killer(Kill_ID,Killer_ID,Weapon_ID,roundNum,Match_ID) VALUES ('Kill_ID_675','Player_ID_42','Bulldog',8,'Match_ID_226');
INSERT INTO Killer(Kill_ID,Killer_ID,Weapon_ID,roundNum,Match_ID) VALUES ('Kill_ID_676','Player_ID_123','Bulldog',8,'Match_ID_52');
INSERT INTO Killer(Kill_ID,Killer_ID,Weapon_ID,roundNum,Match_ID) VALUES ('Kill_ID_677','Player_ID_49','Bucky',6,'Match_ID_66');
INSERT INTO Killer(Kill_ID,Killer_ID,Weapon_ID,roundNum,Match_ID) VALUES ('Kill_ID_678','Player_ID_215','Phantom',8,'Match_ID_62');
INSERT INTO Killer(Kill_ID,Killer_ID,Weapon_ID,roundNum,Match_ID) VALUES ('Kill_ID_679','Player_ID_149','Bucky',8,'Match_ID_86');
INSERT INTO Killer(Kill_ID,Killer_ID,Weapon_ID,roundNum,Match_ID) VALUES ('Kill_ID_680','Player_ID_218','Odin',6,'Match_ID_59');
INSERT INTO Killer(Kill_ID,Killer_ID,Weapon_ID,roundNum,Match_ID) VALUES ('Kill_ID_681','Player_ID_47','Bulldog',4,'Match_ID_16');
INSERT INTO Killer(Kill_ID,Killer_ID,Weapon_ID,roundNum,Match_ID) VALUES ('Kill_ID_682','Player_ID_72','Shorty',7,'Match_ID_71');
INSERT INTO Killer(Kill_ID,Killer_ID,Weapon_ID,roundNum,Match_ID) VALUES ('Kill_ID_683','Player_ID_110','Frenzy',1,'Match_ID_244');
INSERT INTO Killer(Kill_ID,Killer_ID,Weapon_ID,roundNum,Match_ID) VALUES ('Kill_ID_684','Player_ID_139','Guardian',4,'Match_ID_116');
INSERT INTO Killer(Kill_ID,Killer_ID,Weapon_ID,roundNum,Match_ID) VALUES ('Kill_ID_685','Player_ID_166','Sheriff',1,'Match_ID_85');
INSERT INTO Killer(Kill_ID,Killer_ID,Weapon_ID,roundNum,Match_ID) VALUES ('Kill_ID_686','Player_ID_66','Bucky',7,'Match_ID_154');
INSERT INTO Killer(Kill_ID,Killer_ID,Weapon_ID,roundNum,Match_ID) VALUES ('Kill_ID_687','Player_ID_77','Guardian',1,'Match_ID_4');
INSERT INTO Killer(Kill_ID,Killer_ID,Weapon_ID,roundNum,Match_ID) VALUES ('Kill_ID_688','Player_ID_111','Operator',1,'Match_ID_66');
INSERT INTO Killer(Kill_ID,Killer_ID,Weapon_ID,roundNum,Match_ID) VALUES ('Kill_ID_689','Player_ID_72','Operator',5,'Match_ID_16');
INSERT INTO Killer(Kill_ID,Killer_ID,Weapon_ID,roundNum,Match_ID) VALUES ('Kill_ID_690','Player_ID_179','Odin',8,'Match_ID_167');
INSERT INTO Killer(Kill_ID,Killer_ID,Weapon_ID,roundNum,Match_ID) VALUES ('Kill_ID_691','Player_ID_38','Marshal',5,'Match_ID_203');
INSERT INTO Killer(Kill_ID,Killer_ID,Weapon_ID,roundNum,Match_ID) VALUES ('Kill_ID_692','Player_ID_50','Judge',8,'Match_ID_163');
INSERT INTO Killer(Kill_ID,Killer_ID,Weapon_ID,roundNum,Match_ID) VALUES ('Kill_ID_693','Player_ID_20','Judge',8,'Match_ID_77');
INSERT INTO Killer(Kill_ID,Killer_ID,Weapon_ID,roundNum,Match_ID) VALUES ('Kill_ID_694','Player_ID_102','Ares',8,'Match_ID_188');
INSERT INTO Killer(Kill_ID,Killer_ID,Weapon_ID,roundNum,Match_ID) VALUES ('Kill_ID_695','Player_ID_3','Ghost',6,'Match_ID_26');
INSERT INTO Killer(Kill_ID,Killer_ID,Weapon_ID,roundNum,Match_ID) VALUES ('Kill_ID_696','Player_ID_85','Shorty',6,'Match_ID_40');
INSERT INTO Killer(Kill_ID,Killer_ID,Weapon_ID,roundNum,Match_ID) VALUES ('Kill_ID_697','Player_ID_143','Odin',8,'Match_ID_13');
INSERT INTO Killer(Kill_ID,Killer_ID,Weapon_ID,roundNum,Match_ID) VALUES ('Kill_ID_698','Player_ID_215','Classic',4,'Match_ID_53');
INSERT INTO Killer(Kill_ID,Killer_ID,Weapon_ID,roundNum,Match_ID) VALUES ('Kill_ID_699','Player_ID_10','Bucky',4,'Match_ID_249');
INSERT INTO Killer(Kill_ID,Killer_ID,Weapon_ID,roundNum,Match_ID) VALUES ('Kill_ID_700','Player_ID_135','Guardian',2,'Match_ID_233');
INSERT INTO Killer(Kill_ID,Killer_ID,Weapon_ID,roundNum,Match_ID) VALUES ('Kill_ID_701','Player_ID_191','Classic',6,'Match_ID_197');
INSERT INTO Killer(Kill_ID,Killer_ID,Weapon_ID,roundNum,Match_ID) VALUES ('Kill_ID_702','Player_ID_51','Stinger',5,'Match_ID_71');
INSERT INTO Killer(Kill_ID,Killer_ID,Weapon_ID,roundNum,Match_ID) VALUES ('Kill_ID_703','Player_ID_68','Spectre',5,'Match_ID_199');
INSERT INTO Killer(Kill_ID,Killer_ID,Weapon_ID,roundNum,Match_ID) VALUES ('Kill_ID_704','Player_ID_54','Sheriff',7,'Match_ID_112');
INSERT INTO Killer(Kill_ID,Killer_ID,Weapon_ID,roundNum,Match_ID) VALUES ('Kill_ID_705','Player_ID_20','Ares',2,'Match_ID_185');
INSERT INTO Killer(Kill_ID,Killer_ID,Weapon_ID,roundNum,Match_ID) VALUES ('Kill_ID_706','Player_ID_173','Judge',7,'Match_ID_105');
INSERT INTO Killer(Kill_ID,Killer_ID,Weapon_ID,roundNum,Match_ID) VALUES ('Kill_ID_707','Player_ID_28','Vandal',6,'Match_ID_159');
INSERT INTO Killer(Kill_ID,Killer_ID,Weapon_ID,roundNum,Match_ID) VALUES ('Kill_ID_708','Player_ID_195','Sheriff',2,'Match_ID_26');
INSERT INTO Killer(Kill_ID,Killer_ID,Weapon_ID,roundNum,Match_ID) VALUES ('Kill_ID_709','Player_ID_163','Odin',4,'Match_ID_92');
INSERT INTO Killer(Kill_ID,Killer_ID,Weapon_ID,roundNum,Match_ID) VALUES ('Kill_ID_710','Player_ID_138','Ares',2,'Match_ID_196');
INSERT INTO Killer(Kill_ID,Killer_ID,Weapon_ID,roundNum,Match_ID) VALUES ('Kill_ID_711','Player_ID_68','Sheriff',5,'Match_ID_168');
INSERT INTO Killer(Kill_ID,Killer_ID,Weapon_ID,roundNum,Match_ID) VALUES ('Kill_ID_712','Player_ID_62','Guardian',2,'Match_ID_4');
INSERT INTO Killer(Kill_ID,Killer_ID,Weapon_ID,roundNum,Match_ID) VALUES ('Kill_ID_713','Player_ID_25','Stinger',3,'Match_ID_218');
INSERT INTO Killer(Kill_ID,Killer_ID,Weapon_ID,roundNum,Match_ID) VALUES ('Kill_ID_714','Player_ID_198','Judge',2,'Match_ID_51');
INSERT INTO Killer(Kill_ID,Killer_ID,Weapon_ID,roundNum,Match_ID) VALUES ('Kill_ID_715','Player_ID_64','Spectre',7,'Match_ID_240');
INSERT INTO Killer(Kill_ID,Killer_ID,Weapon_ID,roundNum,Match_ID) VALUES ('Kill_ID_716','Player_ID_109','Bulldog',3,'Match_ID_135');
INSERT INTO Killer(Kill_ID,Killer_ID,Weapon_ID,roundNum,Match_ID) VALUES ('Kill_ID_717','Player_ID_190','Marshal',3,'Match_ID_73');
INSERT INTO Killer(Kill_ID,Killer_ID,Weapon_ID,roundNum,Match_ID) VALUES ('Kill_ID_718','Player_ID_29','Vandal',5,'Match_ID_207');
INSERT INTO Killer(Kill_ID,Killer_ID,Weapon_ID,roundNum,Match_ID) VALUES ('Kill_ID_719','Player_ID_204','Spectre',8,'Match_ID_62');
INSERT INTO Killer(Kill_ID,Killer_ID,Weapon_ID,roundNum,Match_ID) VALUES ('Kill_ID_720','Player_ID_24','Classic',1,'Match_ID_117');
INSERT INTO Killer(Kill_ID,Killer_ID,Weapon_ID,roundNum,Match_ID) VALUES ('Kill_ID_721','Player_ID_154','Frenzy',7,'Match_ID_46');
INSERT INTO Killer(Kill_ID,Killer_ID,Weapon_ID,roundNum,Match_ID) VALUES ('Kill_ID_722','Player_ID_158','Sheriff',3,'Match_ID_144');
INSERT INTO Killer(Kill_ID,Killer_ID,Weapon_ID,roundNum,Match_ID) VALUES ('Kill_ID_723','Player_ID_57','Odin',2,'Match_ID_33');
INSERT INTO Killer(Kill_ID,Killer_ID,Weapon_ID,roundNum,Match_ID) VALUES ('Kill_ID_724','Player_ID_67','Shorty',1,'Match_ID_157');
INSERT INTO Killer(Kill_ID,Killer_ID,Weapon_ID,roundNum,Match_ID) VALUES ('Kill_ID_725','Player_ID_149','Vandal',4,'Match_ID_63');
INSERT INTO Killer(Kill_ID,Killer_ID,Weapon_ID,roundNum,Match_ID) VALUES ('Kill_ID_726','Player_ID_193','Shorty',5,'Match_ID_144');
INSERT INTO Killer(Kill_ID,Killer_ID,Weapon_ID,roundNum,Match_ID) VALUES ('Kill_ID_727','Player_ID_60','Bulldog',5,'Match_ID_130');
INSERT INTO Killer(Kill_ID,Killer_ID,Weapon_ID,roundNum,Match_ID) VALUES ('Kill_ID_728','Player_ID_216','Classic',4,'Match_ID_45');
INSERT INTO Killer(Kill_ID,Killer_ID,Weapon_ID,roundNum,Match_ID) VALUES ('Kill_ID_729','Player_ID_163','Phantom',1,'Match_ID_14');
INSERT INTO Killer(Kill_ID,Killer_ID,Weapon_ID,roundNum,Match_ID) VALUES ('Kill_ID_730','Player_ID_124','Operator',6,'Match_ID_62');
INSERT INTO Killer(Kill_ID,Killer_ID,Weapon_ID,roundNum,Match_ID) VALUES ('Kill_ID_731','Player_ID_117','Marshal',4,'Match_ID_121');
INSERT INTO Killer(Kill_ID,Killer_ID,Weapon_ID,roundNum,Match_ID) VALUES ('Kill_ID_732','Player_ID_1','Guardian',8,'Match_ID_79');
INSERT INTO Killer(Kill_ID,Killer_ID,Weapon_ID,roundNum,Match_ID) VALUES ('Kill_ID_733','Player_ID_134','Bulldog',4,'Match_ID_28');
INSERT INTO Killer(Kill_ID,Killer_ID,Weapon_ID,roundNum,Match_ID) VALUES ('Kill_ID_734','Player_ID_138','Classic',4,'Match_ID_169');
INSERT INTO Killer(Kill_ID,Killer_ID,Weapon_ID,roundNum,Match_ID) VALUES ('Kill_ID_735','Player_ID_26','Operator',8,'Match_ID_92');
INSERT INTO Killer(Kill_ID,Killer_ID,Weapon_ID,roundNum,Match_ID) VALUES ('Kill_ID_736','Player_ID_16','Bulldog',6,'Match_ID_182');
INSERT INTO Killer(Kill_ID,Killer_ID,Weapon_ID,roundNum,Match_ID) VALUES ('Kill_ID_737','Player_ID_175','Frenzy',8,'Match_ID_10');
INSERT INTO Killer(Kill_ID,Killer_ID,Weapon_ID,roundNum,Match_ID) VALUES ('Kill_ID_738','Player_ID_46','Odin',8,'Match_ID_144');
INSERT INTO Killer(Kill_ID,Killer_ID,Weapon_ID,roundNum,Match_ID) VALUES ('Kill_ID_739','Player_ID_83','Phantom',5,'Match_ID_42');
INSERT INTO Killer(Kill_ID,Killer_ID,Weapon_ID,roundNum,Match_ID) VALUES ('Kill_ID_740','Player_ID_221','Sheriff',6,'Match_ID_128');
INSERT INTO Killer(Kill_ID,Killer_ID,Weapon_ID,roundNum,Match_ID) VALUES ('Kill_ID_741','Player_ID_224','Ghost',5,'Match_ID_154');
INSERT INTO Killer(Kill_ID,Killer_ID,Weapon_ID,roundNum,Match_ID) VALUES ('Kill_ID_742','Player_ID_88','Spectre',3,'Match_ID_248');
INSERT INTO Killer(Kill_ID,Killer_ID,Weapon_ID,roundNum,Match_ID) VALUES ('Kill_ID_743','Player_ID_109','Spectre',8,'Match_ID_126');
INSERT INTO Killer(Kill_ID,Killer_ID,Weapon_ID,roundNum,Match_ID) VALUES ('Kill_ID_744','Player_ID_187','Ares',5,'Match_ID_165');
INSERT INTO Killer(Kill_ID,Killer_ID,Weapon_ID,roundNum,Match_ID) VALUES ('Kill_ID_745','Player_ID_192','Classic',8,'Match_ID_25');
INSERT INTO Killer(Kill_ID,Killer_ID,Weapon_ID,roundNum,Match_ID) VALUES ('Kill_ID_746','Player_ID_118','Spectre',4,'Match_ID_148');
INSERT INTO Killer(Kill_ID,Killer_ID,Weapon_ID,roundNum,Match_ID) VALUES ('Kill_ID_747','Player_ID_136','Classic',5,'Match_ID_42');
INSERT INTO Killer(Kill_ID,Killer_ID,Weapon_ID,roundNum,Match_ID) VALUES ('Kill_ID_748','Player_ID_185','Stinger',7,'Match_ID_124');
INSERT INTO Killer(Kill_ID,Killer_ID,Weapon_ID,roundNum,Match_ID) VALUES ('Kill_ID_749','Player_ID_196','Bucky',4,'Match_ID_237');
INSERT INTO Killer(Kill_ID,Killer_ID,Weapon_ID,roundNum,Match_ID) VALUES ('Kill_ID_750','Player_ID_221','Ghost',3,'Match_ID_36');
INSERT INTO Killer(Kill_ID,Killer_ID,Weapon_ID,roundNum,Match_ID) VALUES ('Kill_ID_751','Player_ID_164','Operator',2,'Match_ID_51');
INSERT INTO Killer(Kill_ID,Killer_ID,Weapon_ID,roundNum,Match_ID) VALUES ('Kill_ID_752','Player_ID_34','Stinger',7,'Match_ID_249');
INSERT INTO Killer(Kill_ID,Killer_ID,Weapon_ID,roundNum,Match_ID) VALUES ('Kill_ID_753','Player_ID_61','Sheriff',7,'Match_ID_83');
INSERT INTO Killer(Kill_ID,Killer_ID,Weapon_ID,roundNum,Match_ID) VALUES ('Kill_ID_754','Player_ID_104','Sheriff',8,'Match_ID_29');
INSERT INTO Killer(Kill_ID,Killer_ID,Weapon_ID,roundNum,Match_ID) VALUES ('Kill_ID_755','Player_ID_190','Shorty',7,'Match_ID_156');
INSERT INTO Killer(Kill_ID,Killer_ID,Weapon_ID,roundNum,Match_ID) VALUES ('Kill_ID_756','Player_ID_144','Classic',3,'Match_ID_64');
INSERT INTO Killer(Kill_ID,Killer_ID,Weapon_ID,roundNum,Match_ID) VALUES ('Kill_ID_757','Player_ID_32','Stinger',6,'Match_ID_164');
INSERT INTO Killer(Kill_ID,Killer_ID,Weapon_ID,roundNum,Match_ID) VALUES ('Kill_ID_758','Player_ID_172','Phantom',3,'Match_ID_180');
INSERT INTO Killer(Kill_ID,Killer_ID,Weapon_ID,roundNum,Match_ID) VALUES ('Kill_ID_759','Player_ID_22','Ghost',7,'Match_ID_6');
INSERT INTO Killer(Kill_ID,Killer_ID,Weapon_ID,roundNum,Match_ID) VALUES ('Kill_ID_760','Player_ID_18','Stinger',5,'Match_ID_143');
INSERT INTO Killer(Kill_ID,Killer_ID,Weapon_ID,roundNum,Match_ID) VALUES ('Kill_ID_761','Player_ID_73','Spectre',1,'Match_ID_226');
INSERT INTO Killer(Kill_ID,Killer_ID,Weapon_ID,roundNum,Match_ID) VALUES ('Kill_ID_762','Player_ID_212','Bulldog',8,'Match_ID_46');
INSERT INTO Killer(Kill_ID,Killer_ID,Weapon_ID,roundNum,Match_ID) VALUES ('Kill_ID_763','Player_ID_118','Marshal',7,'Match_ID_116');
INSERT INTO Killer(Kill_ID,Killer_ID,Weapon_ID,roundNum,Match_ID) VALUES ('Kill_ID_764','Player_ID_220','Sheriff',3,'Match_ID_86');
INSERT INTO Killer(Kill_ID,Killer_ID,Weapon_ID,roundNum,Match_ID) VALUES ('Kill_ID_765','Player_ID_58','Bucky',6,'Match_ID_59');
INSERT INTO Killer(Kill_ID,Killer_ID,Weapon_ID,roundNum,Match_ID) VALUES ('Kill_ID_766','Player_ID_146','Phantom',6,'Match_ID_195');
INSERT INTO Killer(Kill_ID,Killer_ID,Weapon_ID,roundNum,Match_ID) VALUES ('Kill_ID_767','Player_ID_174','Phantom',8,'Match_ID_187');
INSERT INTO Killer(Kill_ID,Killer_ID,Weapon_ID,roundNum,Match_ID) VALUES ('Kill_ID_768','Player_ID_82','Stinger',4,'Match_ID_155');
INSERT INTO Killer(Kill_ID,Killer_ID,Weapon_ID,roundNum,Match_ID) VALUES ('Kill_ID_769','Player_ID_14','Stinger',2,'Match_ID_174');
INSERT INTO Killer(Kill_ID,Killer_ID,Weapon_ID,roundNum,Match_ID) VALUES ('Kill_ID_770','Player_ID_29','Bucky',1,'Match_ID_6');
INSERT INTO Killer(Kill_ID,Killer_ID,Weapon_ID,roundNum,Match_ID) VALUES ('Kill_ID_771','Player_ID_56','Ares',3,'Match_ID_77');
INSERT INTO Killer(Kill_ID,Killer_ID,Weapon_ID,roundNum,Match_ID) VALUES ('Kill_ID_772','Player_ID_146','Sheriff',4,'Match_ID_25');
INSERT INTO Killer(Kill_ID,Killer_ID,Weapon_ID,roundNum,Match_ID) VALUES ('Kill_ID_773','Player_ID_56','Odin',5,'Match_ID_86');
INSERT INTO Killer(Kill_ID,Killer_ID,Weapon_ID,roundNum,Match_ID) VALUES ('Kill_ID_774','Player_ID_197','Marshal',2,'Match_ID_52');
INSERT INTO Killer(Kill_ID,Killer_ID,Weapon_ID,roundNum,Match_ID) VALUES ('Kill_ID_775','Player_ID_210','Shorty',3,'Match_ID_143');
INSERT INTO Killer(Kill_ID,Killer_ID,Weapon_ID,roundNum,Match_ID) VALUES ('Kill_ID_776','Player_ID_144','Guardian',5,'Match_ID_33');
INSERT INTO Killer(Kill_ID,Killer_ID,Weapon_ID,roundNum,Match_ID) VALUES ('Kill_ID_777','Player_ID_178','Ghost',4,'Match_ID_203');
INSERT INTO Killer(Kill_ID,Killer_ID,Weapon_ID,roundNum,Match_ID) VALUES ('Kill_ID_778','Player_ID_203','Frenzy',4,'Match_ID_218');
INSERT INTO Killer(Kill_ID,Killer_ID,Weapon_ID,roundNum,Match_ID) VALUES ('Kill_ID_779','Player_ID_207','Spectre',6,'Match_ID_231');
INSERT INTO Killer(Kill_ID,Killer_ID,Weapon_ID,roundNum,Match_ID) VALUES ('Kill_ID_780','Player_ID_72','Judge',2,'Match_ID_246');
INSERT INTO Killer(Kill_ID,Killer_ID,Weapon_ID,roundNum,Match_ID) VALUES ('Kill_ID_781','Player_ID_221','Operator',4,'Match_ID_89');
INSERT INTO Killer(Kill_ID,Killer_ID,Weapon_ID,roundNum,Match_ID) VALUES ('Kill_ID_782','Player_ID_104','Spectre',8,'Match_ID_28');
INSERT INTO Killer(Kill_ID,Killer_ID,Weapon_ID,roundNum,Match_ID) VALUES ('Kill_ID_783','Player_ID_172','Judge',8,'Match_ID_194');
INSERT INTO Killer(Kill_ID,Killer_ID,Weapon_ID,roundNum,Match_ID) VALUES ('Kill_ID_784','Player_ID_197','Vandal',8,'Match_ID_119');
INSERT INTO Killer(Kill_ID,Killer_ID,Weapon_ID,roundNum,Match_ID) VALUES ('Kill_ID_785','Player_ID_83','Vandal',8,'Match_ID_228');
INSERT INTO Killer(Kill_ID,Killer_ID,Weapon_ID,roundNum,Match_ID) VALUES ('Kill_ID_786','Player_ID_143','Marshal',8,'Match_ID_105');
INSERT INTO Killer(Kill_ID,Killer_ID,Weapon_ID,roundNum,Match_ID) VALUES ('Kill_ID_787','Player_ID_99','Spectre',5,'Match_ID_246');
INSERT INTO Killer(Kill_ID,Killer_ID,Weapon_ID,roundNum,Match_ID) VALUES ('Kill_ID_788','Player_ID_77','Classic',4,'Match_ID_139');
INSERT INTO Killer(Kill_ID,Killer_ID,Weapon_ID,roundNum,Match_ID) VALUES ('Kill_ID_789','Player_ID_40','Bucky',7,'Match_ID_92');
INSERT INTO Killer(Kill_ID,Killer_ID,Weapon_ID,roundNum,Match_ID) VALUES ('Kill_ID_790','Player_ID_12','Operator',1,'Match_ID_69');
INSERT INTO Killer(Kill_ID,Killer_ID,Weapon_ID,roundNum,Match_ID) VALUES ('Kill_ID_791','Player_ID_157','Odin',1,'Match_ID_146');
INSERT INTO Killer(Kill_ID,Killer_ID,Weapon_ID,roundNum,Match_ID) VALUES ('Kill_ID_792','Player_ID_156','Bulldog',5,'Match_ID_6');
INSERT INTO Killer(Kill_ID,Killer_ID,Weapon_ID,roundNum,Match_ID) VALUES ('Kill_ID_793','Player_ID_58','Operator',1,'Match_ID_239');
INSERT INTO Killer(Kill_ID,Killer_ID,Weapon_ID,roundNum,Match_ID) VALUES ('Kill_ID_794','Player_ID_173','Guardian',7,'Match_ID_141');
INSERT INTO Killer(Kill_ID,Killer_ID,Weapon_ID,roundNum,Match_ID) VALUES ('Kill_ID_795','Player_ID_152','Classic',6,'Match_ID_91');
INSERT INTO Killer(Kill_ID,Killer_ID,Weapon_ID,roundNum,Match_ID) VALUES ('Kill_ID_796','Player_ID_90','Spectre',8,'Match_ID_94');
INSERT INTO Killer(Kill_ID,Killer_ID,Weapon_ID,roundNum,Match_ID) VALUES ('Kill_ID_797','Player_ID_124','Frenzy',6,'Match_ID_58');
INSERT INTO Killer(Kill_ID,Killer_ID,Weapon_ID,roundNum,Match_ID) VALUES ('Kill_ID_798','Player_ID_68','Ghost',4,'Match_ID_186');
INSERT INTO Killer(Kill_ID,Killer_ID,Weapon_ID,roundNum,Match_ID) VALUES ('Kill_ID_799','Player_ID_118','Operator',8,'Match_ID_112');
INSERT INTO Killer(Kill_ID,Killer_ID,Weapon_ID,roundNum,Match_ID) VALUES ('Kill_ID_800','Player_ID_4','Odin',6,'Match_ID_244');
INSERT INTO Killer(Kill_ID,Killer_ID,Weapon_ID,roundNum,Match_ID) VALUES ('Kill_ID_801','Player_ID_157','Classic',8,'Match_ID_39');
INSERT INTO Killer(Kill_ID,Killer_ID,Weapon_ID,roundNum,Match_ID) VALUES ('Kill_ID_802','Player_ID_120','Judge',7,'Match_ID_128');
INSERT INTO Killer(Kill_ID,Killer_ID,Weapon_ID,roundNum,Match_ID) VALUES ('Kill_ID_803','Player_ID_168','Ares',6,'Match_ID_238');
INSERT INTO Killer(Kill_ID,Killer_ID,Weapon_ID,roundNum,Match_ID) VALUES ('Kill_ID_804','Player_ID_192','Spectre',8,'Match_ID_176');
INSERT INTO Killer(Kill_ID,Killer_ID,Weapon_ID,roundNum,Match_ID) VALUES ('Kill_ID_805','Player_ID_118','Frenzy',2,'Match_ID_132');
INSERT INTO Killer(Kill_ID,Killer_ID,Weapon_ID,roundNum,Match_ID) VALUES ('Kill_ID_806','Player_ID_220','Classic',1,'Match_ID_39');
INSERT INTO Killer(Kill_ID,Killer_ID,Weapon_ID,roundNum,Match_ID) VALUES ('Kill_ID_807','Player_ID_129','Phantom',5,'Match_ID_73');
INSERT INTO Killer(Kill_ID,Killer_ID,Weapon_ID,roundNum,Match_ID) VALUES ('Kill_ID_808','Player_ID_90','Marshal',5,'Match_ID_161');
INSERT INTO Killer(Kill_ID,Killer_ID,Weapon_ID,roundNum,Match_ID) VALUES ('Kill_ID_809','Player_ID_176','Spectre',1,'Match_ID_109');
INSERT INTO Killer(Kill_ID,Killer_ID,Weapon_ID,roundNum,Match_ID) VALUES ('Kill_ID_810','Player_ID_63','Phantom',4,'Match_ID_104');
INSERT INTO Killer(Kill_ID,Killer_ID,Weapon_ID,roundNum,Match_ID) VALUES ('Kill_ID_811','Player_ID_64','Operator',4,'Match_ID_59');
INSERT INTO Killer(Kill_ID,Killer_ID,Weapon_ID,roundNum,Match_ID) VALUES ('Kill_ID_812','Player_ID_160','Bucky',3,'Match_ID_39');
INSERT INTO Killer(Kill_ID,Killer_ID,Weapon_ID,roundNum,Match_ID) VALUES ('Kill_ID_813','Player_ID_99','Phantom',8,'Match_ID_173');
INSERT INTO Killer(Kill_ID,Killer_ID,Weapon_ID,roundNum,Match_ID) VALUES ('Kill_ID_814','Player_ID_224','Sheriff',2,'Match_ID_153');
INSERT INTO Killer(Kill_ID,Killer_ID,Weapon_ID,roundNum,Match_ID) VALUES ('Kill_ID_815','Player_ID_27','Bucky',8,'Match_ID_93');
INSERT INTO Killer(Kill_ID,Killer_ID,Weapon_ID,roundNum,Match_ID) VALUES ('Kill_ID_816','Player_ID_166','Vandal',5,'Match_ID_80');
INSERT INTO Killer(Kill_ID,Killer_ID,Weapon_ID,roundNum,Match_ID) VALUES ('Kill_ID_817','Player_ID_26','Frenzy',1,'Match_ID_175');
INSERT INTO Killer(Kill_ID,Killer_ID,Weapon_ID,roundNum,Match_ID) VALUES ('Kill_ID_818','Player_ID_141','Phantom',7,'Match_ID_227');
INSERT INTO Killer(Kill_ID,Killer_ID,Weapon_ID,roundNum,Match_ID) VALUES ('Kill_ID_819','Player_ID_63','Guardian',7,'Match_ID_183');
INSERT INTO Killer(Kill_ID,Killer_ID,Weapon_ID,roundNum,Match_ID) VALUES ('Kill_ID_820','Player_ID_127','Guardian',4,'Match_ID_235');
INSERT INTO Killer(Kill_ID,Killer_ID,Weapon_ID,roundNum,Match_ID) VALUES ('Kill_ID_821','Player_ID_20','Shorty',4,'Match_ID_135');
INSERT INTO Killer(Kill_ID,Killer_ID,Weapon_ID,roundNum,Match_ID) VALUES ('Kill_ID_822','Player_ID_25','Operator',2,'Match_ID_172');
INSERT INTO Killer(Kill_ID,Killer_ID,Weapon_ID,roundNum,Match_ID) VALUES ('Kill_ID_823','Player_ID_196','Sheriff',8,'Match_ID_74');
INSERT INTO Killer(Kill_ID,Killer_ID,Weapon_ID,roundNum,Match_ID) VALUES ('Kill_ID_824','Player_ID_15','Ghost',8,'Match_ID_64');
INSERT INTO Killer(Kill_ID,Killer_ID,Weapon_ID,roundNum,Match_ID) VALUES ('Kill_ID_825','Player_ID_105','Spectre',5,'Match_ID_21');
INSERT INTO Killer(Kill_ID,Killer_ID,Weapon_ID,roundNum,Match_ID) VALUES ('Kill_ID_826','Player_ID_85','Sheriff',2,'Match_ID_218');
INSERT INTO Killer(Kill_ID,Killer_ID,Weapon_ID,roundNum,Match_ID) VALUES ('Kill_ID_827','Player_ID_200','Operator',8,'Match_ID_249');
INSERT INTO Killer(Kill_ID,Killer_ID,Weapon_ID,roundNum,Match_ID) VALUES ('Kill_ID_828','Player_ID_10','Phantom',2,'Match_ID_185');
INSERT INTO Killer(Kill_ID,Killer_ID,Weapon_ID,roundNum,Match_ID) VALUES ('Kill_ID_829','Player_ID_218','Vandal',6,'Match_ID_160');
INSERT INTO Killer(Kill_ID,Killer_ID,Weapon_ID,roundNum,Match_ID) VALUES ('Kill_ID_830','Player_ID_123','Ghost',3,'Match_ID_222');
INSERT INTO Killer(Kill_ID,Killer_ID,Weapon_ID,roundNum,Match_ID) VALUES ('Kill_ID_831','Player_ID_191','Bucky',2,'Match_ID_226');
INSERT INTO Killer(Kill_ID,Killer_ID,Weapon_ID,roundNum,Match_ID) VALUES ('Kill_ID_832','Player_ID_73','Classic',1,'Match_ID_202');
INSERT INTO Killer(Kill_ID,Killer_ID,Weapon_ID,roundNum,Match_ID) VALUES ('Kill_ID_833','Player_ID_106','Marshal',3,'Match_ID_109');
INSERT INTO Killer(Kill_ID,Killer_ID,Weapon_ID,roundNum,Match_ID) VALUES ('Kill_ID_834','Player_ID_88','Sheriff',8,'Match_ID_141');
INSERT INTO Killer(Kill_ID,Killer_ID,Weapon_ID,roundNum,Match_ID) VALUES ('Kill_ID_835','Player_ID_193','Shorty',3,'Match_ID_20');
INSERT INTO Killer(Kill_ID,Killer_ID,Weapon_ID,roundNum,Match_ID) VALUES ('Kill_ID_836','Player_ID_219','Ghost',3,'Match_ID_222');
INSERT INTO Killer(Kill_ID,Killer_ID,Weapon_ID,roundNum,Match_ID) VALUES ('Kill_ID_837','Player_ID_17','Ares',3,'Match_ID_133');
INSERT INTO Killer(Kill_ID,Killer_ID,Weapon_ID,roundNum,Match_ID) VALUES ('Kill_ID_838','Player_ID_124','Bucky',5,'Match_ID_202');
INSERT INTO Killer(Kill_ID,Killer_ID,Weapon_ID,roundNum,Match_ID) VALUES ('Kill_ID_839','Player_ID_133','Phantom',7,'Match_ID_223');
INSERT INTO Killer(Kill_ID,Killer_ID,Weapon_ID,roundNum,Match_ID) VALUES ('Kill_ID_840','Player_ID_119','Sheriff',7,'Match_ID_46');
INSERT INTO Killer(Kill_ID,Killer_ID,Weapon_ID,roundNum,Match_ID) VALUES ('Kill_ID_841','Player_ID_49','Frenzy',7,'Match_ID_232');
INSERT INTO Killer(Kill_ID,Killer_ID,Weapon_ID,roundNum,Match_ID) VALUES ('Kill_ID_842','Player_ID_9','Spectre',4,'Match_ID_215');
INSERT INTO Killer(Kill_ID,Killer_ID,Weapon_ID,roundNum,Match_ID) VALUES ('Kill_ID_843','Player_ID_27','Classic',5,'Match_ID_159');
INSERT INTO Killer(Kill_ID,Killer_ID,Weapon_ID,roundNum,Match_ID) VALUES ('Kill_ID_844','Player_ID_199','Ares',5,'Match_ID_201');
INSERT INTO Killer(Kill_ID,Killer_ID,Weapon_ID,roundNum,Match_ID) VALUES ('Kill_ID_845','Player_ID_9','Sheriff',7,'Match_ID_191');
INSERT INTO Killer(Kill_ID,Killer_ID,Weapon_ID,roundNum,Match_ID) VALUES ('Kill_ID_846','Player_ID_144','Guardian',2,'Match_ID_129');
INSERT INTO Killer(Kill_ID,Killer_ID,Weapon_ID,roundNum,Match_ID) VALUES ('Kill_ID_847','Player_ID_94','Bulldog',8,'Match_ID_99');
INSERT INTO Killer(Kill_ID,Killer_ID,Weapon_ID,roundNum,Match_ID) VALUES ('Kill_ID_848','Player_ID_27','Spectre',6,'Match_ID_247');
INSERT INTO Killer(Kill_ID,Killer_ID,Weapon_ID,roundNum,Match_ID) VALUES ('Kill_ID_849','Player_ID_102','Ares',6,'Match_ID_228');
INSERT INTO Killer(Kill_ID,Killer_ID,Weapon_ID,roundNum,Match_ID) VALUES ('Kill_ID_850','Player_ID_37','Sheriff',2,'Match_ID_86');
INSERT INTO Killer(Kill_ID,Killer_ID,Weapon_ID,roundNum,Match_ID) VALUES ('Kill_ID_851','Player_ID_70','Ghost',8,'Match_ID_31');
INSERT INTO Killer(Kill_ID,Killer_ID,Weapon_ID,roundNum,Match_ID) VALUES ('Kill_ID_852','Player_ID_151','Frenzy',8,'Match_ID_197');
INSERT INTO Killer(Kill_ID,Killer_ID,Weapon_ID,roundNum,Match_ID) VALUES ('Kill_ID_853','Player_ID_166','Odin',3,'Match_ID_35');
INSERT INTO Killer(Kill_ID,Killer_ID,Weapon_ID,roundNum,Match_ID) VALUES ('Kill_ID_854','Player_ID_97','Phantom',1,'Match_ID_246');
INSERT INTO Killer(Kill_ID,Killer_ID,Weapon_ID,roundNum,Match_ID) VALUES ('Kill_ID_855','Player_ID_141','Stinger',2,'Match_ID_154');
INSERT INTO Killer(Kill_ID,Killer_ID,Weapon_ID,roundNum,Match_ID) VALUES ('Kill_ID_856','Player_ID_37','Guardian',3,'Match_ID_136');
INSERT INTO Killer(Kill_ID,Killer_ID,Weapon_ID,roundNum,Match_ID) VALUES ('Kill_ID_857','Player_ID_90','Operator',7,'Match_ID_36');
INSERT INTO Killer(Kill_ID,Killer_ID,Weapon_ID,roundNum,Match_ID) VALUES ('Kill_ID_858','Player_ID_93','Shorty',5,'Match_ID_103');
INSERT INTO Killer(Kill_ID,Killer_ID,Weapon_ID,roundNum,Match_ID) VALUES ('Kill_ID_859','Player_ID_125','Spectre',2,'Match_ID_204');
INSERT INTO Killer(Kill_ID,Killer_ID,Weapon_ID,roundNum,Match_ID) VALUES ('Kill_ID_860','Player_ID_201','Operator',3,'Match_ID_75');
INSERT INTO Killer(Kill_ID,Killer_ID,Weapon_ID,roundNum,Match_ID) VALUES ('Kill_ID_861','Player_ID_149','Odin',5,'Match_ID_106');
INSERT INTO Killer(Kill_ID,Killer_ID,Weapon_ID,roundNum,Match_ID) VALUES ('Kill_ID_862','Player_ID_7','Judge',8,'Match_ID_146');
INSERT INTO Killer(Kill_ID,Killer_ID,Weapon_ID,roundNum,Match_ID) VALUES ('Kill_ID_863','Player_ID_9','Classic',8,'Match_ID_54');
INSERT INTO Killer(Kill_ID,Killer_ID,Weapon_ID,roundNum,Match_ID) VALUES ('Kill_ID_864','Player_ID_158','Vandal',8,'Match_ID_240');
INSERT INTO Killer(Kill_ID,Killer_ID,Weapon_ID,roundNum,Match_ID) VALUES ('Kill_ID_865','Player_ID_172','Judge',7,'Match_ID_10');
INSERT INTO Killer(Kill_ID,Killer_ID,Weapon_ID,roundNum,Match_ID) VALUES ('Kill_ID_866','Player_ID_57','Ghost',4,'Match_ID_175');
INSERT INTO Killer(Kill_ID,Killer_ID,Weapon_ID,roundNum,Match_ID) VALUES ('Kill_ID_867','Player_ID_176','Phantom',2,'Match_ID_131');
INSERT INTO Killer(Kill_ID,Killer_ID,Weapon_ID,roundNum,Match_ID) VALUES ('Kill_ID_868','Player_ID_132','Judge',2,'Match_ID_57');
INSERT INTO Killer(Kill_ID,Killer_ID,Weapon_ID,roundNum,Match_ID) VALUES ('Kill_ID_869','Player_ID_210','Phantom',7,'Match_ID_202');
INSERT INTO Killer(Kill_ID,Killer_ID,Weapon_ID,roundNum,Match_ID) VALUES ('Kill_ID_870','Player_ID_72','Marshal',7,'Match_ID_126');
INSERT INTO Killer(Kill_ID,Killer_ID,Weapon_ID,roundNum,Match_ID) VALUES ('Kill_ID_871','Player_ID_177','Spectre',5,'Match_ID_111');
INSERT INTO Killer(Kill_ID,Killer_ID,Weapon_ID,roundNum,Match_ID) VALUES ('Kill_ID_872','Player_ID_110','Shorty',2,'Match_ID_250');
INSERT INTO Killer(Kill_ID,Killer_ID,Weapon_ID,roundNum,Match_ID) VALUES ('Kill_ID_873','Player_ID_29','Bulldog',2,'Match_ID_121');
INSERT INTO Killer(Kill_ID,Killer_ID,Weapon_ID,roundNum,Match_ID) VALUES ('Kill_ID_874','Player_ID_85','Judge',2,'Match_ID_31');
INSERT INTO Killer(Kill_ID,Killer_ID,Weapon_ID,roundNum,Match_ID) VALUES ('Kill_ID_875','Player_ID_9','Stinger',4,'Match_ID_233');
INSERT INTO Killer(Kill_ID,Killer_ID,Weapon_ID,roundNum,Match_ID) VALUES ('Kill_ID_876','Player_ID_20','Bulldog',7,'Match_ID_57');
INSERT INTO Killer(Kill_ID,Killer_ID,Weapon_ID,roundNum,Match_ID) VALUES ('Kill_ID_877','Player_ID_98','Operator',6,'Match_ID_118');
INSERT INTO Killer(Kill_ID,Killer_ID,Weapon_ID,roundNum,Match_ID) VALUES ('Kill_ID_878','Player_ID_139','Frenzy',3,'Match_ID_122');
INSERT INTO Killer(Kill_ID,Killer_ID,Weapon_ID,roundNum,Match_ID) VALUES ('Kill_ID_879','Player_ID_7','Odin',5,'Match_ID_143');
INSERT INTO Killer(Kill_ID,Killer_ID,Weapon_ID,roundNum,Match_ID) VALUES ('Kill_ID_880','Player_ID_161','Bucky',3,'Match_ID_212');
INSERT INTO Killer(Kill_ID,Killer_ID,Weapon_ID,roundNum,Match_ID) VALUES ('Kill_ID_881','Player_ID_163','Vandal',8,'Match_ID_126');
INSERT INTO Killer(Kill_ID,Killer_ID,Weapon_ID,roundNum,Match_ID) VALUES ('Kill_ID_882','Player_ID_91','Odin',4,'Match_ID_123');
INSERT INTO Killer(Kill_ID,Killer_ID,Weapon_ID,roundNum,Match_ID) VALUES ('Kill_ID_883','Player_ID_70','Sheriff',3,'Match_ID_81');
INSERT INTO Killer(Kill_ID,Killer_ID,Weapon_ID,roundNum,Match_ID) VALUES ('Kill_ID_884','Player_ID_133','Stinger',3,'Match_ID_234');
INSERT INTO Killer(Kill_ID,Killer_ID,Weapon_ID,roundNum,Match_ID) VALUES ('Kill_ID_885','Player_ID_205','Bulldog',3,'Match_ID_218');
INSERT INTO Killer(Kill_ID,Killer_ID,Weapon_ID,roundNum,Match_ID) VALUES ('Kill_ID_886','Player_ID_5','Phantom',7,'Match_ID_10');
INSERT INTO Killer(Kill_ID,Killer_ID,Weapon_ID,roundNum,Match_ID) VALUES ('Kill_ID_887','Player_ID_224','Odin',4,'Match_ID_82');
INSERT INTO Killer(Kill_ID,Killer_ID,Weapon_ID,roundNum,Match_ID) VALUES ('Kill_ID_888','Player_ID_167','Odin',8,'Match_ID_249');
INSERT INTO Killer(Kill_ID,Killer_ID,Weapon_ID,roundNum,Match_ID) VALUES ('Kill_ID_889','Player_ID_126','Operator',3,'Match_ID_186');
INSERT INTO Killer(Kill_ID,Killer_ID,Weapon_ID,roundNum,Match_ID) VALUES ('Kill_ID_890','Player_ID_145','Phantom',2,'Match_ID_223');
INSERT INTO Killer(Kill_ID,Killer_ID,Weapon_ID,roundNum,Match_ID) VALUES ('Kill_ID_891','Player_ID_210','Stinger',4,'Match_ID_131');
INSERT INTO Killer(Kill_ID,Killer_ID,Weapon_ID,roundNum,Match_ID) VALUES ('Kill_ID_892','Player_ID_42','Classic',6,'Match_ID_58');
INSERT INTO Killer(Kill_ID,Killer_ID,Weapon_ID,roundNum,Match_ID) VALUES ('Kill_ID_893','Player_ID_106','Bucky',2,'Match_ID_14');
INSERT INTO Killer(Kill_ID,Killer_ID,Weapon_ID,roundNum,Match_ID) VALUES ('Kill_ID_894','Player_ID_164','Bulldog',7,'Match_ID_111');
INSERT INTO Killer(Kill_ID,Killer_ID,Weapon_ID,roundNum,Match_ID) VALUES ('Kill_ID_895','Player_ID_209','Phantom',5,'Match_ID_92');
INSERT INTO Killer(Kill_ID,Killer_ID,Weapon_ID,roundNum,Match_ID) VALUES ('Kill_ID_896','Player_ID_50','Bulldog',3,'Match_ID_58');
INSERT INTO Killer(Kill_ID,Killer_ID,Weapon_ID,roundNum,Match_ID) VALUES ('Kill_ID_897','Player_ID_8','Classic',3,'Match_ID_135');
INSERT INTO Killer(Kill_ID,Killer_ID,Weapon_ID,roundNum,Match_ID) VALUES ('Kill_ID_898','Player_ID_88','Stinger',2,'Match_ID_82');
INSERT INTO Killer(Kill_ID,Killer_ID,Weapon_ID,roundNum,Match_ID) VALUES ('Kill_ID_899','Player_ID_120','Vandal',1,'Match_ID_209');
INSERT INTO Killer(Kill_ID,Killer_ID,Weapon_ID,roundNum,Match_ID) VALUES ('Kill_ID_900','Player_ID_62','Judge',6,'Match_ID_130');
INSERT INTO Killer(Kill_ID,Killer_ID,Weapon_ID,roundNum,Match_ID) VALUES ('Kill_ID_901','Player_ID_177','Bulldog',3,'Match_ID_220');
INSERT INTO Killer(Kill_ID,Killer_ID,Weapon_ID,roundNum,Match_ID) VALUES ('Kill_ID_902','Player_ID_35','Odin',5,'Match_ID_11');
INSERT INTO Killer(Kill_ID,Killer_ID,Weapon_ID,roundNum,Match_ID) VALUES ('Kill_ID_903','Player_ID_10','Judge',1,'Match_ID_133');
INSERT INTO Killer(Kill_ID,Killer_ID,Weapon_ID,roundNum,Match_ID) VALUES ('Kill_ID_904','Player_ID_169','Frenzy',1,'Match_ID_20');
INSERT INTO Killer(Kill_ID,Killer_ID,Weapon_ID,roundNum,Match_ID) VALUES ('Kill_ID_905','Player_ID_217','Classic',8,'Match_ID_143');
INSERT INTO Killer(Kill_ID,Killer_ID,Weapon_ID,roundNum,Match_ID) VALUES ('Kill_ID_906','Player_ID_185','Odin',3,'Match_ID_236');
INSERT INTO Killer(Kill_ID,Killer_ID,Weapon_ID,roundNum,Match_ID) VALUES ('Kill_ID_907','Player_ID_185','Bulldog',5,'Match_ID_99');
INSERT INTO Killer(Kill_ID,Killer_ID,Weapon_ID,roundNum,Match_ID) VALUES ('Kill_ID_908','Player_ID_94','Bulldog',4,'Match_ID_162');
INSERT INTO Killer(Kill_ID,Killer_ID,Weapon_ID,roundNum,Match_ID) VALUES ('Kill_ID_909','Player_ID_89','Vandal',1,'Match_ID_184');
INSERT INTO Killer(Kill_ID,Killer_ID,Weapon_ID,roundNum,Match_ID) VALUES ('Kill_ID_910','Player_ID_159','Bucky',8,'Match_ID_33');
INSERT INTO Killer(Kill_ID,Killer_ID,Weapon_ID,roundNum,Match_ID) VALUES ('Kill_ID_911','Player_ID_206','Vandal',6,'Match_ID_141');
INSERT INTO Killer(Kill_ID,Killer_ID,Weapon_ID,roundNum,Match_ID) VALUES ('Kill_ID_912','Player_ID_1','Frenzy',8,'Match_ID_128');
INSERT INTO Killer(Kill_ID,Killer_ID,Weapon_ID,roundNum,Match_ID) VALUES ('Kill_ID_913','Player_ID_130','Spectre',4,'Match_ID_60');
INSERT INTO Killer(Kill_ID,Killer_ID,Weapon_ID,roundNum,Match_ID) VALUES ('Kill_ID_914','Player_ID_161','Bucky',7,'Match_ID_236');
INSERT INTO Killer(Kill_ID,Killer_ID,Weapon_ID,roundNum,Match_ID) VALUES ('Kill_ID_915','Player_ID_220','Phantom',8,'Match_ID_58');
INSERT INTO Killer(Kill_ID,Killer_ID,Weapon_ID,roundNum,Match_ID) VALUES ('Kill_ID_916','Player_ID_98','Bucky',5,'Match_ID_38');
INSERT INTO Killer(Kill_ID,Killer_ID,Weapon_ID,roundNum,Match_ID) VALUES ('Kill_ID_917','Player_ID_53','Operator',3,'Match_ID_141');
INSERT INTO Killer(Kill_ID,Killer_ID,Weapon_ID,roundNum,Match_ID) VALUES ('Kill_ID_918','Player_ID_91','Shorty',2,'Match_ID_45');
INSERT INTO Killer(Kill_ID,Killer_ID,Weapon_ID,roundNum,Match_ID) VALUES ('Kill_ID_919','Player_ID_192','Marshal',5,'Match_ID_203');
INSERT INTO Killer(Kill_ID,Killer_ID,Weapon_ID,roundNum,Match_ID) VALUES ('Kill_ID_920','Player_ID_8','Ares',8,'Match_ID_48');
INSERT INTO Killer(Kill_ID,Killer_ID,Weapon_ID,roundNum,Match_ID) VALUES ('Kill_ID_921','Player_ID_137','Bucky',7,'Match_ID_160');
INSERT INTO Killer(Kill_ID,Killer_ID,Weapon_ID,roundNum,Match_ID) VALUES ('Kill_ID_922','Player_ID_91','Stinger',7,'Match_ID_176');
INSERT INTO Killer(Kill_ID,Killer_ID,Weapon_ID,roundNum,Match_ID) VALUES ('Kill_ID_923','Player_ID_47','Bulldog',4,'Match_ID_214');
INSERT INTO Killer(Kill_ID,Killer_ID,Weapon_ID,roundNum,Match_ID) VALUES ('Kill_ID_924','Player_ID_202','Vandal',1,'Match_ID_138');
INSERT INTO Killer(Kill_ID,Killer_ID,Weapon_ID,roundNum,Match_ID) VALUES ('Kill_ID_925','Player_ID_218','Ares',1,'Match_ID_248');
INSERT INTO Killer(Kill_ID,Killer_ID,Weapon_ID,roundNum,Match_ID) VALUES ('Kill_ID_926','Player_ID_4','Guardian',2,'Match_ID_11');
INSERT INTO Killer(Kill_ID,Killer_ID,Weapon_ID,roundNum,Match_ID) VALUES ('Kill_ID_927','Player_ID_4','Shorty',2,'Match_ID_136');
INSERT INTO Killer(Kill_ID,Killer_ID,Weapon_ID,roundNum,Match_ID) VALUES ('Kill_ID_928','Player_ID_27','Spectre',3,'Match_ID_81');
INSERT INTO Killer(Kill_ID,Killer_ID,Weapon_ID,roundNum,Match_ID) VALUES ('Kill_ID_929','Player_ID_79','Bulldog',3,'Match_ID_63');
INSERT INTO Killer(Kill_ID,Killer_ID,Weapon_ID,roundNum,Match_ID) VALUES ('Kill_ID_930','Player_ID_58','Frenzy',6,'Match_ID_179');
INSERT INTO Killer(Kill_ID,Killer_ID,Weapon_ID,roundNum,Match_ID) VALUES ('Kill_ID_931','Player_ID_101','Guardian',8,'Match_ID_95');
INSERT INTO Killer(Kill_ID,Killer_ID,Weapon_ID,roundNum,Match_ID) VALUES ('Kill_ID_932','Player_ID_206','Ghost',3,'Match_ID_137');
INSERT INTO Killer(Kill_ID,Killer_ID,Weapon_ID,roundNum,Match_ID) VALUES ('Kill_ID_933','Player_ID_168','Operator',5,'Match_ID_37');
INSERT INTO Killer(Kill_ID,Killer_ID,Weapon_ID,roundNum,Match_ID) VALUES ('Kill_ID_934','Player_ID_141','Bucky',2,'Match_ID_227');
INSERT INTO Killer(Kill_ID,Killer_ID,Weapon_ID,roundNum,Match_ID) VALUES ('Kill_ID_935','Player_ID_80','Stinger',2,'Match_ID_171');
INSERT INTO Killer(Kill_ID,Killer_ID,Weapon_ID,roundNum,Match_ID) VALUES ('Kill_ID_936','Player_ID_15','Guardian',6,'Match_ID_14');
INSERT INTO Killer(Kill_ID,Killer_ID,Weapon_ID,roundNum,Match_ID) VALUES ('Kill_ID_937','Player_ID_10','Guardian',6,'Match_ID_216');
INSERT INTO Killer(Kill_ID,Killer_ID,Weapon_ID,roundNum,Match_ID) VALUES ('Kill_ID_938','Player_ID_12','Bulldog',4,'Match_ID_183');
INSERT INTO Killer(Kill_ID,Killer_ID,Weapon_ID,roundNum,Match_ID) VALUES ('Kill_ID_939','Player_ID_85','Sheriff',6,'Match_ID_161');
INSERT INTO Killer(Kill_ID,Killer_ID,Weapon_ID,roundNum,Match_ID) VALUES ('Kill_ID_940','Player_ID_26','Vandal',6,'Match_ID_150');
INSERT INTO Killer(Kill_ID,Killer_ID,Weapon_ID,roundNum,Match_ID) VALUES ('Kill_ID_941','Player_ID_132','Bulldog',5,'Match_ID_122');
INSERT INTO Killer(Kill_ID,Killer_ID,Weapon_ID,roundNum,Match_ID) VALUES ('Kill_ID_942','Player_ID_118','Ares',8,'Match_ID_33');
INSERT INTO Killer(Kill_ID,Killer_ID,Weapon_ID,roundNum,Match_ID) VALUES ('Kill_ID_943','Player_ID_56','Operator',7,'Match_ID_13');
INSERT INTO Killer(Kill_ID,Killer_ID,Weapon_ID,roundNum,Match_ID) VALUES ('Kill_ID_944','Player_ID_28','Frenzy',2,'Match_ID_226');
INSERT INTO Killer(Kill_ID,Killer_ID,Weapon_ID,roundNum,Match_ID) VALUES ('Kill_ID_945','Player_ID_58','Ares',2,'Match_ID_236');
INSERT INTO Killer(Kill_ID,Killer_ID,Weapon_ID,roundNum,Match_ID) VALUES ('Kill_ID_946','Player_ID_85','Shorty',7,'Match_ID_149');
INSERT INTO Killer(Kill_ID,Killer_ID,Weapon_ID,roundNum,Match_ID) VALUES ('Kill_ID_947','Player_ID_105','Frenzy',5,'Match_ID_204');
INSERT INTO Killer(Kill_ID,Killer_ID,Weapon_ID,roundNum,Match_ID) VALUES ('Kill_ID_948','Player_ID_206','Vandal',4,'Match_ID_244');
INSERT INTO Killer(Kill_ID,Killer_ID,Weapon_ID,roundNum,Match_ID) VALUES ('Kill_ID_949','Player_ID_90','Ghost',4,'Match_ID_128');
INSERT INTO Killer(Kill_ID,Killer_ID,Weapon_ID,roundNum,Match_ID) VALUES ('Kill_ID_950','Player_ID_142','Bucky',2,'Match_ID_118');
INSERT INTO Killer(Kill_ID,Killer_ID,Weapon_ID,roundNum,Match_ID) VALUES ('Kill_ID_951','Player_ID_209','Frenzy',8,'Match_ID_76');
INSERT INTO Killer(Kill_ID,Killer_ID,Weapon_ID,roundNum,Match_ID) VALUES ('Kill_ID_952','Player_ID_5','Guardian',5,'Match_ID_15');
INSERT INTO Killer(Kill_ID,Killer_ID,Weapon_ID,roundNum,Match_ID) VALUES ('Kill_ID_953','Player_ID_187','Marshal',5,'Match_ID_17');
INSERT INTO Killer(Kill_ID,Killer_ID,Weapon_ID,roundNum,Match_ID) VALUES ('Kill_ID_954','Player_ID_189','Vandal',3,'Match_ID_240');
INSERT INTO Killer(Kill_ID,Killer_ID,Weapon_ID,roundNum,Match_ID) VALUES ('Kill_ID_955','Player_ID_46','Stinger',7,'Match_ID_14');
INSERT INTO Killer(Kill_ID,Killer_ID,Weapon_ID,roundNum,Match_ID) VALUES ('Kill_ID_956','Player_ID_127','Bucky',5,'Match_ID_22');
INSERT INTO Killer(Kill_ID,Killer_ID,Weapon_ID,roundNum,Match_ID) VALUES ('Kill_ID_957','Player_ID_14','Classic',4,'Match_ID_12');
INSERT INTO Killer(Kill_ID,Killer_ID,Weapon_ID,roundNum,Match_ID) VALUES ('Kill_ID_958','Player_ID_169','Vandal',6,'Match_ID_191');
INSERT INTO Killer(Kill_ID,Killer_ID,Weapon_ID,roundNum,Match_ID) VALUES ('Kill_ID_959','Player_ID_101','Ghost',8,'Match_ID_165');
INSERT INTO Killer(Kill_ID,Killer_ID,Weapon_ID,roundNum,Match_ID) VALUES ('Kill_ID_960','Player_ID_60','Spectre',3,'Match_ID_157');
INSERT INTO Killer(Kill_ID,Killer_ID,Weapon_ID,roundNum,Match_ID) VALUES ('Kill_ID_961','Player_ID_48','Frenzy',7,'Match_ID_77');
INSERT INTO Killer(Kill_ID,Killer_ID,Weapon_ID,roundNum,Match_ID) VALUES ('Kill_ID_962','Player_ID_180','Spectre',2,'Match_ID_192');
INSERT INTO Killer(Kill_ID,Killer_ID,Weapon_ID,roundNum,Match_ID) VALUES ('Kill_ID_963','Player_ID_52','Sheriff',8,'Match_ID_199');
INSERT INTO Killer(Kill_ID,Killer_ID,Weapon_ID,roundNum,Match_ID) VALUES ('Kill_ID_964','Player_ID_74','Ghost',6,'Match_ID_28');
INSERT INTO Killer(Kill_ID,Killer_ID,Weapon_ID,roundNum,Match_ID) VALUES ('Kill_ID_965','Player_ID_135','Classic',6,'Match_ID_238');
INSERT INTO Killer(Kill_ID,Killer_ID,Weapon_ID,roundNum,Match_ID) VALUES ('Kill_ID_966','Player_ID_117','Stinger',7,'Match_ID_242');
INSERT INTO Killer(Kill_ID,Killer_ID,Weapon_ID,roundNum,Match_ID) VALUES ('Kill_ID_967','Player_ID_186','Ares',5,'Match_ID_94');
INSERT INTO Killer(Kill_ID,Killer_ID,Weapon_ID,roundNum,Match_ID) VALUES ('Kill_ID_968','Player_ID_115','Frenzy',8,'Match_ID_62');
INSERT INTO Killer(Kill_ID,Killer_ID,Weapon_ID,roundNum,Match_ID) VALUES ('Kill_ID_969','Player_ID_166','Vandal',4,'Match_ID_236');
INSERT INTO Killer(Kill_ID,Killer_ID,Weapon_ID,roundNum,Match_ID) VALUES ('Kill_ID_970','Player_ID_115','Vandal',5,'Match_ID_113');
INSERT INTO Killer(Kill_ID,Killer_ID,Weapon_ID,roundNum,Match_ID) VALUES ('Kill_ID_971','Player_ID_139','Operator',6,'Match_ID_145');
INSERT INTO Killer(Kill_ID,Killer_ID,Weapon_ID,roundNum,Match_ID) VALUES ('Kill_ID_972','Player_ID_13','Classic',2,'Match_ID_129');
INSERT INTO Killer(Kill_ID,Killer_ID,Weapon_ID,roundNum,Match_ID) VALUES ('Kill_ID_973','Player_ID_113','Frenzy',3,'Match_ID_56');
INSERT INTO Killer(Kill_ID,Killer_ID,Weapon_ID,roundNum,Match_ID) VALUES ('Kill_ID_974','Player_ID_130','Sheriff',4,'Match_ID_123');
INSERT INTO Killer(Kill_ID,Killer_ID,Weapon_ID,roundNum,Match_ID) VALUES ('Kill_ID_975','Player_ID_134','Phantom',1,'Match_ID_86');
INSERT INTO Killer(Kill_ID,Killer_ID,Weapon_ID,roundNum,Match_ID) VALUES ('Kill_ID_976','Player_ID_120','Operator',8,'Match_ID_133');
INSERT INTO Killer(Kill_ID,Killer_ID,Weapon_ID,roundNum,Match_ID) VALUES ('Kill_ID_977','Player_ID_7','Bucky',5,'Match_ID_166');
INSERT INTO Killer(Kill_ID,Killer_ID,Weapon_ID,roundNum,Match_ID) VALUES ('Kill_ID_978','Player_ID_219','Bulldog',8,'Match_ID_173');
INSERT INTO Killer(Kill_ID,Killer_ID,Weapon_ID,roundNum,Match_ID) VALUES ('Kill_ID_979','Player_ID_39','Ares',8,'Match_ID_225');
INSERT INTO Killer(Kill_ID,Killer_ID,Weapon_ID,roundNum,Match_ID) VALUES ('Kill_ID_980','Player_ID_64','Bulldog',1,'Match_ID_106');
INSERT INTO Killer(Kill_ID,Killer_ID,Weapon_ID,roundNum,Match_ID) VALUES ('Kill_ID_981','Player_ID_179','Sheriff',7,'Match_ID_43');
INSERT INTO Killer(Kill_ID,Killer_ID,Weapon_ID,roundNum,Match_ID) VALUES ('Kill_ID_982','Player_ID_89','Ghost',2,'Match_ID_90');
INSERT INTO Killer(Kill_ID,Killer_ID,Weapon_ID,roundNum,Match_ID) VALUES ('Kill_ID_983','Player_ID_178','Sheriff',8,'Match_ID_92');
INSERT INTO Killer(Kill_ID,Killer_ID,Weapon_ID,roundNum,Match_ID) VALUES ('Kill_ID_984','Player_ID_217','Ares',4,'Match_ID_84');
INSERT INTO Killer(Kill_ID,Killer_ID,Weapon_ID,roundNum,Match_ID) VALUES ('Kill_ID_985','Player_ID_212','Frenzy',8,'Match_ID_211');
INSERT INTO Killer(Kill_ID,Killer_ID,Weapon_ID,roundNum,Match_ID) VALUES ('Kill_ID_986','Player_ID_55','Odin',1,'Match_ID_244');
INSERT INTO Killer(Kill_ID,Killer_ID,Weapon_ID,roundNum,Match_ID) VALUES ('Kill_ID_987','Player_ID_18','Bulldog',3,'Match_ID_126');
INSERT INTO Killer(Kill_ID,Killer_ID,Weapon_ID,roundNum,Match_ID) VALUES ('Kill_ID_988','Player_ID_137','Operator',8,'Match_ID_170');
INSERT INTO Killer(Kill_ID,Killer_ID,Weapon_ID,roundNum,Match_ID) VALUES ('Kill_ID_989','Player_ID_151','Ares',6,'Match_ID_177');
INSERT INTO Killer(Kill_ID,Killer_ID,Weapon_ID,roundNum,Match_ID) VALUES ('Kill_ID_990','Player_ID_189','Operator',4,'Match_ID_117');
INSERT INTO Killer(Kill_ID,Killer_ID,Weapon_ID,roundNum,Match_ID) VALUES ('Kill_ID_991','Player_ID_135','Operator',2,'Match_ID_140');
INSERT INTO Killer(Kill_ID,Killer_ID,Weapon_ID,roundNum,Match_ID) VALUES ('Kill_ID_992','Player_ID_145','Sheriff',4,'Match_ID_9');
INSERT INTO Killer(Kill_ID,Killer_ID,Weapon_ID,roundNum,Match_ID) VALUES ('Kill_ID_993','Player_ID_181','Stinger',1,'Match_ID_40');
INSERT INTO Killer(Kill_ID,Killer_ID,Weapon_ID,roundNum,Match_ID) VALUES ('Kill_ID_994','Player_ID_9','Classic',4,'Match_ID_116');
INSERT INTO Killer(Kill_ID,Killer_ID,Weapon_ID,roundNum,Match_ID) VALUES ('Kill_ID_995','Player_ID_4','Guardian',5,'Match_ID_230');
INSERT INTO Killer(Kill_ID,Killer_ID,Weapon_ID,roundNum,Match_ID) VALUES ('Kill_ID_996','Player_ID_130','Ghost',4,'Match_ID_40');
INSERT INTO Killer(Kill_ID,Killer_ID,Weapon_ID,roundNum,Match_ID) VALUES ('Kill_ID_997','Player_ID_70','Odin',1,'Match_ID_81');
INSERT INTO Killer(Kill_ID,Killer_ID,Weapon_ID,roundNum,Match_ID) VALUES ('Kill_ID_998','Player_ID_38','Odin',4,'Match_ID_56');
INSERT INTO Killer(Kill_ID,Killer_ID,Weapon_ID,roundNum,Match_ID) VALUES ('Kill_ID_999','Player_ID_75','Ares',1,'Match_ID_68');
INSERT INTO Killer(Kill_ID,Killer_ID,Weapon_ID,roundNum,Match_ID) VALUES ('Kill_ID_1000','Player_ID_108','Ghost',7,'Match_ID_178');
INSERT INTO Killer(Kill_ID,Killer_ID,Weapon_ID,roundNum,Match_ID) VALUES ('Kill_ID_1001','Player_ID_104','Vandal',1,'Match_ID_65');
INSERT INTO Killer(Kill_ID,Killer_ID,Weapon_ID,roundNum,Match_ID) VALUES ('Kill_ID_1002','Player_ID_93','Judge',1,'Match_ID_87');
INSERT INTO Killer(Kill_ID,Killer_ID,Weapon_ID,roundNum,Match_ID) VALUES ('Kill_ID_1003','Player_ID_190','Operator',3,'Match_ID_55');
INSERT INTO Killer(Kill_ID,Killer_ID,Weapon_ID,roundNum,Match_ID) VALUES ('Kill_ID_1004','Player_ID_219','Bucky',2,'Match_ID_109');
INSERT INTO Killer(Kill_ID,Killer_ID,Weapon_ID,roundNum,Match_ID) VALUES ('Kill_ID_1005','Player_ID_200','Marshal',2,'Match_ID_169');
INSERT INTO Killer(Kill_ID,Killer_ID,Weapon_ID,roundNum,Match_ID) VALUES ('Kill_ID_1006','Player_ID_22','Vandal',7,'Match_ID_94');
INSERT INTO Killer(Kill_ID,Killer_ID,Weapon_ID,roundNum,Match_ID) VALUES ('Kill_ID_1007','Player_ID_191','Judge',3,'Match_ID_81');
INSERT INTO Killer(Kill_ID,Killer_ID,Weapon_ID,roundNum,Match_ID) VALUES ('Kill_ID_1008','Player_ID_122','Phantom',7,'Match_ID_45');
INSERT INTO Killer(Kill_ID,Killer_ID,Weapon_ID,roundNum,Match_ID) VALUES ('Kill_ID_1009','Player_ID_27','Ghost',7,'Match_ID_161');
INSERT INTO Killer(Kill_ID,Killer_ID,Weapon_ID,roundNum,Match_ID) VALUES ('Kill_ID_1010','Player_ID_20','Guardian',5,'Match_ID_120');
INSERT INTO Killer(Kill_ID,Killer_ID,Weapon_ID,roundNum,Match_ID) VALUES ('Kill_ID_1011','Player_ID_41','Guardian',3,'Match_ID_139');
INSERT INTO Killer(Kill_ID,Killer_ID,Weapon_ID,roundNum,Match_ID) VALUES ('Kill_ID_1012','Player_ID_54','Operator',1,'Match_ID_197');
INSERT INTO Killer(Kill_ID,Killer_ID,Weapon_ID,roundNum,Match_ID) VALUES ('Kill_ID_1013','Player_ID_48','Ghost',2,'Match_ID_172');
INSERT INTO Killer(Kill_ID,Killer_ID,Weapon_ID,roundNum,Match_ID) VALUES ('Kill_ID_1014','Player_ID_27','Odin',4,'Match_ID_104');
INSERT INTO Killer(Kill_ID,Killer_ID,Weapon_ID,roundNum,Match_ID) VALUES ('Kill_ID_1015','Player_ID_211','Guardian',4,'Match_ID_176');
INSERT INTO Killer(Kill_ID,Killer_ID,Weapon_ID,roundNum,Match_ID) VALUES ('Kill_ID_1016','Player_ID_88','Bulldog',4,'Match_ID_170');
INSERT INTO Killer(Kill_ID,Killer_ID,Weapon_ID,roundNum,Match_ID) VALUES ('Kill_ID_1017','Player_ID_46','Ghost',7,'Match_ID_78');
INSERT INTO Killer(Kill_ID,Killer_ID,Weapon_ID,roundNum,Match_ID) VALUES ('Kill_ID_1018','Player_ID_219','Ares',6,'Match_ID_50');
INSERT INTO Killer(Kill_ID,Killer_ID,Weapon_ID,roundNum,Match_ID) VALUES ('Kill_ID_1019','Player_ID_72','Marshal',3,'Match_ID_193');
INSERT INTO Killer(Kill_ID,Killer_ID,Weapon_ID,roundNum,Match_ID) VALUES ('Kill_ID_1020','Player_ID_69','Operator',4,'Match_ID_43');
INSERT INTO Killer(Kill_ID,Killer_ID,Weapon_ID,roundNum,Match_ID) VALUES ('Kill_ID_1021','Player_ID_69','Sheriff',7,'Match_ID_169');
INSERT INTO Killer(Kill_ID,Killer_ID,Weapon_ID,roundNum,Match_ID) VALUES ('Kill_ID_1022','Player_ID_39','Operator',3,'Match_ID_146');
INSERT INTO Killer(Kill_ID,Killer_ID,Weapon_ID,roundNum,Match_ID) VALUES ('Kill_ID_1023','Player_ID_21','Sheriff',2,'Match_ID_47');
INSERT INTO Killer(Kill_ID,Killer_ID,Weapon_ID,roundNum,Match_ID) VALUES ('Kill_ID_1024','Player_ID_189','Judge',6,'Match_ID_194');
INSERT INTO Killer(Kill_ID,Killer_ID,Weapon_ID,roundNum,Match_ID) VALUES ('Kill_ID_1025','Player_ID_85','Phantom',7,'Match_ID_237');
INSERT INTO Killer(Kill_ID,Killer_ID,Weapon_ID,roundNum,Match_ID) VALUES ('Kill_ID_1026','Player_ID_23','Bucky',3,'Match_ID_202');
INSERT INTO Killer(Kill_ID,Killer_ID,Weapon_ID,roundNum,Match_ID) VALUES ('Kill_ID_1027','Player_ID_88','Judge',1,'Match_ID_204');
INSERT INTO Killer(Kill_ID,Killer_ID,Weapon_ID,roundNum,Match_ID) VALUES ('Kill_ID_1028','Player_ID_94','Shorty',5,'Match_ID_67');
INSERT INTO Killer(Kill_ID,Killer_ID,Weapon_ID,roundNum,Match_ID) VALUES ('Kill_ID_1029','Player_ID_80','Bulldog',4,'Match_ID_119');
INSERT INTO Killer(Kill_ID,Killer_ID,Weapon_ID,roundNum,Match_ID) VALUES ('Kill_ID_1030','Player_ID_174','Bucky',6,'Match_ID_53');
INSERT INTO Killer(Kill_ID,Killer_ID,Weapon_ID,roundNum,Match_ID) VALUES ('Kill_ID_1031','Player_ID_147','Frenzy',8,'Match_ID_150');
INSERT INTO Killer(Kill_ID,Killer_ID,Weapon_ID,roundNum,Match_ID) VALUES ('Kill_ID_1032','Player_ID_117','Ares',1,'Match_ID_66');
INSERT INTO Killer(Kill_ID,Killer_ID,Weapon_ID,roundNum,Match_ID) VALUES ('Kill_ID_1033','Player_ID_48','Ares',4,'Match_ID_174');
INSERT INTO Killer(Kill_ID,Killer_ID,Weapon_ID,roundNum,Match_ID) VALUES ('Kill_ID_1034','Player_ID_59','Bulldog',5,'Match_ID_174');
INSERT INTO Killer(Kill_ID,Killer_ID,Weapon_ID,roundNum,Match_ID) VALUES ('Kill_ID_1035','Player_ID_63','Frenzy',4,'Match_ID_178');
INSERT INTO Killer(Kill_ID,Killer_ID,Weapon_ID,roundNum,Match_ID) VALUES ('Kill_ID_1036','Player_ID_192','Odin',7,'Match_ID_102');
INSERT INTO Killer(Kill_ID,Killer_ID,Weapon_ID,roundNum,Match_ID) VALUES ('Kill_ID_1037','Player_ID_120','Marshal',7,'Match_ID_185');
INSERT INTO Killer(Kill_ID,Killer_ID,Weapon_ID,roundNum,Match_ID) VALUES ('Kill_ID_1038','Player_ID_142','Ghost',8,'Match_ID_208');
INSERT INTO Killer(Kill_ID,Killer_ID,Weapon_ID,roundNum,Match_ID) VALUES ('Kill_ID_1039','Player_ID_150','Classic',6,'Match_ID_92');
INSERT INTO Killer(Kill_ID,Killer_ID,Weapon_ID,roundNum,Match_ID) VALUES ('Kill_ID_1040','Player_ID_24','Operator',6,'Match_ID_240');
INSERT INTO Killer(Kill_ID,Killer_ID,Weapon_ID,roundNum,Match_ID) VALUES ('Kill_ID_1041','Player_ID_194','Frenzy',3,'Match_ID_111');
INSERT INTO Killer(Kill_ID,Killer_ID,Weapon_ID,roundNum,Match_ID) VALUES ('Kill_ID_1042','Player_ID_146','Bucky',4,'Match_ID_128');
INSERT INTO Killer(Kill_ID,Killer_ID,Weapon_ID,roundNum,Match_ID) VALUES ('Kill_ID_1043','Player_ID_208','Sheriff',3,'Match_ID_223');
INSERT INTO Killer(Kill_ID,Killer_ID,Weapon_ID,roundNum,Match_ID) VALUES ('Kill_ID_1044','Player_ID_39','Stinger',5,'Match_ID_109');
INSERT INTO Killer(Kill_ID,Killer_ID,Weapon_ID,roundNum,Match_ID) VALUES ('Kill_ID_1045','Player_ID_205','Marshal',6,'Match_ID_115');
INSERT INTO Killer(Kill_ID,Killer_ID,Weapon_ID,roundNum,Match_ID) VALUES ('Kill_ID_1046','Player_ID_10','Phantom',6,'Match_ID_48');
INSERT INTO Killer(Kill_ID,Killer_ID,Weapon_ID,roundNum,Match_ID) VALUES ('Kill_ID_1047','Player_ID_79','Odin',1,'Match_ID_34');
INSERT INTO Killer(Kill_ID,Killer_ID,Weapon_ID,roundNum,Match_ID) VALUES ('Kill_ID_1048','Player_ID_65','Stinger',6,'Match_ID_34');
INSERT INTO Killer(Kill_ID,Killer_ID,Weapon_ID,roundNum,Match_ID) VALUES ('Kill_ID_1049','Player_ID_39','Frenzy',2,'Match_ID_99');
INSERT INTO Killer(Kill_ID,Killer_ID,Weapon_ID,roundNum,Match_ID) VALUES ('Kill_ID_1050','Player_ID_128','Ghost',1,'Match_ID_183');
INSERT INTO Killer(Kill_ID,Killer_ID,Weapon_ID,roundNum,Match_ID) VALUES ('Kill_ID_1051','Player_ID_159','Marshal',5,'Match_ID_48');
INSERT INTO Killer(Kill_ID,Killer_ID,Weapon_ID,roundNum,Match_ID) VALUES ('Kill_ID_1052','Player_ID_36','Bulldog',1,'Match_ID_4');
INSERT INTO Killer(Kill_ID,Killer_ID,Weapon_ID,roundNum,Match_ID) VALUES ('Kill_ID_1053','Player_ID_221','Classic',6,'Match_ID_236');
INSERT INTO Killer(Kill_ID,Killer_ID,Weapon_ID,roundNum,Match_ID) VALUES ('Kill_ID_1054','Player_ID_114','Operator',7,'Match_ID_76');
INSERT INTO Killer(Kill_ID,Killer_ID,Weapon_ID,roundNum,Match_ID) VALUES ('Kill_ID_1055','Player_ID_54','Odin',8,'Match_ID_147');
INSERT INTO Killer(Kill_ID,Killer_ID,Weapon_ID,roundNum,Match_ID) VALUES ('Kill_ID_1056','Player_ID_92','Phantom',5,'Match_ID_81');
INSERT INTO Killer(Kill_ID,Killer_ID,Weapon_ID,roundNum,Match_ID) VALUES ('Kill_ID_1057','Player_ID_188','Odin',3,'Match_ID_248');
INSERT INTO Killer(Kill_ID,Killer_ID,Weapon_ID,roundNum,Match_ID) VALUES ('Kill_ID_1058','Player_ID_75','Bulldog',3,'Match_ID_150');
INSERT INTO Killer(Kill_ID,Killer_ID,Weapon_ID,roundNum,Match_ID) VALUES ('Kill_ID_1059','Player_ID_83','Marshal',8,'Match_ID_174');
INSERT INTO Killer(Kill_ID,Killer_ID,Weapon_ID,roundNum,Match_ID) VALUES ('Kill_ID_1060','Player_ID_157','Shorty',4,'Match_ID_92');
INSERT INTO Killer(Kill_ID,Killer_ID,Weapon_ID,roundNum,Match_ID) VALUES ('Kill_ID_1061','Player_ID_64','Odin',5,'Match_ID_223');
INSERT INTO Killer(Kill_ID,Killer_ID,Weapon_ID,roundNum,Match_ID) VALUES ('Kill_ID_1062','Player_ID_39','Phantom',2,'Match_ID_204');
INSERT INTO Killer(Kill_ID,Killer_ID,Weapon_ID,roundNum,Match_ID) VALUES ('Kill_ID_1063','Player_ID_171','Frenzy',2,'Match_ID_197');
INSERT INTO Killer(Kill_ID,Killer_ID,Weapon_ID,roundNum,Match_ID) VALUES ('Kill_ID_1064','Player_ID_95','Bucky',4,'Match_ID_53');
INSERT INTO Killer(Kill_ID,Killer_ID,Weapon_ID,roundNum,Match_ID) VALUES ('Kill_ID_1065','Player_ID_86','Frenzy',8,'Match_ID_220');
INSERT INTO Killer(Kill_ID,Killer_ID,Weapon_ID,roundNum,Match_ID) VALUES ('Kill_ID_1066','Player_ID_144','Phantom',5,'Match_ID_32');
INSERT INTO Killer(Kill_ID,Killer_ID,Weapon_ID,roundNum,Match_ID) VALUES ('Kill_ID_1067','Player_ID_199','Vandal',1,'Match_ID_9');
INSERT INTO Killer(Kill_ID,Killer_ID,Weapon_ID,roundNum,Match_ID) VALUES ('Kill_ID_1068','Player_ID_198','Classic',6,'Match_ID_186');
INSERT INTO Killer(Kill_ID,Killer_ID,Weapon_ID,roundNum,Match_ID) VALUES ('Kill_ID_1069','Player_ID_40','Judge',6,'Match_ID_55');
INSERT INTO Killer(Kill_ID,Killer_ID,Weapon_ID,roundNum,Match_ID) VALUES ('Kill_ID_1070','Player_ID_89','Vandal',7,'Match_ID_47');
INSERT INTO Killer(Kill_ID,Killer_ID,Weapon_ID,roundNum,Match_ID) VALUES ('Kill_ID_1071','Player_ID_219','Guardian',4,'Match_ID_44');
INSERT INTO Killer(Kill_ID,Killer_ID,Weapon_ID,roundNum,Match_ID) VALUES ('Kill_ID_1072','Player_ID_171','Ares',1,'Match_ID_210');
INSERT INTO Killer(Kill_ID,Killer_ID,Weapon_ID,roundNum,Match_ID) VALUES ('Kill_ID_1073','Player_ID_59','Ghost',2,'Match_ID_103');
INSERT INTO Killer(Kill_ID,Killer_ID,Weapon_ID,roundNum,Match_ID) VALUES ('Kill_ID_1074','Player_ID_123','Phantom',6,'Match_ID_193');
INSERT INTO Killer(Kill_ID,Killer_ID,Weapon_ID,roundNum,Match_ID) VALUES ('Kill_ID_1075','Player_ID_117','Bulldog',2,'Match_ID_190');
INSERT INTO Killer(Kill_ID,Killer_ID,Weapon_ID,roundNum,Match_ID) VALUES ('Kill_ID_1076','Player_ID_14','Judge',4,'Match_ID_62');
INSERT INTO Killer(Kill_ID,Killer_ID,Weapon_ID,roundNum,Match_ID) VALUES ('Kill_ID_1077','Player_ID_65','Marshal',5,'Match_ID_145');
INSERT INTO Killer(Kill_ID,Killer_ID,Weapon_ID,roundNum,Match_ID) VALUES ('Kill_ID_1078','Player_ID_97','Judge',6,'Match_ID_130');
INSERT INTO Killer(Kill_ID,Killer_ID,Weapon_ID,roundNum,Match_ID) VALUES ('Kill_ID_1079','Player_ID_78','Shorty',8,'Match_ID_174');
INSERT INTO Killer(Kill_ID,Killer_ID,Weapon_ID,roundNum,Match_ID) VALUES ('Kill_ID_1080','Player_ID_221','Spectre',4,'Match_ID_23');
INSERT INTO Killer(Kill_ID,Killer_ID,Weapon_ID,roundNum,Match_ID) VALUES ('Kill_ID_1081','Player_ID_205','Marshal',2,'Match_ID_107');
INSERT INTO Killer(Kill_ID,Killer_ID,Weapon_ID,roundNum,Match_ID) VALUES ('Kill_ID_1082','Player_ID_69','Stinger',5,'Match_ID_241');
INSERT INTO Killer(Kill_ID,Killer_ID,Weapon_ID,roundNum,Match_ID) VALUES ('Kill_ID_1083','Player_ID_126','Odin',5,'Match_ID_113');
INSERT INTO Killer(Kill_ID,Killer_ID,Weapon_ID,roundNum,Match_ID) VALUES ('Kill_ID_1084','Player_ID_124','Ghost',2,'Match_ID_122');
INSERT INTO Killer(Kill_ID,Killer_ID,Weapon_ID,roundNum,Match_ID) VALUES ('Kill_ID_1085','Player_ID_115','Operator',1,'Match_ID_153');
INSERT INTO Killer(Kill_ID,Killer_ID,Weapon_ID,roundNum,Match_ID) VALUES ('Kill_ID_1086','Player_ID_49','Spectre',5,'Match_ID_209');
INSERT INTO Killer(Kill_ID,Killer_ID,Weapon_ID,roundNum,Match_ID) VALUES ('Kill_ID_1087','Player_ID_102','Shorty',2,'Match_ID_14');
INSERT INTO Killer(Kill_ID,Killer_ID,Weapon_ID,roundNum,Match_ID) VALUES ('Kill_ID_1088','Player_ID_54','Frenzy',1,'Match_ID_223');
INSERT INTO Killer(Kill_ID,Killer_ID,Weapon_ID,roundNum,Match_ID) VALUES ('Kill_ID_1089','Player_ID_198','Operator',7,'Match_ID_21');
INSERT INTO Killer(Kill_ID,Killer_ID,Weapon_ID,roundNum,Match_ID) VALUES ('Kill_ID_1090','Player_ID_68','Odin',7,'Match_ID_171');
INSERT INTO Killer(Kill_ID,Killer_ID,Weapon_ID,roundNum,Match_ID) VALUES ('Kill_ID_1091','Player_ID_80','Frenzy',2,'Match_ID_215');
INSERT INTO Killer(Kill_ID,Killer_ID,Weapon_ID,roundNum,Match_ID) VALUES ('Kill_ID_1092','Player_ID_145','Bulldog',5,'Match_ID_115');
INSERT INTO Killer(Kill_ID,Killer_ID,Weapon_ID,roundNum,Match_ID) VALUES ('Kill_ID_1093','Player_ID_102','Operator',6,'Match_ID_61');
INSERT INTO Killer(Kill_ID,Killer_ID,Weapon_ID,roundNum,Match_ID) VALUES ('Kill_ID_1094','Player_ID_169','Spectre',4,'Match_ID_18');
INSERT INTO Killer(Kill_ID,Killer_ID,Weapon_ID,roundNum,Match_ID) VALUES ('Kill_ID_1095','Player_ID_51','Bulldog',4,'Match_ID_72');
INSERT INTO Killer(Kill_ID,Killer_ID,Weapon_ID,roundNum,Match_ID) VALUES ('Kill_ID_1096','Player_ID_12','Operator',8,'Match_ID_48');
INSERT INTO Killer(Kill_ID,Killer_ID,Weapon_ID,roundNum,Match_ID) VALUES ('Kill_ID_1097','Player_ID_41','Operator',7,'Match_ID_133');
INSERT INTO Killer(Kill_ID,Killer_ID,Weapon_ID,roundNum,Match_ID) VALUES ('Kill_ID_1098','Player_ID_120','Ghost',6,'Match_ID_82');
INSERT INTO Killer(Kill_ID,Killer_ID,Weapon_ID,roundNum,Match_ID) VALUES ('Kill_ID_1099','Player_ID_55','Operator',6,'Match_ID_124');
INSERT INTO Killer(Kill_ID,Killer_ID,Weapon_ID,roundNum,Match_ID) VALUES ('Kill_ID_1100','Player_ID_25','Phantom',6,'Match_ID_151');
INSERT INTO Killer(Kill_ID,Killer_ID,Weapon_ID,roundNum,Match_ID) VALUES ('Kill_ID_1101','Player_ID_56','Operator',5,'Match_ID_154');
INSERT INTO Killer(Kill_ID,Killer_ID,Weapon_ID,roundNum,Match_ID) VALUES ('Kill_ID_1102','Player_ID_15','Frenzy',4,'Match_ID_123');
INSERT INTO Killer(Kill_ID,Killer_ID,Weapon_ID,roundNum,Match_ID) VALUES ('Kill_ID_1103','Player_ID_205','Classic',8,'Match_ID_67');
INSERT INTO Killer(Kill_ID,Killer_ID,Weapon_ID,roundNum,Match_ID) VALUES ('Kill_ID_1104','Player_ID_198','Shorty',5,'Match_ID_88');
INSERT INTO Killer(Kill_ID,Killer_ID,Weapon_ID,roundNum,Match_ID) VALUES ('Kill_ID_1105','Player_ID_71','Classic',2,'Match_ID_60');
INSERT INTO Killer(Kill_ID,Killer_ID,Weapon_ID,roundNum,Match_ID) VALUES ('Kill_ID_1106','Player_ID_67','Frenzy',4,'Match_ID_3');
INSERT INTO Killer(Kill_ID,Killer_ID,Weapon_ID,roundNum,Match_ID) VALUES ('Kill_ID_1107','Player_ID_86','Judge',3,'Match_ID_61');
INSERT INTO Killer(Kill_ID,Killer_ID,Weapon_ID,roundNum,Match_ID) VALUES ('Kill_ID_1108','Player_ID_189','Odin',4,'Match_ID_4');
INSERT INTO Killer(Kill_ID,Killer_ID,Weapon_ID,roundNum,Match_ID) VALUES ('Kill_ID_1109','Player_ID_212','Ghost',3,'Match_ID_216');
INSERT INTO Killer(Kill_ID,Killer_ID,Weapon_ID,roundNum,Match_ID) VALUES ('Kill_ID_1110','Player_ID_30','Shorty',5,'Match_ID_133');
INSERT INTO Killer(Kill_ID,Killer_ID,Weapon_ID,roundNum,Match_ID) VALUES ('Kill_ID_1111','Player_ID_157','Stinger',5,'Match_ID_38');
INSERT INTO Killer(Kill_ID,Killer_ID,Weapon_ID,roundNum,Match_ID) VALUES ('Kill_ID_1112','Player_ID_209','Odin',6,'Match_ID_93');
INSERT INTO Killer(Kill_ID,Killer_ID,Weapon_ID,roundNum,Match_ID) VALUES ('Kill_ID_1113','Player_ID_85','Bulldog',5,'Match_ID_22');
INSERT INTO Killer(Kill_ID,Killer_ID,Weapon_ID,roundNum,Match_ID) VALUES ('Kill_ID_1114','Player_ID_225','Bucky',5,'Match_ID_97');
INSERT INTO Killer(Kill_ID,Killer_ID,Weapon_ID,roundNum,Match_ID) VALUES ('Kill_ID_1115','Player_ID_113','Phantom',3,'Match_ID_229');
INSERT INTO Killer(Kill_ID,Killer_ID,Weapon_ID,roundNum,Match_ID) VALUES ('Kill_ID_1116','Player_ID_175','Ghost',3,'Match_ID_113');
INSERT INTO Killer(Kill_ID,Killer_ID,Weapon_ID,roundNum,Match_ID) VALUES ('Kill_ID_1117','Player_ID_154','Shorty',5,'Match_ID_162');
INSERT INTO Killer(Kill_ID,Killer_ID,Weapon_ID,roundNum,Match_ID) VALUES ('Kill_ID_1118','Player_ID_203','Ares',4,'Match_ID_216');
INSERT INTO Killer(Kill_ID,Killer_ID,Weapon_ID,roundNum,Match_ID) VALUES ('Kill_ID_1119','Player_ID_44','Shorty',6,'Match_ID_53');
INSERT INTO Killer(Kill_ID,Killer_ID,Weapon_ID,roundNum,Match_ID) VALUES ('Kill_ID_1120','Player_ID_89','Ghost',7,'Match_ID_144');
INSERT INTO Killer(Kill_ID,Killer_ID,Weapon_ID,roundNum,Match_ID) VALUES ('Kill_ID_1121','Player_ID_155','Phantom',7,'Match_ID_157');
INSERT INTO Killer(Kill_ID,Killer_ID,Weapon_ID,roundNum,Match_ID) VALUES ('Kill_ID_1122','Player_ID_76','Vandal',6,'Match_ID_11');
INSERT INTO Killer(Kill_ID,Killer_ID,Weapon_ID,roundNum,Match_ID) VALUES ('Kill_ID_1123','Player_ID_69','Vandal',1,'Match_ID_73');
INSERT INTO Killer(Kill_ID,Killer_ID,Weapon_ID,roundNum,Match_ID) VALUES ('Kill_ID_1124','Player_ID_64','Bulldog',5,'Match_ID_230');
INSERT INTO Killer(Kill_ID,Killer_ID,Weapon_ID,roundNum,Match_ID) VALUES ('Kill_ID_1125','Player_ID_39','Odin',4,'Match_ID_2');
INSERT INTO Killer(Kill_ID,Killer_ID,Weapon_ID,roundNum,Match_ID) VALUES ('Kill_ID_1126','Player_ID_141','Shorty',8,'Match_ID_201');
INSERT INTO Killer(Kill_ID,Killer_ID,Weapon_ID,roundNum,Match_ID) VALUES ('Kill_ID_1127','Player_ID_199','Guardian',8,'Match_ID_68');
INSERT INTO Killer(Kill_ID,Killer_ID,Weapon_ID,roundNum,Match_ID) VALUES ('Kill_ID_1128','Player_ID_141','Classic',4,'Match_ID_247');
INSERT INTO Killer(Kill_ID,Killer_ID,Weapon_ID,roundNum,Match_ID) VALUES ('Kill_ID_1129','Player_ID_205','Odin',2,'Match_ID_229');
INSERT INTO Killer(Kill_ID,Killer_ID,Weapon_ID,roundNum,Match_ID) VALUES ('Kill_ID_1130','Player_ID_224','Classic',1,'Match_ID_41');
INSERT INTO Killer(Kill_ID,Killer_ID,Weapon_ID,roundNum,Match_ID) VALUES ('Kill_ID_1131','Player_ID_129','Odin',1,'Match_ID_242');
INSERT INTO Killer(Kill_ID,Killer_ID,Weapon_ID,roundNum,Match_ID) VALUES ('Kill_ID_1132','Player_ID_161','Frenzy',8,'Match_ID_207');
INSERT INTO Killer(Kill_ID,Killer_ID,Weapon_ID,roundNum,Match_ID) VALUES ('Kill_ID_1133','Player_ID_33','Bucky',2,'Match_ID_232');
INSERT INTO Killer(Kill_ID,Killer_ID,Weapon_ID,roundNum,Match_ID) VALUES ('Kill_ID_1134','Player_ID_126','Frenzy',7,'Match_ID_245');
INSERT INTO Killer(Kill_ID,Killer_ID,Weapon_ID,roundNum,Match_ID) VALUES ('Kill_ID_1135','Player_ID_90','Frenzy',3,'Match_ID_114');
INSERT INTO Killer(Kill_ID,Killer_ID,Weapon_ID,roundNum,Match_ID) VALUES ('Kill_ID_1136','Player_ID_3','Classic',7,'Match_ID_59');
INSERT INTO Killer(Kill_ID,Killer_ID,Weapon_ID,roundNum,Match_ID) VALUES ('Kill_ID_1137','Player_ID_121','Guardian',3,'Match_ID_223');
INSERT INTO Killer(Kill_ID,Killer_ID,Weapon_ID,roundNum,Match_ID) VALUES ('Kill_ID_1138','Player_ID_48','Operator',6,'Match_ID_70');
INSERT INTO Killer(Kill_ID,Killer_ID,Weapon_ID,roundNum,Match_ID) VALUES ('Kill_ID_1139','Player_ID_47','Guardian',6,'Match_ID_101');
INSERT INTO Killer(Kill_ID,Killer_ID,Weapon_ID,roundNum,Match_ID) VALUES ('Kill_ID_1140','Player_ID_43','Operator',6,'Match_ID_129');
INSERT INTO Killer(Kill_ID,Killer_ID,Weapon_ID,roundNum,Match_ID) VALUES ('Kill_ID_1141','Player_ID_69','Odin',4,'Match_ID_39');
INSERT INTO Killer(Kill_ID,Killer_ID,Weapon_ID,roundNum,Match_ID) VALUES ('Kill_ID_1142','Player_ID_174','Stinger',6,'Match_ID_126');
INSERT INTO Killer(Kill_ID,Killer_ID,Weapon_ID,roundNum,Match_ID) VALUES ('Kill_ID_1143','Player_ID_117','Guardian',8,'Match_ID_111');
INSERT INTO Killer(Kill_ID,Killer_ID,Weapon_ID,roundNum,Match_ID) VALUES ('Kill_ID_1144','Player_ID_30','Phantom',5,'Match_ID_246');
INSERT INTO Killer(Kill_ID,Killer_ID,Weapon_ID,roundNum,Match_ID) VALUES ('Kill_ID_1145','Player_ID_88','Bucky',5,'Match_ID_203');
INSERT INTO Killer(Kill_ID,Killer_ID,Weapon_ID,roundNum,Match_ID) VALUES ('Kill_ID_1146','Player_ID_168','Stinger',5,'Match_ID_38');
INSERT INTO Killer(Kill_ID,Killer_ID,Weapon_ID,roundNum,Match_ID) VALUES ('Kill_ID_1147','Player_ID_137','Phantom',8,'Match_ID_81');
INSERT INTO Killer(Kill_ID,Killer_ID,Weapon_ID,roundNum,Match_ID) VALUES ('Kill_ID_1148','Player_ID_6','Odin',6,'Match_ID_170');
INSERT INTO Killer(Kill_ID,Killer_ID,Weapon_ID,roundNum,Match_ID) VALUES ('Kill_ID_1149','Player_ID_75','Sheriff',4,'Match_ID_159');
INSERT INTO Killer(Kill_ID,Killer_ID,Weapon_ID,roundNum,Match_ID) VALUES ('Kill_ID_1150','Player_ID_73','Ares',6,'Match_ID_5');
INSERT INTO Killer(Kill_ID,Killer_ID,Weapon_ID,roundNum,Match_ID) VALUES ('Kill_ID_1151','Player_ID_60','Bucky',3,'Match_ID_55');
INSERT INTO Killer(Kill_ID,Killer_ID,Weapon_ID,roundNum,Match_ID) VALUES ('Kill_ID_1152','Player_ID_43','Stinger',4,'Match_ID_149');
INSERT INTO Killer(Kill_ID,Killer_ID,Weapon_ID,roundNum,Match_ID) VALUES ('Kill_ID_1153','Player_ID_187','Guardian',6,'Match_ID_82');
INSERT INTO Killer(Kill_ID,Killer_ID,Weapon_ID,roundNum,Match_ID) VALUES ('Kill_ID_1154','Player_ID_133','Stinger',7,'Match_ID_141');
INSERT INTO Killer(Kill_ID,Killer_ID,Weapon_ID,roundNum,Match_ID) VALUES ('Kill_ID_1155','Player_ID_53','Bucky',6,'Match_ID_207');
INSERT INTO Killer(Kill_ID,Killer_ID,Weapon_ID,roundNum,Match_ID) VALUES ('Kill_ID_1156','Player_ID_152','Ghost',6,'Match_ID_3');
INSERT INTO Killer(Kill_ID,Killer_ID,Weapon_ID,roundNum,Match_ID) VALUES ('Kill_ID_1157','Player_ID_147','Operator',1,'Match_ID_179');
INSERT INTO Killer(Kill_ID,Killer_ID,Weapon_ID,roundNum,Match_ID) VALUES ('Kill_ID_1158','Player_ID_59','Judge',8,'Match_ID_122');
INSERT INTO Killer(Kill_ID,Killer_ID,Weapon_ID,roundNum,Match_ID) VALUES ('Kill_ID_1159','Player_ID_94','Bulldog',5,'Match_ID_68');
INSERT INTO Killer(Kill_ID,Killer_ID,Weapon_ID,roundNum,Match_ID) VALUES ('Kill_ID_1160','Player_ID_5','Vandal',5,'Match_ID_230');
INSERT INTO Killer(Kill_ID,Killer_ID,Weapon_ID,roundNum,Match_ID) VALUES ('Kill_ID_1161','Player_ID_57','Ares',6,'Match_ID_185');
INSERT INTO Killer(Kill_ID,Killer_ID,Weapon_ID,roundNum,Match_ID) VALUES ('Kill_ID_1162','Player_ID_69','Marshal',4,'Match_ID_23');
INSERT INTO Killer(Kill_ID,Killer_ID,Weapon_ID,roundNum,Match_ID) VALUES ('Kill_ID_1163','Player_ID_142','Judge',2,'Match_ID_168');
INSERT INTO Killer(Kill_ID,Killer_ID,Weapon_ID,roundNum,Match_ID) VALUES ('Kill_ID_1164','Player_ID_72','Stinger',7,'Match_ID_173');
INSERT INTO Killer(Kill_ID,Killer_ID,Weapon_ID,roundNum,Match_ID) VALUES ('Kill_ID_1165','Player_ID_52','Sheriff',1,'Match_ID_105');
INSERT INTO Killer(Kill_ID,Killer_ID,Weapon_ID,roundNum,Match_ID) VALUES ('Kill_ID_1166','Player_ID_65','Bucky',3,'Match_ID_120');
INSERT INTO Killer(Kill_ID,Killer_ID,Weapon_ID,roundNum,Match_ID) VALUES ('Kill_ID_1167','Player_ID_104','Spectre',1,'Match_ID_99');
INSERT INTO Killer(Kill_ID,Killer_ID,Weapon_ID,roundNum,Match_ID) VALUES ('Kill_ID_1168','Player_ID_140','Stinger',5,'Match_ID_80');
INSERT INTO Killer(Kill_ID,Killer_ID,Weapon_ID,roundNum,Match_ID) VALUES ('Kill_ID_1169','Player_ID_217','Bucky',6,'Match_ID_112');
INSERT INTO Killer(Kill_ID,Killer_ID,Weapon_ID,roundNum,Match_ID) VALUES ('Kill_ID_1170','Player_ID_176','Marshal',4,'Match_ID_13');
INSERT INTO Killer(Kill_ID,Killer_ID,Weapon_ID,roundNum,Match_ID) VALUES ('Kill_ID_1171','Player_ID_224','Marshal',1,'Match_ID_39');
INSERT INTO Killer(Kill_ID,Killer_ID,Weapon_ID,roundNum,Match_ID) VALUES ('Kill_ID_1172','Player_ID_65','Odin',8,'Match_ID_14');
INSERT INTO Killer(Kill_ID,Killer_ID,Weapon_ID,roundNum,Match_ID) VALUES ('Kill_ID_1173','Player_ID_68','Vandal',5,'Match_ID_224');
INSERT INTO Killer(Kill_ID,Killer_ID,Weapon_ID,roundNum,Match_ID) VALUES ('Kill_ID_1174','Player_ID_165','Guardian',2,'Match_ID_174');
INSERT INTO Killer(Kill_ID,Killer_ID,Weapon_ID,roundNum,Match_ID) VALUES ('Kill_ID_1175','Player_ID_112','Marshal',2,'Match_ID_71');
INSERT INTO Killer(Kill_ID,Killer_ID,Weapon_ID,roundNum,Match_ID) VALUES ('Kill_ID_1176','Player_ID_45','Stinger',1,'Match_ID_133');
INSERT INTO Killer(Kill_ID,Killer_ID,Weapon_ID,roundNum,Match_ID) VALUES ('Kill_ID_1177','Player_ID_95','Judge',8,'Match_ID_210');
INSERT INTO Killer(Kill_ID,Killer_ID,Weapon_ID,roundNum,Match_ID) VALUES ('Kill_ID_1178','Player_ID_17','Bulldog',8,'Match_ID_161');
INSERT INTO Killer(Kill_ID,Killer_ID,Weapon_ID,roundNum,Match_ID) VALUES ('Kill_ID_1179','Player_ID_62','Marshal',1,'Match_ID_147');
INSERT INTO Killer(Kill_ID,Killer_ID,Weapon_ID,roundNum,Match_ID) VALUES ('Kill_ID_1180','Player_ID_216','Classic',7,'Match_ID_8');
INSERT INTO Killer(Kill_ID,Killer_ID,Weapon_ID,roundNum,Match_ID) VALUES ('Kill_ID_1181','Player_ID_177','Frenzy',7,'Match_ID_247');
INSERT INTO Killer(Kill_ID,Killer_ID,Weapon_ID,roundNum,Match_ID) VALUES ('Kill_ID_1182','Player_ID_193','Vandal',6,'Match_ID_210');
INSERT INTO Killer(Kill_ID,Killer_ID,Weapon_ID,roundNum,Match_ID) VALUES ('Kill_ID_1183','Player_ID_8','Operator',1,'Match_ID_250');
INSERT INTO Killer(Kill_ID,Killer_ID,Weapon_ID,roundNum,Match_ID) VALUES ('Kill_ID_1184','Player_ID_12','Operator',4,'Match_ID_130');
INSERT INTO Killer(Kill_ID,Killer_ID,Weapon_ID,roundNum,Match_ID) VALUES ('Kill_ID_1185','Player_ID_54','Ghost',7,'Match_ID_221');
INSERT INTO Killer(Kill_ID,Killer_ID,Weapon_ID,roundNum,Match_ID) VALUES ('Kill_ID_1186','Player_ID_102','Shorty',8,'Match_ID_168');
INSERT INTO Killer(Kill_ID,Killer_ID,Weapon_ID,roundNum,Match_ID) VALUES ('Kill_ID_1187','Player_ID_22','Bulldog',4,'Match_ID_164');
INSERT INTO Killer(Kill_ID,Killer_ID,Weapon_ID,roundNum,Match_ID) VALUES ('Kill_ID_1188','Player_ID_69','Shorty',6,'Match_ID_87');
INSERT INTO Killer(Kill_ID,Killer_ID,Weapon_ID,roundNum,Match_ID) VALUES ('Kill_ID_1189','Player_ID_93','Stinger',5,'Match_ID_177');
INSERT INTO Killer(Kill_ID,Killer_ID,Weapon_ID,roundNum,Match_ID) VALUES ('Kill_ID_1190','Player_ID_82','Marshal',2,'Match_ID_215');
INSERT INTO Killer(Kill_ID,Killer_ID,Weapon_ID,roundNum,Match_ID) VALUES ('Kill_ID_1191','Player_ID_85','Operator',1,'Match_ID_35');
INSERT INTO Killer(Kill_ID,Killer_ID,Weapon_ID,roundNum,Match_ID) VALUES ('Kill_ID_1192','Player_ID_178','Frenzy',6,'Match_ID_134');
INSERT INTO Killer(Kill_ID,Killer_ID,Weapon_ID,roundNum,Match_ID) VALUES ('Kill_ID_1193','Player_ID_12','Frenzy',3,'Match_ID_132');
INSERT INTO Killer(Kill_ID,Killer_ID,Weapon_ID,roundNum,Match_ID) VALUES ('Kill_ID_1194','Player_ID_222','Marshal',3,'Match_ID_39');
INSERT INTO Killer(Kill_ID,Killer_ID,Weapon_ID,roundNum,Match_ID) VALUES ('Kill_ID_1195','Player_ID_117','Phantom',1,'Match_ID_139');
INSERT INTO Killer(Kill_ID,Killer_ID,Weapon_ID,roundNum,Match_ID) VALUES ('Kill_ID_1196','Player_ID_5','Spectre',6,'Match_ID_250');
INSERT INTO Killer(Kill_ID,Killer_ID,Weapon_ID,roundNum,Match_ID) VALUES ('Kill_ID_1197','Player_ID_43','Bulldog',8,'Match_ID_222');
INSERT INTO Killer(Kill_ID,Killer_ID,Weapon_ID,roundNum,Match_ID) VALUES ('Kill_ID_1198','Player_ID_142','Odin',7,'Match_ID_50');
INSERT INTO Killer(Kill_ID,Killer_ID,Weapon_ID,roundNum,Match_ID) VALUES ('Kill_ID_1199','Player_ID_9','Shorty',6,'Match_ID_3');
INSERT INTO Killer(Kill_ID,Killer_ID,Weapon_ID,roundNum,Match_ID) VALUES ('Kill_ID_1200','Player_ID_178','Ghost',2,'Match_ID_57');
INSERT INTO Killer(Kill_ID,Killer_ID,Weapon_ID,roundNum,Match_ID) VALUES ('Kill_ID_1201','Player_ID_221','Odin',6,'Match_ID_30');
INSERT INTO Killer(Kill_ID,Killer_ID,Weapon_ID,roundNum,Match_ID) VALUES ('Kill_ID_1202','Player_ID_220','Odin',7,'Match_ID_153');
INSERT INTO Killer(Kill_ID,Killer_ID,Weapon_ID,roundNum,Match_ID) VALUES ('Kill_ID_1203','Player_ID_13','Operator',6,'Match_ID_176');
INSERT INTO Killer(Kill_ID,Killer_ID,Weapon_ID,roundNum,Match_ID) VALUES ('Kill_ID_1204','Player_ID_13','Spectre',4,'Match_ID_174');
INSERT INTO Killer(Kill_ID,Killer_ID,Weapon_ID,roundNum,Match_ID) VALUES ('Kill_ID_1205','Player_ID_184','Shorty',8,'Match_ID_162');
INSERT INTO Killer(Kill_ID,Killer_ID,Weapon_ID,roundNum,Match_ID) VALUES ('Kill_ID_1206','Player_ID_130','Frenzy',3,'Match_ID_105');
INSERT INTO Killer(Kill_ID,Killer_ID,Weapon_ID,roundNum,Match_ID) VALUES ('Kill_ID_1207','Player_ID_65','Marshal',6,'Match_ID_140');
INSERT INTO Killer(Kill_ID,Killer_ID,Weapon_ID,roundNum,Match_ID) VALUES ('Kill_ID_1208','Player_ID_187','Ares',4,'Match_ID_224');
INSERT INTO Killer(Kill_ID,Killer_ID,Weapon_ID,roundNum,Match_ID) VALUES ('Kill_ID_1209','Player_ID_102','Judge',4,'Match_ID_171');
INSERT INTO Killer(Kill_ID,Killer_ID,Weapon_ID,roundNum,Match_ID) VALUES ('Kill_ID_1210','Player_ID_173','Vandal',6,'Match_ID_2');
INSERT INTO Killer(Kill_ID,Killer_ID,Weapon_ID,roundNum,Match_ID) VALUES ('Kill_ID_1211','Player_ID_15','Spectre',1,'Match_ID_1');
INSERT INTO Killer(Kill_ID,Killer_ID,Weapon_ID,roundNum,Match_ID) VALUES ('Kill_ID_1212','Player_ID_202','Odin',6,'Match_ID_197');
INSERT INTO Killer(Kill_ID,Killer_ID,Weapon_ID,roundNum,Match_ID) VALUES ('Kill_ID_1213','Player_ID_191','Marshal',2,'Match_ID_102');
INSERT INTO Killer(Kill_ID,Killer_ID,Weapon_ID,roundNum,Match_ID) VALUES ('Kill_ID_1214','Player_ID_33','Odin',1,'Match_ID_12');
INSERT INTO Killer(Kill_ID,Killer_ID,Weapon_ID,roundNum,Match_ID) VALUES ('Kill_ID_1215','Player_ID_88','Bulldog',3,'Match_ID_191');
INSERT INTO Killer(Kill_ID,Killer_ID,Weapon_ID,roundNum,Match_ID) VALUES ('Kill_ID_1216','Player_ID_3','Guardian',3,'Match_ID_94');
INSERT INTO Killer(Kill_ID,Killer_ID,Weapon_ID,roundNum,Match_ID) VALUES ('Kill_ID_1217','Player_ID_101','Odin',2,'Match_ID_105');
INSERT INTO Killer(Kill_ID,Killer_ID,Weapon_ID,roundNum,Match_ID) VALUES ('Kill_ID_1218','Player_ID_38','Frenzy',3,'Match_ID_215');
INSERT INTO Killer(Kill_ID,Killer_ID,Weapon_ID,roundNum,Match_ID) VALUES ('Kill_ID_1219','Player_ID_29','Spectre',3,'Match_ID_160');
INSERT INTO Killer(Kill_ID,Killer_ID,Weapon_ID,roundNum,Match_ID) VALUES ('Kill_ID_1220','Player_ID_218','Sheriff',6,'Match_ID_65');
INSERT INTO Killer(Kill_ID,Killer_ID,Weapon_ID,roundNum,Match_ID) VALUES ('Kill_ID_1221','Player_ID_167','Sheriff',4,'Match_ID_31');
INSERT INTO Killer(Kill_ID,Killer_ID,Weapon_ID,roundNum,Match_ID) VALUES ('Kill_ID_1222','Player_ID_129','Guardian',3,'Match_ID_198');
INSERT INTO Killer(Kill_ID,Killer_ID,Weapon_ID,roundNum,Match_ID) VALUES ('Kill_ID_1223','Player_ID_29','Shorty',2,'Match_ID_1');
INSERT INTO Killer(Kill_ID,Killer_ID,Weapon_ID,roundNum,Match_ID) VALUES ('Kill_ID_1224','Player_ID_73','Ghost',8,'Match_ID_48');
INSERT INTO Killer(Kill_ID,Killer_ID,Weapon_ID,roundNum,Match_ID) VALUES ('Kill_ID_1225','Player_ID_79','Shorty',8,'Match_ID_73');
INSERT INTO Killer(Kill_ID,Killer_ID,Weapon_ID,roundNum,Match_ID) VALUES ('Kill_ID_1226','Player_ID_95','Marshal',5,'Match_ID_2');
INSERT INTO Killer(Kill_ID,Killer_ID,Weapon_ID,roundNum,Match_ID) VALUES ('Kill_ID_1227','Player_ID_101','Odin',3,'Match_ID_232');
INSERT INTO Killer(Kill_ID,Killer_ID,Weapon_ID,roundNum,Match_ID) VALUES ('Kill_ID_1228','Player_ID_220','Stinger',1,'Match_ID_155');
INSERT INTO Killer(Kill_ID,Killer_ID,Weapon_ID,roundNum,Match_ID) VALUES ('Kill_ID_1229','Player_ID_117','Shorty',7,'Match_ID_110');
INSERT INTO Killer(Kill_ID,Killer_ID,Weapon_ID,roundNum,Match_ID) VALUES ('Kill_ID_1230','Player_ID_134','Stinger',8,'Match_ID_206');
INSERT INTO Killer(Kill_ID,Killer_ID,Weapon_ID,roundNum,Match_ID) VALUES ('Kill_ID_1231','Player_ID_195','Ghost',2,'Match_ID_201');
INSERT INTO Killer(Kill_ID,Killer_ID,Weapon_ID,roundNum,Match_ID) VALUES ('Kill_ID_1232','Player_ID_7','Guardian',1,'Match_ID_36');
INSERT INTO Killer(Kill_ID,Killer_ID,Weapon_ID,roundNum,Match_ID) VALUES ('Kill_ID_1233','Player_ID_218','Ghost',3,'Match_ID_76');
INSERT INTO Killer(Kill_ID,Killer_ID,Weapon_ID,roundNum,Match_ID) VALUES ('Kill_ID_1234','Player_ID_214','Marshal',3,'Match_ID_215');
INSERT INTO Killer(Kill_ID,Killer_ID,Weapon_ID,roundNum,Match_ID) VALUES ('Kill_ID_1235','Player_ID_106','Guardian',1,'Match_ID_18');
INSERT INTO Killer(Kill_ID,Killer_ID,Weapon_ID,roundNum,Match_ID) VALUES ('Kill_ID_1236','Player_ID_194','Vandal',2,'Match_ID_16');
INSERT INTO Killer(Kill_ID,Killer_ID,Weapon_ID,roundNum,Match_ID) VALUES ('Kill_ID_1237','Player_ID_91','Judge',6,'Match_ID_5');
INSERT INTO Killer(Kill_ID,Killer_ID,Weapon_ID,roundNum,Match_ID) VALUES ('Kill_ID_1238','Player_ID_60','Phantom',8,'Match_ID_92');
INSERT INTO Killer(Kill_ID,Killer_ID,Weapon_ID,roundNum,Match_ID) VALUES ('Kill_ID_1239','Player_ID_70','Sheriff',8,'Match_ID_186');
INSERT INTO Killer(Kill_ID,Killer_ID,Weapon_ID,roundNum,Match_ID) VALUES ('Kill_ID_1240','Player_ID_63','Odin',5,'Match_ID_73');
INSERT INTO Killer(Kill_ID,Killer_ID,Weapon_ID,roundNum,Match_ID) VALUES ('Kill_ID_1241','Player_ID_20','Sheriff',1,'Match_ID_114');
INSERT INTO Killer(Kill_ID,Killer_ID,Weapon_ID,roundNum,Match_ID) VALUES ('Kill_ID_1242','Player_ID_48','Sheriff',8,'Match_ID_92');
INSERT INTO Killer(Kill_ID,Killer_ID,Weapon_ID,roundNum,Match_ID) VALUES ('Kill_ID_1243','Player_ID_188','Shorty',5,'Match_ID_64');
INSERT INTO Killer(Kill_ID,Killer_ID,Weapon_ID,roundNum,Match_ID) VALUES ('Kill_ID_1244','Player_ID_115','Stinger',1,'Match_ID_76');
INSERT INTO Killer(Kill_ID,Killer_ID,Weapon_ID,roundNum,Match_ID) VALUES ('Kill_ID_1245','Player_ID_24','Ghost',3,'Match_ID_118');
INSERT INTO Killer(Kill_ID,Killer_ID,Weapon_ID,roundNum,Match_ID) VALUES ('Kill_ID_1246','Player_ID_10','Guardian',3,'Match_ID_77');
INSERT INTO Killer(Kill_ID,Killer_ID,Weapon_ID,roundNum,Match_ID) VALUES ('Kill_ID_1247','Player_ID_65','Judge',5,'Match_ID_172');
INSERT INTO Killer(Kill_ID,Killer_ID,Weapon_ID,roundNum,Match_ID) VALUES ('Kill_ID_1248','Player_ID_42','Bucky',8,'Match_ID_82');
INSERT INTO Killer(Kill_ID,Killer_ID,Weapon_ID,roundNum,Match_ID) VALUES ('Kill_ID_1249','Player_ID_107','Phantom',2,'Match_ID_230');
INSERT INTO Killer(Kill_ID,Killer_ID,Weapon_ID,roundNum,Match_ID) VALUES ('Kill_ID_1250','Player_ID_52','Ghost',7,'Match_ID_119');
INSERT INTO Killer(Kill_ID,Killer_ID,Weapon_ID,roundNum,Match_ID) VALUES ('Kill_ID_1251','Player_ID_32','Sheriff',4,'Match_ID_137');
INSERT INTO Killer(Kill_ID,Killer_ID,Weapon_ID,roundNum,Match_ID) VALUES ('Kill_ID_1252','Player_ID_28','Stinger',3,'Match_ID_129');
INSERT INTO Killer(Kill_ID,Killer_ID,Weapon_ID,roundNum,Match_ID) VALUES ('Kill_ID_1253','Player_ID_116','Classic',7,'Match_ID_69');
INSERT INTO Killer(Kill_ID,Killer_ID,Weapon_ID,roundNum,Match_ID) VALUES ('Kill_ID_1254','Player_ID_193','Guardian',3,'Match_ID_123');
INSERT INTO Killer(Kill_ID,Killer_ID,Weapon_ID,roundNum,Match_ID) VALUES ('Kill_ID_1255','Player_ID_7','Frenzy',5,'Match_ID_208');
INSERT INTO Killer(Kill_ID,Killer_ID,Weapon_ID,roundNum,Match_ID) VALUES ('Kill_ID_1256','Player_ID_14','Vandal',1,'Match_ID_174');
INSERT INTO Killer(Kill_ID,Killer_ID,Weapon_ID,roundNum,Match_ID) VALUES ('Kill_ID_1257','Player_ID_11','Phantom',7,'Match_ID_136');
INSERT INTO Killer(Kill_ID,Killer_ID,Weapon_ID,roundNum,Match_ID) VALUES ('Kill_ID_1258','Player_ID_127','Odin',4,'Match_ID_45');
INSERT INTO Killer(Kill_ID,Killer_ID,Weapon_ID,roundNum,Match_ID) VALUES ('Kill_ID_1259','Player_ID_49','Vandal',6,'Match_ID_76');
INSERT INTO Killer(Kill_ID,Killer_ID,Weapon_ID,roundNum,Match_ID) VALUES ('Kill_ID_1260','Player_ID_113','Spectre',2,'Match_ID_156');
INSERT INTO Killer(Kill_ID,Killer_ID,Weapon_ID,roundNum,Match_ID) VALUES ('Kill_ID_1261','Player_ID_182','Classic',7,'Match_ID_124');
INSERT INTO Killer(Kill_ID,Killer_ID,Weapon_ID,roundNum,Match_ID) VALUES ('Kill_ID_1262','Player_ID_138','Sheriff',1,'Match_ID_71');
INSERT INTO Killer(Kill_ID,Killer_ID,Weapon_ID,roundNum,Match_ID) VALUES ('Kill_ID_1263','Player_ID_77','Stinger',5,'Match_ID_248');
INSERT INTO Killer(Kill_ID,Killer_ID,Weapon_ID,roundNum,Match_ID) VALUES ('Kill_ID_1264','Player_ID_57','Judge',7,'Match_ID_93');
INSERT INTO Killer(Kill_ID,Killer_ID,Weapon_ID,roundNum,Match_ID) VALUES ('Kill_ID_1265','Player_ID_25','Vandal',1,'Match_ID_171');
INSERT INTO Killer(Kill_ID,Killer_ID,Weapon_ID,roundNum,Match_ID) VALUES ('Kill_ID_1266','Player_ID_138','Spectre',4,'Match_ID_188');
INSERT INTO Killer(Kill_ID,Killer_ID,Weapon_ID,roundNum,Match_ID) VALUES ('Kill_ID_1267','Player_ID_139','Sheriff',5,'Match_ID_232');
INSERT INTO Killer(Kill_ID,Killer_ID,Weapon_ID,roundNum,Match_ID) VALUES ('Kill_ID_1268','Player_ID_36','Shorty',2,'Match_ID_33');
INSERT INTO Killer(Kill_ID,Killer_ID,Weapon_ID,roundNum,Match_ID) VALUES ('Kill_ID_1269','Player_ID_106','Sheriff',6,'Match_ID_166');
INSERT INTO Killer(Kill_ID,Killer_ID,Weapon_ID,roundNum,Match_ID) VALUES ('Kill_ID_1270','Player_ID_31','Vandal',5,'Match_ID_245');
INSERT INTO Killer(Kill_ID,Killer_ID,Weapon_ID,roundNum,Match_ID) VALUES ('Kill_ID_1271','Player_ID_85','Ares',6,'Match_ID_83');
INSERT INTO Killer(Kill_ID,Killer_ID,Weapon_ID,roundNum,Match_ID) VALUES ('Kill_ID_1272','Player_ID_5','Sheriff',7,'Match_ID_17');
INSERT INTO Killer(Kill_ID,Killer_ID,Weapon_ID,roundNum,Match_ID) VALUES ('Kill_ID_1273','Player_ID_15','Ghost',5,'Match_ID_176');
INSERT INTO Killer(Kill_ID,Killer_ID,Weapon_ID,roundNum,Match_ID) VALUES ('Kill_ID_1274','Player_ID_98','Classic',3,'Match_ID_154');
INSERT INTO Killer(Kill_ID,Killer_ID,Weapon_ID,roundNum,Match_ID) VALUES ('Kill_ID_1275','Player_ID_189','Ares',2,'Match_ID_228');
INSERT INTO Killer(Kill_ID,Killer_ID,Weapon_ID,roundNum,Match_ID) VALUES ('Kill_ID_1276','Player_ID_125','Stinger',3,'Match_ID_137');
INSERT INTO Killer(Kill_ID,Killer_ID,Weapon_ID,roundNum,Match_ID) VALUES ('Kill_ID_1277','Player_ID_124','Stinger',5,'Match_ID_90');
INSERT INTO Killer(Kill_ID,Killer_ID,Weapon_ID,roundNum,Match_ID) VALUES ('Kill_ID_1278','Player_ID_87','Operator',3,'Match_ID_170');
INSERT INTO Killer(Kill_ID,Killer_ID,Weapon_ID,roundNum,Match_ID) VALUES ('Kill_ID_1279','Player_ID_44','Ghost',5,'Match_ID_10');
INSERT INTO Killer(Kill_ID,Killer_ID,Weapon_ID,roundNum,Match_ID) VALUES ('Kill_ID_1280','Player_ID_4','Phantom',7,'Match_ID_18');
INSERT INTO Killer(Kill_ID,Killer_ID,Weapon_ID,roundNum,Match_ID) VALUES ('Kill_ID_1281','Player_ID_10','Frenzy',3,'Match_ID_100');
INSERT INTO Killer(Kill_ID,Killer_ID,Weapon_ID,roundNum,Match_ID) VALUES ('Kill_ID_1282','Player_ID_126','Sheriff',7,'Match_ID_94');
INSERT INTO Killer(Kill_ID,Killer_ID,Weapon_ID,roundNum,Match_ID) VALUES ('Kill_ID_1283','Player_ID_206','Bulldog',3,'Match_ID_60');
INSERT INTO Killer(Kill_ID,Killer_ID,Weapon_ID,roundNum,Match_ID) VALUES ('Kill_ID_1284','Player_ID_147','Operator',6,'Match_ID_239');
INSERT INTO Killer(Kill_ID,Killer_ID,Weapon_ID,roundNum,Match_ID) VALUES ('Kill_ID_1285','Player_ID_134','Judge',8,'Match_ID_103');
INSERT INTO Killer(Kill_ID,Killer_ID,Weapon_ID,roundNum,Match_ID) VALUES ('Kill_ID_1286','Player_ID_24','Guardian',3,'Match_ID_144');
INSERT INTO Killer(Kill_ID,Killer_ID,Weapon_ID,roundNum,Match_ID) VALUES ('Kill_ID_1287','Player_ID_146','Classic',5,'Match_ID_67');
INSERT INTO Killer(Kill_ID,Killer_ID,Weapon_ID,roundNum,Match_ID) VALUES ('Kill_ID_1288','Player_ID_89','Operator',3,'Match_ID_237');
INSERT INTO Killer(Kill_ID,Killer_ID,Weapon_ID,roundNum,Match_ID) VALUES ('Kill_ID_1289','Player_ID_190','Classic',6,'Match_ID_222');
INSERT INTO Killer(Kill_ID,Killer_ID,Weapon_ID,roundNum,Match_ID) VALUES ('Kill_ID_1290','Player_ID_121','Guardian',6,'Match_ID_158');
INSERT INTO Killer(Kill_ID,Killer_ID,Weapon_ID,roundNum,Match_ID) VALUES ('Kill_ID_1291','Player_ID_169','Guardian',3,'Match_ID_1');
INSERT INTO Killer(Kill_ID,Killer_ID,Weapon_ID,roundNum,Match_ID) VALUES ('Kill_ID_1292','Player_ID_190','Bulldog',2,'Match_ID_4');
INSERT INTO Killer(Kill_ID,Killer_ID,Weapon_ID,roundNum,Match_ID) VALUES ('Kill_ID_1293','Player_ID_28','Ares',4,'Match_ID_180');
INSERT INTO Killer(Kill_ID,Killer_ID,Weapon_ID,roundNum,Match_ID) VALUES ('Kill_ID_1294','Player_ID_82','Judge',6,'Match_ID_99');
INSERT INTO Killer(Kill_ID,Killer_ID,Weapon_ID,roundNum,Match_ID) VALUES ('Kill_ID_1295','Player_ID_159','Classic',3,'Match_ID_37');
INSERT INTO Killer(Kill_ID,Killer_ID,Weapon_ID,roundNum,Match_ID) VALUES ('Kill_ID_1296','Player_ID_7','Ghost',8,'Match_ID_56');
INSERT INTO Killer(Kill_ID,Killer_ID,Weapon_ID,roundNum,Match_ID) VALUES ('Kill_ID_1297','Player_ID_2','Vandal',1,'Match_ID_28');
INSERT INTO Killer(Kill_ID,Killer_ID,Weapon_ID,roundNum,Match_ID) VALUES ('Kill_ID_1298','Player_ID_187','Shorty',5,'Match_ID_74');
INSERT INTO Killer(Kill_ID,Killer_ID,Weapon_ID,roundNum,Match_ID) VALUES ('Kill_ID_1299','Player_ID_218','Odin',1,'Match_ID_123');
INSERT INTO Killer(Kill_ID,Killer_ID,Weapon_ID,roundNum,Match_ID) VALUES ('Kill_ID_1300','Player_ID_161','Judge',5,'Match_ID_67');
INSERT INTO Killer(Kill_ID,Killer_ID,Weapon_ID,roundNum,Match_ID) VALUES ('Kill_ID_1301','Player_ID_200','Ares',6,'Match_ID_1');
INSERT INTO Killer(Kill_ID,Killer_ID,Weapon_ID,roundNum,Match_ID) VALUES ('Kill_ID_1302','Player_ID_215','Stinger',3,'Match_ID_31');
INSERT INTO Killer(Kill_ID,Killer_ID,Weapon_ID,roundNum,Match_ID) VALUES ('Kill_ID_1303','Player_ID_170','Judge',1,'Match_ID_164');
INSERT INTO Killer(Kill_ID,Killer_ID,Weapon_ID,roundNum,Match_ID) VALUES ('Kill_ID_1304','Player_ID_170','Sheriff',5,'Match_ID_24');
INSERT INTO Killer(Kill_ID,Killer_ID,Weapon_ID,roundNum,Match_ID) VALUES ('Kill_ID_1305','Player_ID_220','Judge',8,'Match_ID_179');
INSERT INTO Killer(Kill_ID,Killer_ID,Weapon_ID,roundNum,Match_ID) VALUES ('Kill_ID_1306','Player_ID_91','Vandal',2,'Match_ID_22');
INSERT INTO Killer(Kill_ID,Killer_ID,Weapon_ID,roundNum,Match_ID) VALUES ('Kill_ID_1307','Player_ID_170','Ares',7,'Match_ID_209');
INSERT INTO Killer(Kill_ID,Killer_ID,Weapon_ID,roundNum,Match_ID) VALUES ('Kill_ID_1308','Player_ID_126','Vandal',6,'Match_ID_8');
INSERT INTO Killer(Kill_ID,Killer_ID,Weapon_ID,roundNum,Match_ID) VALUES ('Kill_ID_1309','Player_ID_79','Bucky',6,'Match_ID_74');
INSERT INTO Killer(Kill_ID,Killer_ID,Weapon_ID,roundNum,Match_ID) VALUES ('Kill_ID_1310','Player_ID_192','Sheriff',8,'Match_ID_11');
INSERT INTO Killer(Kill_ID,Killer_ID,Weapon_ID,roundNum,Match_ID) VALUES ('Kill_ID_1311','Player_ID_219','Stinger',7,'Match_ID_195');
INSERT INTO Killer(Kill_ID,Killer_ID,Weapon_ID,roundNum,Match_ID) VALUES ('Kill_ID_1312','Player_ID_22','Bulldog',4,'Match_ID_81');
INSERT INTO Killer(Kill_ID,Killer_ID,Weapon_ID,roundNum,Match_ID) VALUES ('Kill_ID_1313','Player_ID_33','Phantom',4,'Match_ID_151');
INSERT INTO Killer(Kill_ID,Killer_ID,Weapon_ID,roundNum,Match_ID) VALUES ('Kill_ID_1314','Player_ID_124','Judge',8,'Match_ID_4');
INSERT INTO Killer(Kill_ID,Killer_ID,Weapon_ID,roundNum,Match_ID) VALUES ('Kill_ID_1315','Player_ID_110','Ghost',3,'Match_ID_124');
INSERT INTO Killer(Kill_ID,Killer_ID,Weapon_ID,roundNum,Match_ID) VALUES ('Kill_ID_1316','Player_ID_157','Ares',8,'Match_ID_201');
INSERT INTO Killer(Kill_ID,Killer_ID,Weapon_ID,roundNum,Match_ID) VALUES ('Kill_ID_1317','Player_ID_113','Shorty',5,'Match_ID_34');
INSERT INTO Killer(Kill_ID,Killer_ID,Weapon_ID,roundNum,Match_ID) VALUES ('Kill_ID_1318','Player_ID_191','Marshal',5,'Match_ID_205');
INSERT INTO Killer(Kill_ID,Killer_ID,Weapon_ID,roundNum,Match_ID) VALUES ('Kill_ID_1319','Player_ID_192','Phantom',6,'Match_ID_132');
INSERT INTO Killer(Kill_ID,Killer_ID,Weapon_ID,roundNum,Match_ID) VALUES ('Kill_ID_1320','Player_ID_103','Ghost',3,'Match_ID_62');
INSERT INTO Killer(Kill_ID,Killer_ID,Weapon_ID,roundNum,Match_ID) VALUES ('Kill_ID_1321','Player_ID_110','Judge',5,'Match_ID_13');
INSERT INTO Killer(Kill_ID,Killer_ID,Weapon_ID,roundNum,Match_ID) VALUES ('Kill_ID_1322','Player_ID_41','Ghost',5,'Match_ID_208');
INSERT INTO Killer(Kill_ID,Killer_ID,Weapon_ID,roundNum,Match_ID) VALUES ('Kill_ID_1323','Player_ID_158','Judge',5,'Match_ID_79');
INSERT INTO Killer(Kill_ID,Killer_ID,Weapon_ID,roundNum,Match_ID) VALUES ('Kill_ID_1324','Player_ID_38','Marshal',8,'Match_ID_88');
INSERT INTO Killer(Kill_ID,Killer_ID,Weapon_ID,roundNum,Match_ID) VALUES ('Kill_ID_1325','Player_ID_155','Bulldog',1,'Match_ID_8');
INSERT INTO Killer(Kill_ID,Killer_ID,Weapon_ID,roundNum,Match_ID) VALUES ('Kill_ID_1326','Player_ID_1','Bucky',3,'Match_ID_178');
INSERT INTO Killer(Kill_ID,Killer_ID,Weapon_ID,roundNum,Match_ID) VALUES ('Kill_ID_1327','Player_ID_100','Operator',5,'Match_ID_232');
INSERT INTO Killer(Kill_ID,Killer_ID,Weapon_ID,roundNum,Match_ID) VALUES ('Kill_ID_1328','Player_ID_170','Guardian',2,'Match_ID_230');
INSERT INTO Killer(Kill_ID,Killer_ID,Weapon_ID,roundNum,Match_ID) VALUES ('Kill_ID_1329','Player_ID_41','Shorty',2,'Match_ID_64');
INSERT INTO Killer(Kill_ID,Killer_ID,Weapon_ID,roundNum,Match_ID) VALUES ('Kill_ID_1330','Player_ID_98','Bucky',8,'Match_ID_156');
INSERT INTO Killer(Kill_ID,Killer_ID,Weapon_ID,roundNum,Match_ID) VALUES ('Kill_ID_1331','Player_ID_89','Stinger',1,'Match_ID_140');
INSERT INTO Killer(Kill_ID,Killer_ID,Weapon_ID,roundNum,Match_ID) VALUES ('Kill_ID_1332','Player_ID_127','Ares',2,'Match_ID_210');
INSERT INTO Killer(Kill_ID,Killer_ID,Weapon_ID,roundNum,Match_ID) VALUES ('Kill_ID_1333','Player_ID_19','Bucky',2,'Match_ID_57');
INSERT INTO Killer(Kill_ID,Killer_ID,Weapon_ID,roundNum,Match_ID) VALUES ('Kill_ID_1334','Player_ID_114','Judge',6,'Match_ID_6');
INSERT INTO Killer(Kill_ID,Killer_ID,Weapon_ID,roundNum,Match_ID) VALUES ('Kill_ID_1335','Player_ID_113','Frenzy',8,'Match_ID_96');
INSERT INTO Killer(Kill_ID,Killer_ID,Weapon_ID,roundNum,Match_ID) VALUES ('Kill_ID_1336','Player_ID_144','Spectre',7,'Match_ID_77');
INSERT INTO Killer(Kill_ID,Killer_ID,Weapon_ID,roundNum,Match_ID) VALUES ('Kill_ID_1337','Player_ID_33','Bulldog',8,'Match_ID_54');
INSERT INTO Killer(Kill_ID,Killer_ID,Weapon_ID,roundNum,Match_ID) VALUES ('Kill_ID_1338','Player_ID_124','Operator',1,'Match_ID_50');
INSERT INTO Killer(Kill_ID,Killer_ID,Weapon_ID,roundNum,Match_ID) VALUES ('Kill_ID_1339','Player_ID_178','Bucky',2,'Match_ID_203');
INSERT INTO Killer(Kill_ID,Killer_ID,Weapon_ID,roundNum,Match_ID) VALUES ('Kill_ID_1340','Player_ID_197','Stinger',2,'Match_ID_27');
INSERT INTO Killer(Kill_ID,Killer_ID,Weapon_ID,roundNum,Match_ID) VALUES ('Kill_ID_1341','Player_ID_116','Shorty',8,'Match_ID_152');
INSERT INTO Killer(Kill_ID,Killer_ID,Weapon_ID,roundNum,Match_ID) VALUES ('Kill_ID_1342','Player_ID_3','Ghost',3,'Match_ID_7');
INSERT INTO Killer(Kill_ID,Killer_ID,Weapon_ID,roundNum,Match_ID) VALUES ('Kill_ID_1343','Player_ID_53','Ares',7,'Match_ID_174');
INSERT INTO Killer(Kill_ID,Killer_ID,Weapon_ID,roundNum,Match_ID) VALUES ('Kill_ID_1344','Player_ID_147','Sheriff',3,'Match_ID_204');
INSERT INTO Killer(Kill_ID,Killer_ID,Weapon_ID,roundNum,Match_ID) VALUES ('Kill_ID_1345','Player_ID_120','Shorty',5,'Match_ID_51');
INSERT INTO Killer(Kill_ID,Killer_ID,Weapon_ID,roundNum,Match_ID) VALUES ('Kill_ID_1346','Player_ID_196','Classic',6,'Match_ID_65');
INSERT INTO Killer(Kill_ID,Killer_ID,Weapon_ID,roundNum,Match_ID) VALUES ('Kill_ID_1347','Player_ID_111','Classic',2,'Match_ID_144');
INSERT INTO Killer(Kill_ID,Killer_ID,Weapon_ID,roundNum,Match_ID) VALUES ('Kill_ID_1348','Player_ID_168','Guardian',1,'Match_ID_4');
INSERT INTO Killer(Kill_ID,Killer_ID,Weapon_ID,roundNum,Match_ID) VALUES ('Kill_ID_1349','Player_ID_118','Stinger',4,'Match_ID_52');
INSERT INTO Killer(Kill_ID,Killer_ID,Weapon_ID,roundNum,Match_ID) VALUES ('Kill_ID_1350','Player_ID_191','Ares',7,'Match_ID_142');
INSERT INTO Killer(Kill_ID,Killer_ID,Weapon_ID,roundNum,Match_ID) VALUES ('Kill_ID_1351','Player_ID_118','Classic',3,'Match_ID_168');
INSERT INTO Killer(Kill_ID,Killer_ID,Weapon_ID,roundNum,Match_ID) VALUES ('Kill_ID_1352','Player_ID_223','Sheriff',2,'Match_ID_232');
INSERT INTO Killer(Kill_ID,Killer_ID,Weapon_ID,roundNum,Match_ID) VALUES ('Kill_ID_1353','Player_ID_153','Ares',6,'Match_ID_49');
INSERT INTO Killer(Kill_ID,Killer_ID,Weapon_ID,roundNum,Match_ID) VALUES ('Kill_ID_1354','Player_ID_100','Ares',4,'Match_ID_175');
INSERT INTO Killer(Kill_ID,Killer_ID,Weapon_ID,roundNum,Match_ID) VALUES ('Kill_ID_1355','Player_ID_40','Marshal',8,'Match_ID_137');
INSERT INTO Killer(Kill_ID,Killer_ID,Weapon_ID,roundNum,Match_ID) VALUES ('Kill_ID_1356','Player_ID_15','Bucky',3,'Match_ID_117');
INSERT INTO Killer(Kill_ID,Killer_ID,Weapon_ID,roundNum,Match_ID) VALUES ('Kill_ID_1357','Player_ID_161','Bulldog',5,'Match_ID_232');
INSERT INTO Killer(Kill_ID,Killer_ID,Weapon_ID,roundNum,Match_ID) VALUES ('Kill_ID_1358','Player_ID_61','Phantom',1,'Match_ID_213');
INSERT INTO Killer(Kill_ID,Killer_ID,Weapon_ID,roundNum,Match_ID) VALUES ('Kill_ID_1359','Player_ID_170','Operator',4,'Match_ID_227');
INSERT INTO Killer(Kill_ID,Killer_ID,Weapon_ID,roundNum,Match_ID) VALUES ('Kill_ID_1360','Player_ID_102','Odin',3,'Match_ID_58');
INSERT INTO Killer(Kill_ID,Killer_ID,Weapon_ID,roundNum,Match_ID) VALUES ('Kill_ID_1361','Player_ID_187','Guardian',4,'Match_ID_224');
INSERT INTO Killer(Kill_ID,Killer_ID,Weapon_ID,roundNum,Match_ID) VALUES ('Kill_ID_1362','Player_ID_21','Bulldog',5,'Match_ID_122');
INSERT INTO Killer(Kill_ID,Killer_ID,Weapon_ID,roundNum,Match_ID) VALUES ('Kill_ID_1363','Player_ID_78','Guardian',6,'Match_ID_161');
INSERT INTO Killer(Kill_ID,Killer_ID,Weapon_ID,roundNum,Match_ID) VALUES ('Kill_ID_1364','Player_ID_174','Marshal',7,'Match_ID_166');
INSERT INTO Killer(Kill_ID,Killer_ID,Weapon_ID,roundNum,Match_ID) VALUES ('Kill_ID_1365','Player_ID_200','Ghost',4,'Match_ID_155');
INSERT INTO Killer(Kill_ID,Killer_ID,Weapon_ID,roundNum,Match_ID) VALUES ('Kill_ID_1366','Player_ID_200','Sheriff',1,'Match_ID_122');
INSERT INTO Killer(Kill_ID,Killer_ID,Weapon_ID,roundNum,Match_ID) VALUES ('Kill_ID_1367','Player_ID_26','Operator',4,'Match_ID_24');
INSERT INTO Killer(Kill_ID,Killer_ID,Weapon_ID,roundNum,Match_ID) VALUES ('Kill_ID_1368','Player_ID_89','Marshal',5,'Match_ID_48');
INSERT INTO Killer(Kill_ID,Killer_ID,Weapon_ID,roundNum,Match_ID) VALUES ('Kill_ID_1369','Player_ID_89','Ares',4,'Match_ID_137');
INSERT INTO Killer(Kill_ID,Killer_ID,Weapon_ID,roundNum,Match_ID) VALUES ('Kill_ID_1370','Player_ID_124','Spectre',4,'Match_ID_127');
INSERT INTO Killer(Kill_ID,Killer_ID,Weapon_ID,roundNum,Match_ID) VALUES ('Kill_ID_1371','Player_ID_141','Phantom',4,'Match_ID_16');
INSERT INTO Killer(Kill_ID,Killer_ID,Weapon_ID,roundNum,Match_ID) VALUES ('Kill_ID_1372','Player_ID_213','Ares',2,'Match_ID_46');
INSERT INTO Killer(Kill_ID,Killer_ID,Weapon_ID,roundNum,Match_ID) VALUES ('Kill_ID_1373','Player_ID_47','Ghost',7,'Match_ID_170');
INSERT INTO Killer(Kill_ID,Killer_ID,Weapon_ID,roundNum,Match_ID) VALUES ('Kill_ID_1374','Player_ID_10','Frenzy',6,'Match_ID_10');
INSERT INTO Killer(Kill_ID,Killer_ID,Weapon_ID,roundNum,Match_ID) VALUES ('Kill_ID_1375','Player_ID_219','Odin',2,'Match_ID_208');
INSERT INTO Killer(Kill_ID,Killer_ID,Weapon_ID,roundNum,Match_ID) VALUES ('Kill_ID_1376','Player_ID_60','Bulldog',2,'Match_ID_118');
INSERT INTO Killer(Kill_ID,Killer_ID,Weapon_ID,roundNum,Match_ID) VALUES ('Kill_ID_1377','Player_ID_131','Shorty',5,'Match_ID_156');
INSERT INTO Killer(Kill_ID,Killer_ID,Weapon_ID,roundNum,Match_ID) VALUES ('Kill_ID_1378','Player_ID_30','Spectre',4,'Match_ID_23');
INSERT INTO Killer(Kill_ID,Killer_ID,Weapon_ID,roundNum,Match_ID) VALUES ('Kill_ID_1379','Player_ID_151','Frenzy',4,'Match_ID_12');
INSERT INTO Killer(Kill_ID,Killer_ID,Weapon_ID,roundNum,Match_ID) VALUES ('Kill_ID_1380','Player_ID_203','Shorty',1,'Match_ID_58');
INSERT INTO Killer(Kill_ID,Killer_ID,Weapon_ID,roundNum,Match_ID) VALUES ('Kill_ID_1381','Player_ID_22','Stinger',4,'Match_ID_227');
INSERT INTO Killer(Kill_ID,Killer_ID,Weapon_ID,roundNum,Match_ID) VALUES ('Kill_ID_1382','Player_ID_171','Sheriff',5,'Match_ID_11');
INSERT INTO Killer(Kill_ID,Killer_ID,Weapon_ID,roundNum,Match_ID) VALUES ('Kill_ID_1383','Player_ID_222','Stinger',7,'Match_ID_14');
INSERT INTO Killer(Kill_ID,Killer_ID,Weapon_ID,roundNum,Match_ID) VALUES ('Kill_ID_1384','Player_ID_101','Odin',3,'Match_ID_161');
INSERT INTO Killer(Kill_ID,Killer_ID,Weapon_ID,roundNum,Match_ID) VALUES ('Kill_ID_1385','Player_ID_154','Operator',2,'Match_ID_107');
INSERT INTO Killer(Kill_ID,Killer_ID,Weapon_ID,roundNum,Match_ID) VALUES ('Kill_ID_1386','Player_ID_56','Shorty',2,'Match_ID_19');
INSERT INTO Killer(Kill_ID,Killer_ID,Weapon_ID,roundNum,Match_ID) VALUES ('Kill_ID_1387','Player_ID_171','Odin',3,'Match_ID_128');
INSERT INTO Killer(Kill_ID,Killer_ID,Weapon_ID,roundNum,Match_ID) VALUES ('Kill_ID_1388','Player_ID_46','Vandal',8,'Match_ID_175');
INSERT INTO Killer(Kill_ID,Killer_ID,Weapon_ID,roundNum,Match_ID) VALUES ('Kill_ID_1389','Player_ID_189','Marshal',2,'Match_ID_81');
INSERT INTO Killer(Kill_ID,Killer_ID,Weapon_ID,roundNum,Match_ID) VALUES ('Kill_ID_1390','Player_ID_151','Frenzy',3,'Match_ID_152');
INSERT INTO Killer(Kill_ID,Killer_ID,Weapon_ID,roundNum,Match_ID) VALUES ('Kill_ID_1391','Player_ID_26','Judge',8,'Match_ID_55');
INSERT INTO Killer(Kill_ID,Killer_ID,Weapon_ID,roundNum,Match_ID) VALUES ('Kill_ID_1392','Player_ID_192','Phantom',3,'Match_ID_238');
INSERT INTO Killer(Kill_ID,Killer_ID,Weapon_ID,roundNum,Match_ID) VALUES ('Kill_ID_1393','Player_ID_162','Guardian',5,'Match_ID_49');
INSERT INTO Killer(Kill_ID,Killer_ID,Weapon_ID,roundNum,Match_ID) VALUES ('Kill_ID_1394','Player_ID_190','Judge',6,'Match_ID_180');
INSERT INTO Killer(Kill_ID,Killer_ID,Weapon_ID,roundNum,Match_ID) VALUES ('Kill_ID_1395','Player_ID_113','Shorty',3,'Match_ID_142');
INSERT INTO Killer(Kill_ID,Killer_ID,Weapon_ID,roundNum,Match_ID) VALUES ('Kill_ID_1396','Player_ID_67','Guardian',5,'Match_ID_90');
INSERT INTO Killer(Kill_ID,Killer_ID,Weapon_ID,roundNum,Match_ID) VALUES ('Kill_ID_1397','Player_ID_137','Phantom',2,'Match_ID_53');
INSERT INTO Killer(Kill_ID,Killer_ID,Weapon_ID,roundNum,Match_ID) VALUES ('Kill_ID_1398','Player_ID_36','Ghost',7,'Match_ID_233');
INSERT INTO Killer(Kill_ID,Killer_ID,Weapon_ID,roundNum,Match_ID) VALUES ('Kill_ID_1399','Player_ID_65','Bucky',1,'Match_ID_11');
INSERT INTO Killer(Kill_ID,Killer_ID,Weapon_ID,roundNum,Match_ID) VALUES ('Kill_ID_1400','Player_ID_178','Frenzy',3,'Match_ID_207');
INSERT INTO Killer(Kill_ID,Killer_ID,Weapon_ID,roundNum,Match_ID) VALUES ('Kill_ID_1401','Player_ID_29','Bulldog',7,'Match_ID_158');
INSERT INTO Killer(Kill_ID,Killer_ID,Weapon_ID,roundNum,Match_ID) VALUES ('Kill_ID_1402','Player_ID_143','Ghost',6,'Match_ID_102');
INSERT INTO Killer(Kill_ID,Killer_ID,Weapon_ID,roundNum,Match_ID) VALUES ('Kill_ID_1403','Player_ID_41','Vandal',2,'Match_ID_175');
INSERT INTO Killer(Kill_ID,Killer_ID,Weapon_ID,roundNum,Match_ID) VALUES ('Kill_ID_1404','Player_ID_149','Spectre',6,'Match_ID_80');
INSERT INTO Killer(Kill_ID,Killer_ID,Weapon_ID,roundNum,Match_ID) VALUES ('Kill_ID_1405','Player_ID_87','Odin',5,'Match_ID_249');
INSERT INTO Killer(Kill_ID,Killer_ID,Weapon_ID,roundNum,Match_ID) VALUES ('Kill_ID_1406','Player_ID_141','Shorty',5,'Match_ID_191');
INSERT INTO Killer(Kill_ID,Killer_ID,Weapon_ID,roundNum,Match_ID) VALUES ('Kill_ID_1407','Player_ID_5','Sheriff',8,'Match_ID_211');
INSERT INTO Killer(Kill_ID,Killer_ID,Weapon_ID,roundNum,Match_ID) VALUES ('Kill_ID_1408','Player_ID_146','Bulldog',2,'Match_ID_240');
INSERT INTO Killer(Kill_ID,Killer_ID,Weapon_ID,roundNum,Match_ID) VALUES ('Kill_ID_1409','Player_ID_15','Ghost',8,'Match_ID_144');
INSERT INTO Killer(Kill_ID,Killer_ID,Weapon_ID,roundNum,Match_ID) VALUES ('Kill_ID_1410','Player_ID_160','Classic',3,'Match_ID_151');
INSERT INTO Killer(Kill_ID,Killer_ID,Weapon_ID,roundNum,Match_ID) VALUES ('Kill_ID_1411','Player_ID_27','Marshal',3,'Match_ID_188');
INSERT INTO Killer(Kill_ID,Killer_ID,Weapon_ID,roundNum,Match_ID) VALUES ('Kill_ID_1412','Player_ID_222','Marshal',1,'Match_ID_95');
INSERT INTO Killer(Kill_ID,Killer_ID,Weapon_ID,roundNum,Match_ID) VALUES ('Kill_ID_1413','Player_ID_190','Vandal',3,'Match_ID_3');
INSERT INTO Killer(Kill_ID,Killer_ID,Weapon_ID,roundNum,Match_ID) VALUES ('Kill_ID_1414','Player_ID_79','Bucky',6,'Match_ID_46');
INSERT INTO Killer(Kill_ID,Killer_ID,Weapon_ID,roundNum,Match_ID) VALUES ('Kill_ID_1415','Player_ID_120','Sheriff',4,'Match_ID_209');
INSERT INTO Killer(Kill_ID,Killer_ID,Weapon_ID,roundNum,Match_ID) VALUES ('Kill_ID_1416','Player_ID_224','Phantom',7,'Match_ID_64');
INSERT INTO Killer(Kill_ID,Killer_ID,Weapon_ID,roundNum,Match_ID) VALUES ('Kill_ID_1417','Player_ID_151','Ghost',4,'Match_ID_73');
INSERT INTO Killer(Kill_ID,Killer_ID,Weapon_ID,roundNum,Match_ID) VALUES ('Kill_ID_1418','Player_ID_211','Spectre',4,'Match_ID_138');
INSERT INTO Killer(Kill_ID,Killer_ID,Weapon_ID,roundNum,Match_ID) VALUES ('Kill_ID_1419','Player_ID_111','Frenzy',4,'Match_ID_172');
INSERT INTO Killer(Kill_ID,Killer_ID,Weapon_ID,roundNum,Match_ID) VALUES ('Kill_ID_1420','Player_ID_155','Judge',1,'Match_ID_133');
INSERT INTO Killer(Kill_ID,Killer_ID,Weapon_ID,roundNum,Match_ID) VALUES ('Kill_ID_1421','Player_ID_42','Odin',2,'Match_ID_196');
INSERT INTO Killer(Kill_ID,Killer_ID,Weapon_ID,roundNum,Match_ID) VALUES ('Kill_ID_1422','Player_ID_83','Bucky',7,'Match_ID_66');
INSERT INTO Killer(Kill_ID,Killer_ID,Weapon_ID,roundNum,Match_ID) VALUES ('Kill_ID_1423','Player_ID_224','Ghost',5,'Match_ID_108');
INSERT INTO Killer(Kill_ID,Killer_ID,Weapon_ID,roundNum,Match_ID) VALUES ('Kill_ID_1424','Player_ID_176','Sheriff',1,'Match_ID_226');
INSERT INTO Killer(Kill_ID,Killer_ID,Weapon_ID,roundNum,Match_ID) VALUES ('Kill_ID_1425','Player_ID_111','Marshal',8,'Match_ID_23');
INSERT INTO Killer(Kill_ID,Killer_ID,Weapon_ID,roundNum,Match_ID) VALUES ('Kill_ID_1426','Player_ID_104','Guardian',6,'Match_ID_27');
INSERT INTO Killer(Kill_ID,Killer_ID,Weapon_ID,roundNum,Match_ID) VALUES ('Kill_ID_1427','Player_ID_14','Vandal',3,'Match_ID_193');
INSERT INTO Killer(Kill_ID,Killer_ID,Weapon_ID,roundNum,Match_ID) VALUES ('Kill_ID_1428','Player_ID_76','Classic',1,'Match_ID_227');
INSERT INTO Killer(Kill_ID,Killer_ID,Weapon_ID,roundNum,Match_ID) VALUES ('Kill_ID_1429','Player_ID_126','Judge',2,'Match_ID_63');
INSERT INTO Killer(Kill_ID,Killer_ID,Weapon_ID,roundNum,Match_ID) VALUES ('Kill_ID_1430','Player_ID_151','Bulldog',4,'Match_ID_149');
INSERT INTO Killer(Kill_ID,Killer_ID,Weapon_ID,roundNum,Match_ID) VALUES ('Kill_ID_1431','Player_ID_83','Phantom',2,'Match_ID_118');
INSERT INTO Killer(Kill_ID,Killer_ID,Weapon_ID,roundNum,Match_ID) VALUES ('Kill_ID_1432','Player_ID_63','Spectre',7,'Match_ID_105');
INSERT INTO Killer(Kill_ID,Killer_ID,Weapon_ID,roundNum,Match_ID) VALUES ('Kill_ID_1433','Player_ID_165','Shorty',5,'Match_ID_204');
INSERT INTO Killer(Kill_ID,Killer_ID,Weapon_ID,roundNum,Match_ID) VALUES ('Kill_ID_1434','Player_ID_97','Judge',4,'Match_ID_78');
INSERT INTO Killer(Kill_ID,Killer_ID,Weapon_ID,roundNum,Match_ID) VALUES ('Kill_ID_1435','Player_ID_26','Ghost',3,'Match_ID_32');
INSERT INTO Killer(Kill_ID,Killer_ID,Weapon_ID,roundNum,Match_ID) VALUES ('Kill_ID_1436','Player_ID_107','Frenzy',7,'Match_ID_149');
INSERT INTO Killer(Kill_ID,Killer_ID,Weapon_ID,roundNum,Match_ID) VALUES ('Kill_ID_1437','Player_ID_215','Bulldog',3,'Match_ID_206');
INSERT INTO Killer(Kill_ID,Killer_ID,Weapon_ID,roundNum,Match_ID) VALUES ('Kill_ID_1438','Player_ID_37','Bucky',7,'Match_ID_37');
INSERT INTO Killer(Kill_ID,Killer_ID,Weapon_ID,roundNum,Match_ID) VALUES ('Kill_ID_1439','Player_ID_50','Judge',4,'Match_ID_189');
INSERT INTO Killer(Kill_ID,Killer_ID,Weapon_ID,roundNum,Match_ID) VALUES ('Kill_ID_1440','Player_ID_12','Vandal',7,'Match_ID_186');
INSERT INTO Killer(Kill_ID,Killer_ID,Weapon_ID,roundNum,Match_ID) VALUES ('Kill_ID_1441','Player_ID_119','Ghost',5,'Match_ID_7');
INSERT INTO Killer(Kill_ID,Killer_ID,Weapon_ID,roundNum,Match_ID) VALUES ('Kill_ID_1442','Player_ID_215','Judge',2,'Match_ID_188');
INSERT INTO Killer(Kill_ID,Killer_ID,Weapon_ID,roundNum,Match_ID) VALUES ('Kill_ID_1443','Player_ID_4','Marshal',4,'Match_ID_36');
INSERT INTO Killer(Kill_ID,Killer_ID,Weapon_ID,roundNum,Match_ID) VALUES ('Kill_ID_1444','Player_ID_192','Frenzy',8,'Match_ID_178');
INSERT INTO Killer(Kill_ID,Killer_ID,Weapon_ID,roundNum,Match_ID) VALUES ('Kill_ID_1445','Player_ID_36','Sheriff',6,'Match_ID_157');
INSERT INTO Killer(Kill_ID,Killer_ID,Weapon_ID,roundNum,Match_ID) VALUES ('Kill_ID_1446','Player_ID_54','Bulldog',3,'Match_ID_70');
INSERT INTO Killer(Kill_ID,Killer_ID,Weapon_ID,roundNum,Match_ID) VALUES ('Kill_ID_1447','Player_ID_11','Odin',3,'Match_ID_115');
INSERT INTO Killer(Kill_ID,Killer_ID,Weapon_ID,roundNum,Match_ID) VALUES ('Kill_ID_1448','Player_ID_59','Bulldog',1,'Match_ID_225');
INSERT INTO Killer(Kill_ID,Killer_ID,Weapon_ID,roundNum,Match_ID) VALUES ('Kill_ID_1449','Player_ID_145','Stinger',8,'Match_ID_218');
INSERT INTO Killer(Kill_ID,Killer_ID,Weapon_ID,roundNum,Match_ID) VALUES ('Kill_ID_1450','Player_ID_220','Guardian',4,'Match_ID_237');
INSERT INTO Killer(Kill_ID,Killer_ID,Weapon_ID,roundNum,Match_ID) VALUES ('Kill_ID_1451','Player_ID_135','Stinger',2,'Match_ID_165');
INSERT INTO Killer(Kill_ID,Killer_ID,Weapon_ID,roundNum,Match_ID) VALUES ('Kill_ID_1452','Player_ID_188','Ares',2,'Match_ID_114');
INSERT INTO Killer(Kill_ID,Killer_ID,Weapon_ID,roundNum,Match_ID) VALUES ('Kill_ID_1453','Player_ID_91','Classic',5,'Match_ID_233');
INSERT INTO Killer(Kill_ID,Killer_ID,Weapon_ID,roundNum,Match_ID) VALUES ('Kill_ID_1454','Player_ID_95','Odin',1,'Match_ID_198');
INSERT INTO Killer(Kill_ID,Killer_ID,Weapon_ID,roundNum,Match_ID) VALUES ('Kill_ID_1455','Player_ID_8','Shorty',3,'Match_ID_118');
INSERT INTO Killer(Kill_ID,Killer_ID,Weapon_ID,roundNum,Match_ID) VALUES ('Kill_ID_1456','Player_ID_164','Spectre',2,'Match_ID_70');
INSERT INTO Killer(Kill_ID,Killer_ID,Weapon_ID,roundNum,Match_ID) VALUES ('Kill_ID_1457','Player_ID_152','Guardian',5,'Match_ID_179');
INSERT INTO Killer(Kill_ID,Killer_ID,Weapon_ID,roundNum,Match_ID) VALUES ('Kill_ID_1458','Player_ID_150','Judge',2,'Match_ID_29');
INSERT INTO Killer(Kill_ID,Killer_ID,Weapon_ID,roundNum,Match_ID) VALUES ('Kill_ID_1459','Player_ID_60','Ares',3,'Match_ID_75');
INSERT INTO Killer(Kill_ID,Killer_ID,Weapon_ID,roundNum,Match_ID) VALUES ('Kill_ID_1460','Player_ID_196','Bulldog',2,'Match_ID_88');
INSERT INTO Killer(Kill_ID,Killer_ID,Weapon_ID,roundNum,Match_ID) VALUES ('Kill_ID_1461','Player_ID_55','Guardian',8,'Match_ID_90');
INSERT INTO Killer(Kill_ID,Killer_ID,Weapon_ID,roundNum,Match_ID) VALUES ('Kill_ID_1462','Player_ID_153','Operator',4,'Match_ID_230');
INSERT INTO Killer(Kill_ID,Killer_ID,Weapon_ID,roundNum,Match_ID) VALUES ('Kill_ID_1463','Player_ID_172','Shorty',2,'Match_ID_152');
INSERT INTO Killer(Kill_ID,Killer_ID,Weapon_ID,roundNum,Match_ID) VALUES ('Kill_ID_1464','Player_ID_22','Sheriff',4,'Match_ID_57');
INSERT INTO Killer(Kill_ID,Killer_ID,Weapon_ID,roundNum,Match_ID) VALUES ('Kill_ID_1465','Player_ID_101','Spectre',1,'Match_ID_161');
INSERT INTO Killer(Kill_ID,Killer_ID,Weapon_ID,roundNum,Match_ID) VALUES ('Kill_ID_1466','Player_ID_35','Ares',5,'Match_ID_77');
INSERT INTO Killer(Kill_ID,Killer_ID,Weapon_ID,roundNum,Match_ID) VALUES ('Kill_ID_1467','Player_ID_184','Sheriff',3,'Match_ID_107');
INSERT INTO Killer(Kill_ID,Killer_ID,Weapon_ID,roundNum,Match_ID) VALUES ('Kill_ID_1468','Player_ID_110','Frenzy',2,'Match_ID_17');
INSERT INTO Killer(Kill_ID,Killer_ID,Weapon_ID,roundNum,Match_ID) VALUES ('Kill_ID_1469','Player_ID_201','Ghost',6,'Match_ID_217');
INSERT INTO Killer(Kill_ID,Killer_ID,Weapon_ID,roundNum,Match_ID) VALUES ('Kill_ID_1470','Player_ID_210','Bucky',7,'Match_ID_27');
INSERT INTO Killer(Kill_ID,Killer_ID,Weapon_ID,roundNum,Match_ID) VALUES ('Kill_ID_1471','Player_ID_22','Ares',2,'Match_ID_18');
INSERT INTO Killer(Kill_ID,Killer_ID,Weapon_ID,roundNum,Match_ID) VALUES ('Kill_ID_1472','Player_ID_45','Stinger',5,'Match_ID_93');
INSERT INTO Killer(Kill_ID,Killer_ID,Weapon_ID,roundNum,Match_ID) VALUES ('Kill_ID_1473','Player_ID_38','Spectre',3,'Match_ID_49');
INSERT INTO Killer(Kill_ID,Killer_ID,Weapon_ID,roundNum,Match_ID) VALUES ('Kill_ID_1474','Player_ID_35','Bucky',3,'Match_ID_29');
INSERT INTO Killer(Kill_ID,Killer_ID,Weapon_ID,roundNum,Match_ID) VALUES ('Kill_ID_1475','Player_ID_44','Sheriff',6,'Match_ID_129');
INSERT INTO Killer(Kill_ID,Killer_ID,Weapon_ID,roundNum,Match_ID) VALUES ('Kill_ID_1476','Player_ID_180','Judge',7,'Match_ID_140');
INSERT INTO Killer(Kill_ID,Killer_ID,Weapon_ID,roundNum,Match_ID) VALUES ('Kill_ID_1477','Player_ID_10','Vandal',1,'Match_ID_85');
INSERT INTO Killer(Kill_ID,Killer_ID,Weapon_ID,roundNum,Match_ID) VALUES ('Kill_ID_1478','Player_ID_50','Odin',8,'Match_ID_14');
INSERT INTO Killer(Kill_ID,Killer_ID,Weapon_ID,roundNum,Match_ID) VALUES ('Kill_ID_1479','Player_ID_58','Judge',7,'Match_ID_27');
INSERT INTO Killer(Kill_ID,Killer_ID,Weapon_ID,roundNum,Match_ID) VALUES ('Kill_ID_1480','Player_ID_153','Ghost',2,'Match_ID_230');
INSERT INTO Killer(Kill_ID,Killer_ID,Weapon_ID,roundNum,Match_ID) VALUES ('Kill_ID_1481','Player_ID_31','Spectre',8,'Match_ID_118');
INSERT INTO Killer(Kill_ID,Killer_ID,Weapon_ID,roundNum,Match_ID) VALUES ('Kill_ID_1482','Player_ID_168','Frenzy',4,'Match_ID_13');
INSERT INTO Killer(Kill_ID,Killer_ID,Weapon_ID,roundNum,Match_ID) VALUES ('Kill_ID_1483','Player_ID_35','Operator',8,'Match_ID_17');
INSERT INTO Killer(Kill_ID,Killer_ID,Weapon_ID,roundNum,Match_ID) VALUES ('Kill_ID_1484','Player_ID_63','Classic',7,'Match_ID_154');
INSERT INTO Killer(Kill_ID,Killer_ID,Weapon_ID,roundNum,Match_ID) VALUES ('Kill_ID_1485','Player_ID_7','Judge',6,'Match_ID_103');
INSERT INTO Killer(Kill_ID,Killer_ID,Weapon_ID,roundNum,Match_ID) VALUES ('Kill_ID_1486','Player_ID_111','Stinger',3,'Match_ID_180');
INSERT INTO Killer(Kill_ID,Killer_ID,Weapon_ID,roundNum,Match_ID) VALUES ('Kill_ID_1487','Player_ID_160','Shorty',6,'Match_ID_235');
INSERT INTO Killer(Kill_ID,Killer_ID,Weapon_ID,roundNum,Match_ID) VALUES ('Kill_ID_1488','Player_ID_4','Marshal',1,'Match_ID_37');
INSERT INTO Killer(Kill_ID,Killer_ID,Weapon_ID,roundNum,Match_ID) VALUES ('Kill_ID_1489','Player_ID_55','Judge',1,'Match_ID_24');
INSERT INTO Killer(Kill_ID,Killer_ID,Weapon_ID,roundNum,Match_ID) VALUES ('Kill_ID_1490','Player_ID_140','Classic',3,'Match_ID_124');
INSERT INTO Killer(Kill_ID,Killer_ID,Weapon_ID,roundNum,Match_ID) VALUES ('Kill_ID_1491','Player_ID_149','Classic',5,'Match_ID_243');
INSERT INTO Killer(Kill_ID,Killer_ID,Weapon_ID,roundNum,Match_ID) VALUES ('Kill_ID_1492','Player_ID_89','Bucky',8,'Match_ID_148');
INSERT INTO Killer(Kill_ID,Killer_ID,Weapon_ID,roundNum,Match_ID) VALUES ('Kill_ID_1493','Player_ID_2','Spectre',4,'Match_ID_223');
INSERT INTO Killer(Kill_ID,Killer_ID,Weapon_ID,roundNum,Match_ID) VALUES ('Kill_ID_1494','Player_ID_61','Judge',5,'Match_ID_123');
INSERT INTO Killer(Kill_ID,Killer_ID,Weapon_ID,roundNum,Match_ID) VALUES ('Kill_ID_1495','Player_ID_207','Shorty',6,'Match_ID_26');
INSERT INTO Killer(Kill_ID,Killer_ID,Weapon_ID,roundNum,Match_ID) VALUES ('Kill_ID_1496','Player_ID_14','Bucky',1,'Match_ID_187');
INSERT INTO Killer(Kill_ID,Killer_ID,Weapon_ID,roundNum,Match_ID) VALUES ('Kill_ID_1497','Player_ID_115','Judge',5,'Match_ID_113');
INSERT INTO Killer(Kill_ID,Killer_ID,Weapon_ID,roundNum,Match_ID) VALUES ('Kill_ID_1498','Player_ID_149','Shorty',4,'Match_ID_55');
INSERT INTO Killer(Kill_ID,Killer_ID,Weapon_ID,roundNum,Match_ID) VALUES ('Kill_ID_1499','Player_ID_109','Judge',1,'Match_ID_188');
INSERT INTO Killer(Kill_ID,Killer_ID,Weapon_ID,roundNum,Match_ID) VALUES ('Kill_ID_1500','Player_ID_81','Bulldog',2,'Match_ID_76');
INSERT INTO Killer(Kill_ID,Killer_ID,Weapon_ID,roundNum,Match_ID) VALUES ('Kill_ID_1501','Player_ID_210','Phantom',5,'Match_ID_212');
INSERT INTO Killer(Kill_ID,Killer_ID,Weapon_ID,roundNum,Match_ID) VALUES ('Kill_ID_1502','Player_ID_114','Guardian',8,'Match_ID_109');
INSERT INTO Killer(Kill_ID,Killer_ID,Weapon_ID,roundNum,Match_ID) VALUES ('Kill_ID_1503','Player_ID_99','Frenzy',5,'Match_ID_155');
INSERT INTO Killer(Kill_ID,Killer_ID,Weapon_ID,roundNum,Match_ID) VALUES ('Kill_ID_1504','Player_ID_39','Phantom',1,'Match_ID_215');
INSERT INTO Killer(Kill_ID,Killer_ID,Weapon_ID,roundNum,Match_ID) VALUES ('Kill_ID_1505','Player_ID_150','Vandal',4,'Match_ID_74');
INSERT INTO Killer(Kill_ID,Killer_ID,Weapon_ID,roundNum,Match_ID) VALUES ('Kill_ID_1506','Player_ID_140','Vandal',1,'Match_ID_42');
INSERT INTO Killer(Kill_ID,Killer_ID,Weapon_ID,roundNum,Match_ID) VALUES ('Kill_ID_1507','Player_ID_39','Stinger',3,'Match_ID_24');
INSERT INTO Killer(Kill_ID,Killer_ID,Weapon_ID,roundNum,Match_ID) VALUES ('Kill_ID_1508','Player_ID_57','Marshal',5,'Match_ID_141');
INSERT INTO Killer(Kill_ID,Killer_ID,Weapon_ID,roundNum,Match_ID) VALUES ('Kill_ID_1509','Player_ID_170','Spectre',2,'Match_ID_196');
INSERT INTO Killer(Kill_ID,Killer_ID,Weapon_ID,roundNum,Match_ID) VALUES ('Kill_ID_1510','Player_ID_221','Judge',7,'Match_ID_71');
INSERT INTO Killer(Kill_ID,Killer_ID,Weapon_ID,roundNum,Match_ID) VALUES ('Kill_ID_1511','Player_ID_7','Guardian',8,'Match_ID_199');
INSERT INTO Killer(Kill_ID,Killer_ID,Weapon_ID,roundNum,Match_ID) VALUES ('Kill_ID_1512','Player_ID_135','Ghost',2,'Match_ID_250');
INSERT INTO Killer(Kill_ID,Killer_ID,Weapon_ID,roundNum,Match_ID) VALUES ('Kill_ID_1513','Player_ID_168','Operator',8,'Match_ID_164');
INSERT INTO Killer(Kill_ID,Killer_ID,Weapon_ID,roundNum,Match_ID) VALUES ('Kill_ID_1514','Player_ID_196','Judge',3,'Match_ID_130');
INSERT INTO Killer(Kill_ID,Killer_ID,Weapon_ID,roundNum,Match_ID) VALUES ('Kill_ID_1515','Player_ID_223','Ares',6,'Match_ID_111');
INSERT INTO Killer(Kill_ID,Killer_ID,Weapon_ID,roundNum,Match_ID) VALUES ('Kill_ID_1516','Player_ID_144','Phantom',6,'Match_ID_116');
INSERT INTO Killer(Kill_ID,Killer_ID,Weapon_ID,roundNum,Match_ID) VALUES ('Kill_ID_1517','Player_ID_89','Shorty',2,'Match_ID_75');
INSERT INTO Killer(Kill_ID,Killer_ID,Weapon_ID,roundNum,Match_ID) VALUES ('Kill_ID_1518','Player_ID_198','Vandal',3,'Match_ID_138');
INSERT INTO Killer(Kill_ID,Killer_ID,Weapon_ID,roundNum,Match_ID) VALUES ('Kill_ID_1519','Player_ID_43','Judge',1,'Match_ID_104');
INSERT INTO Killer(Kill_ID,Killer_ID,Weapon_ID,roundNum,Match_ID) VALUES ('Kill_ID_1520','Player_ID_214','Ares',8,'Match_ID_181');
INSERT INTO Killer(Kill_ID,Killer_ID,Weapon_ID,roundNum,Match_ID) VALUES ('Kill_ID_1521','Player_ID_35','Phantom',6,'Match_ID_151');
INSERT INTO Killer(Kill_ID,Killer_ID,Weapon_ID,roundNum,Match_ID) VALUES ('Kill_ID_1522','Player_ID_44','Frenzy',3,'Match_ID_211');
INSERT INTO Killer(Kill_ID,Killer_ID,Weapon_ID,roundNum,Match_ID) VALUES ('Kill_ID_1523','Player_ID_173','Vandal',7,'Match_ID_71');
INSERT INTO Killer(Kill_ID,Killer_ID,Weapon_ID,roundNum,Match_ID) VALUES ('Kill_ID_1524','Player_ID_63','Shorty',1,'Match_ID_89');
INSERT INTO Killer(Kill_ID,Killer_ID,Weapon_ID,roundNum,Match_ID) VALUES ('Kill_ID_1525','Player_ID_165','Stinger',5,'Match_ID_41');
INSERT INTO Killer(Kill_ID,Killer_ID,Weapon_ID,roundNum,Match_ID) VALUES ('Kill_ID_1526','Player_ID_193','Bucky',1,'Match_ID_100');
INSERT INTO Killer(Kill_ID,Killer_ID,Weapon_ID,roundNum,Match_ID) VALUES ('Kill_ID_1527','Player_ID_107','Bulldog',6,'Match_ID_202');
INSERT INTO Killer(Kill_ID,Killer_ID,Weapon_ID,roundNum,Match_ID) VALUES ('Kill_ID_1528','Player_ID_110','Vandal',7,'Match_ID_115');
INSERT INTO Killer(Kill_ID,Killer_ID,Weapon_ID,roundNum,Match_ID) VALUES ('Kill_ID_1529','Player_ID_12','Bulldog',8,'Match_ID_125');
INSERT INTO Killer(Kill_ID,Killer_ID,Weapon_ID,roundNum,Match_ID) VALUES ('Kill_ID_1530','Player_ID_141','Phantom',7,'Match_ID_188');
INSERT INTO Killer(Kill_ID,Killer_ID,Weapon_ID,roundNum,Match_ID) VALUES ('Kill_ID_1531','Player_ID_192','Ares',7,'Match_ID_61');
INSERT INTO Killer(Kill_ID,Killer_ID,Weapon_ID,roundNum,Match_ID) VALUES ('Kill_ID_1532','Player_ID_222','Vandal',3,'Match_ID_16');
INSERT INTO Killer(Kill_ID,Killer_ID,Weapon_ID,roundNum,Match_ID) VALUES ('Kill_ID_1533','Player_ID_102','Shorty',1,'Match_ID_158');
INSERT INTO Killer(Kill_ID,Killer_ID,Weapon_ID,roundNum,Match_ID) VALUES ('Kill_ID_1534','Player_ID_154','Ghost',7,'Match_ID_103');
INSERT INTO Killer(Kill_ID,Killer_ID,Weapon_ID,roundNum,Match_ID) VALUES ('Kill_ID_1535','Player_ID_137','Ghost',5,'Match_ID_50');
INSERT INTO Killer(Kill_ID,Killer_ID,Weapon_ID,roundNum,Match_ID) VALUES ('Kill_ID_1536','Player_ID_8','Phantom',8,'Match_ID_119');
INSERT INTO Killer(Kill_ID,Killer_ID,Weapon_ID,roundNum,Match_ID) VALUES ('Kill_ID_1537','Player_ID_134','Shorty',3,'Match_ID_134');
INSERT INTO Killer(Kill_ID,Killer_ID,Weapon_ID,roundNum,Match_ID) VALUES ('Kill_ID_1538','Player_ID_127','Odin',5,'Match_ID_104');
INSERT INTO Killer(Kill_ID,Killer_ID,Weapon_ID,roundNum,Match_ID) VALUES ('Kill_ID_1539','Player_ID_62','Frenzy',6,'Match_ID_172');
INSERT INTO Killer(Kill_ID,Killer_ID,Weapon_ID,roundNum,Match_ID) VALUES ('Kill_ID_1540','Player_ID_4','Shorty',3,'Match_ID_48');
INSERT INTO Killer(Kill_ID,Killer_ID,Weapon_ID,roundNum,Match_ID) VALUES ('Kill_ID_1541','Player_ID_18','Guardian',2,'Match_ID_92');
INSERT INTO Killer(Kill_ID,Killer_ID,Weapon_ID,roundNum,Match_ID) VALUES ('Kill_ID_1542','Player_ID_91','Bulldog',5,'Match_ID_45');
INSERT INTO Killer(Kill_ID,Killer_ID,Weapon_ID,roundNum,Match_ID) VALUES ('Kill_ID_1543','Player_ID_102','Odin',4,'Match_ID_147');
INSERT INTO Killer(Kill_ID,Killer_ID,Weapon_ID,roundNum,Match_ID) VALUES ('Kill_ID_1544','Player_ID_3','Stinger',7,'Match_ID_49');
INSERT INTO Killer(Kill_ID,Killer_ID,Weapon_ID,roundNum,Match_ID) VALUES ('Kill_ID_1545','Player_ID_111','Ghost',1,'Match_ID_164');
INSERT INTO Killer(Kill_ID,Killer_ID,Weapon_ID,roundNum,Match_ID) VALUES ('Kill_ID_1546','Player_ID_7','Guardian',5,'Match_ID_40');
INSERT INTO Killer(Kill_ID,Killer_ID,Weapon_ID,roundNum,Match_ID) VALUES ('Kill_ID_1547','Player_ID_182','Odin',7,'Match_ID_104');
INSERT INTO Killer(Kill_ID,Killer_ID,Weapon_ID,roundNum,Match_ID) VALUES ('Kill_ID_1548','Player_ID_152','Frenzy',6,'Match_ID_5');
INSERT INTO Killer(Kill_ID,Killer_ID,Weapon_ID,roundNum,Match_ID) VALUES ('Kill_ID_1549','Player_ID_167','Ares',6,'Match_ID_216');
INSERT INTO Killer(Kill_ID,Killer_ID,Weapon_ID,roundNum,Match_ID) VALUES ('Kill_ID_1550','Player_ID_27','Guardian',2,'Match_ID_110');
INSERT INTO Killer(Kill_ID,Killer_ID,Weapon_ID,roundNum,Match_ID) VALUES ('Kill_ID_1551','Player_ID_11','Vandal',7,'Match_ID_43');
INSERT INTO Killer(Kill_ID,Killer_ID,Weapon_ID,roundNum,Match_ID) VALUES ('Kill_ID_1552','Player_ID_137','Guardian',2,'Match_ID_42');
INSERT INTO Killer(Kill_ID,Killer_ID,Weapon_ID,roundNum,Match_ID) VALUES ('Kill_ID_1553','Player_ID_135','Spectre',2,'Match_ID_15');
INSERT INTO Killer(Kill_ID,Killer_ID,Weapon_ID,roundNum,Match_ID) VALUES ('Kill_ID_1554','Player_ID_178','Guardian',5,'Match_ID_189');
INSERT INTO Killer(Kill_ID,Killer_ID,Weapon_ID,roundNum,Match_ID) VALUES ('Kill_ID_1555','Player_ID_17','Classic',5,'Match_ID_164');
INSERT INTO Killer(Kill_ID,Killer_ID,Weapon_ID,roundNum,Match_ID) VALUES ('Kill_ID_1556','Player_ID_169','Operator',3,'Match_ID_210');
INSERT INTO Killer(Kill_ID,Killer_ID,Weapon_ID,roundNum,Match_ID) VALUES ('Kill_ID_1557','Player_ID_121','Ares',8,'Match_ID_119');
INSERT INTO Killer(Kill_ID,Killer_ID,Weapon_ID,roundNum,Match_ID) VALUES ('Kill_ID_1558','Player_ID_46','Marshal',3,'Match_ID_46');
INSERT INTO Killer(Kill_ID,Killer_ID,Weapon_ID,roundNum,Match_ID) VALUES ('Kill_ID_1559','Player_ID_194','Ares',2,'Match_ID_168');
INSERT INTO Killer(Kill_ID,Killer_ID,Weapon_ID,roundNum,Match_ID) VALUES ('Kill_ID_1560','Player_ID_110','Shorty',1,'Match_ID_85');
INSERT INTO Killer(Kill_ID,Killer_ID,Weapon_ID,roundNum,Match_ID) VALUES ('Kill_ID_1561','Player_ID_210','Odin',2,'Match_ID_157');
INSERT INTO Killer(Kill_ID,Killer_ID,Weapon_ID,roundNum,Match_ID) VALUES ('Kill_ID_1562','Player_ID_217','Classic',1,'Match_ID_120');
INSERT INTO Killer(Kill_ID,Killer_ID,Weapon_ID,roundNum,Match_ID) VALUES ('Kill_ID_1563','Player_ID_152','Classic',8,'Match_ID_16');
INSERT INTO Killer(Kill_ID,Killer_ID,Weapon_ID,roundNum,Match_ID) VALUES ('Kill_ID_1564','Player_ID_75','Stinger',8,'Match_ID_56');
INSERT INTO Killer(Kill_ID,Killer_ID,Weapon_ID,roundNum,Match_ID) VALUES ('Kill_ID_1565','Player_ID_171','Marshal',6,'Match_ID_240');
INSERT INTO Killer(Kill_ID,Killer_ID,Weapon_ID,roundNum,Match_ID) VALUES ('Kill_ID_1566','Player_ID_75','Shorty',5,'Match_ID_147');
INSERT INTO Killer(Kill_ID,Killer_ID,Weapon_ID,roundNum,Match_ID) VALUES ('Kill_ID_1567','Player_ID_116','Spectre',3,'Match_ID_220');
INSERT INTO Killer(Kill_ID,Killer_ID,Weapon_ID,roundNum,Match_ID) VALUES ('Kill_ID_1568','Player_ID_14','Guardian',7,'Match_ID_160');
INSERT INTO Killer(Kill_ID,Killer_ID,Weapon_ID,roundNum,Match_ID) VALUES ('Kill_ID_1569','Player_ID_66','Classic',7,'Match_ID_208');
INSERT INTO Killer(Kill_ID,Killer_ID,Weapon_ID,roundNum,Match_ID) VALUES ('Kill_ID_1570','Player_ID_40','Odin',1,'Match_ID_69');
INSERT INTO Killer(Kill_ID,Killer_ID,Weapon_ID,roundNum,Match_ID) VALUES ('Kill_ID_1571','Player_ID_29','Phantom',7,'Match_ID_239');
INSERT INTO Killer(Kill_ID,Killer_ID,Weapon_ID,roundNum,Match_ID) VALUES ('Kill_ID_1572','Player_ID_169','Vandal',8,'Match_ID_223');
INSERT INTO Killer(Kill_ID,Killer_ID,Weapon_ID,roundNum,Match_ID) VALUES ('Kill_ID_1573','Player_ID_115','Guardian',3,'Match_ID_26');
INSERT INTO Killer(Kill_ID,Killer_ID,Weapon_ID,roundNum,Match_ID) VALUES ('Kill_ID_1574','Player_ID_92','Shorty',2,'Match_ID_93');
INSERT INTO Killer(Kill_ID,Killer_ID,Weapon_ID,roundNum,Match_ID) VALUES ('Kill_ID_1575','Player_ID_42','Bucky',7,'Match_ID_215');
INSERT INTO Killer(Kill_ID,Killer_ID,Weapon_ID,roundNum,Match_ID) VALUES ('Kill_ID_1576','Player_ID_209','Spectre',6,'Match_ID_63');
INSERT INTO Killer(Kill_ID,Killer_ID,Weapon_ID,roundNum,Match_ID) VALUES ('Kill_ID_1577','Player_ID_107','Classic',3,'Match_ID_125');
INSERT INTO Killer(Kill_ID,Killer_ID,Weapon_ID,roundNum,Match_ID) VALUES ('Kill_ID_1578','Player_ID_129','Phantom',3,'Match_ID_5');
INSERT INTO Killer(Kill_ID,Killer_ID,Weapon_ID,roundNum,Match_ID) VALUES ('Kill_ID_1579','Player_ID_202','Ares',3,'Match_ID_70');
INSERT INTO Killer(Kill_ID,Killer_ID,Weapon_ID,roundNum,Match_ID) VALUES ('Kill_ID_1580','Player_ID_204','Sheriff',4,'Match_ID_114');
INSERT INTO Killer(Kill_ID,Killer_ID,Weapon_ID,roundNum,Match_ID) VALUES ('Kill_ID_1581','Player_ID_44','Judge',5,'Match_ID_118');
INSERT INTO Killer(Kill_ID,Killer_ID,Weapon_ID,roundNum,Match_ID) VALUES ('Kill_ID_1582','Player_ID_217','Bulldog',6,'Match_ID_198');
INSERT INTO Killer(Kill_ID,Killer_ID,Weapon_ID,roundNum,Match_ID) VALUES ('Kill_ID_1583','Player_ID_88','Ares',5,'Match_ID_105');
INSERT INTO Killer(Kill_ID,Killer_ID,Weapon_ID,roundNum,Match_ID) VALUES ('Kill_ID_1584','Player_ID_200','Shorty',2,'Match_ID_239');
INSERT INTO Killer(Kill_ID,Killer_ID,Weapon_ID,roundNum,Match_ID) VALUES ('Kill_ID_1585','Player_ID_187','Guardian',1,'Match_ID_4');
INSERT INTO Killer(Kill_ID,Killer_ID,Weapon_ID,roundNum,Match_ID) VALUES ('Kill_ID_1586','Player_ID_143','Ares',4,'Match_ID_67');
INSERT INTO Killer(Kill_ID,Killer_ID,Weapon_ID,roundNum,Match_ID) VALUES ('Kill_ID_1587','Player_ID_191','Shorty',8,'Match_ID_49');
INSERT INTO Killer(Kill_ID,Killer_ID,Weapon_ID,roundNum,Match_ID) VALUES ('Kill_ID_1588','Player_ID_17','Sheriff',1,'Match_ID_122');
INSERT INTO Killer(Kill_ID,Killer_ID,Weapon_ID,roundNum,Match_ID) VALUES ('Kill_ID_1589','Player_ID_36','Shorty',5,'Match_ID_178');
INSERT INTO Killer(Kill_ID,Killer_ID,Weapon_ID,roundNum,Match_ID) VALUES ('Kill_ID_1590','Player_ID_107','Stinger',5,'Match_ID_172');
INSERT INTO Killer(Kill_ID,Killer_ID,Weapon_ID,roundNum,Match_ID) VALUES ('Kill_ID_1591','Player_ID_211','Sheriff',2,'Match_ID_166');
INSERT INTO Killer(Kill_ID,Killer_ID,Weapon_ID,roundNum,Match_ID) VALUES ('Kill_ID_1592','Player_ID_14','Frenzy',7,'Match_ID_186');
INSERT INTO Killer(Kill_ID,Killer_ID,Weapon_ID,roundNum,Match_ID) VALUES ('Kill_ID_1593','Player_ID_14','Shorty',3,'Match_ID_94');
INSERT INTO Killer(Kill_ID,Killer_ID,Weapon_ID,roundNum,Match_ID) VALUES ('Kill_ID_1594','Player_ID_196','Sheriff',6,'Match_ID_128');
INSERT INTO Killer(Kill_ID,Killer_ID,Weapon_ID,roundNum,Match_ID) VALUES ('Kill_ID_1595','Player_ID_111','Classic',2,'Match_ID_82');
INSERT INTO Killer(Kill_ID,Killer_ID,Weapon_ID,roundNum,Match_ID) VALUES ('Kill_ID_1596','Player_ID_180','Stinger',5,'Match_ID_109');
INSERT INTO Killer(Kill_ID,Killer_ID,Weapon_ID,roundNum,Match_ID) VALUES ('Kill_ID_1597','Player_ID_183','Spectre',1,'Match_ID_213');
INSERT INTO Killer(Kill_ID,Killer_ID,Weapon_ID,roundNum,Match_ID) VALUES ('Kill_ID_1598','Player_ID_123','Ares',7,'Match_ID_3');
INSERT INTO Killer(Kill_ID,Killer_ID,Weapon_ID,roundNum,Match_ID) VALUES ('Kill_ID_1599','Player_ID_186','Guardian',5,'Match_ID_50');
INSERT INTO Killer(Kill_ID,Killer_ID,Weapon_ID,roundNum,Match_ID) VALUES ('Kill_ID_1600','Player_ID_188','Bulldog',2,'Match_ID_244');
INSERT INTO Killer(Kill_ID,Killer_ID,Weapon_ID,roundNum,Match_ID) VALUES ('Kill_ID_1601','Player_ID_74','Sheriff',5,'Match_ID_247');
INSERT INTO Killer(Kill_ID,Killer_ID,Weapon_ID,roundNum,Match_ID) VALUES ('Kill_ID_1602','Player_ID_11','Odin',4,'Match_ID_197');
INSERT INTO Killer(Kill_ID,Killer_ID,Weapon_ID,roundNum,Match_ID) VALUES ('Kill_ID_1603','Player_ID_210','Bulldog',6,'Match_ID_15');
INSERT INTO Killer(Kill_ID,Killer_ID,Weapon_ID,roundNum,Match_ID) VALUES ('Kill_ID_1604','Player_ID_124','Phantom',8,'Match_ID_11');
INSERT INTO Killer(Kill_ID,Killer_ID,Weapon_ID,roundNum,Match_ID) VALUES ('Kill_ID_1605','Player_ID_163','Operator',4,'Match_ID_146');
INSERT INTO Killer(Kill_ID,Killer_ID,Weapon_ID,roundNum,Match_ID) VALUES ('Kill_ID_1606','Player_ID_188','Phantom',7,'Match_ID_52');
INSERT INTO Killer(Kill_ID,Killer_ID,Weapon_ID,roundNum,Match_ID) VALUES ('Kill_ID_1607','Player_ID_14','Guardian',6,'Match_ID_91');
INSERT INTO Killer(Kill_ID,Killer_ID,Weapon_ID,roundNum,Match_ID) VALUES ('Kill_ID_1608','Player_ID_15','Ares',3,'Match_ID_54');
INSERT INTO Killer(Kill_ID,Killer_ID,Weapon_ID,roundNum,Match_ID) VALUES ('Kill_ID_1609','Player_ID_84','Spectre',8,'Match_ID_245');
INSERT INTO Killer(Kill_ID,Killer_ID,Weapon_ID,roundNum,Match_ID) VALUES ('Kill_ID_1610','Player_ID_108','Ares',6,'Match_ID_50');
INSERT INTO Killer(Kill_ID,Killer_ID,Weapon_ID,roundNum,Match_ID) VALUES ('Kill_ID_1611','Player_ID_13','Stinger',2,'Match_ID_179');
INSERT INTO Killer(Kill_ID,Killer_ID,Weapon_ID,roundNum,Match_ID) VALUES ('Kill_ID_1612','Player_ID_205','Stinger',2,'Match_ID_33');
INSERT INTO Killer(Kill_ID,Killer_ID,Weapon_ID,roundNum,Match_ID) VALUES ('Kill_ID_1613','Player_ID_119','Sheriff',3,'Match_ID_124');
INSERT INTO Killer(Kill_ID,Killer_ID,Weapon_ID,roundNum,Match_ID) VALUES ('Kill_ID_1614','Player_ID_26','Sheriff',1,'Match_ID_64');
INSERT INTO Killer(Kill_ID,Killer_ID,Weapon_ID,roundNum,Match_ID) VALUES ('Kill_ID_1615','Player_ID_120','Odin',7,'Match_ID_60');
INSERT INTO Killer(Kill_ID,Killer_ID,Weapon_ID,roundNum,Match_ID) VALUES ('Kill_ID_1616','Player_ID_29','Phantom',6,'Match_ID_75');
INSERT INTO Killer(Kill_ID,Killer_ID,Weapon_ID,roundNum,Match_ID) VALUES ('Kill_ID_1617','Player_ID_40','Guardian',8,'Match_ID_137');
INSERT INTO Killer(Kill_ID,Killer_ID,Weapon_ID,roundNum,Match_ID) VALUES ('Kill_ID_1618','Player_ID_131','Guardian',7,'Match_ID_77');
INSERT INTO Killer(Kill_ID,Killer_ID,Weapon_ID,roundNum,Match_ID) VALUES ('Kill_ID_1619','Player_ID_160','Judge',1,'Match_ID_244');
INSERT INTO Killer(Kill_ID,Killer_ID,Weapon_ID,roundNum,Match_ID) VALUES ('Kill_ID_1620','Player_ID_160','Guardian',5,'Match_ID_110');
INSERT INTO Killer(Kill_ID,Killer_ID,Weapon_ID,roundNum,Match_ID) VALUES ('Kill_ID_1621','Player_ID_140','Ghost',2,'Match_ID_14');
INSERT INTO Killer(Kill_ID,Killer_ID,Weapon_ID,roundNum,Match_ID) VALUES ('Kill_ID_1622','Player_ID_30','Marshal',2,'Match_ID_109');
INSERT INTO Killer(Kill_ID,Killer_ID,Weapon_ID,roundNum,Match_ID) VALUES ('Kill_ID_1623','Player_ID_4','Phantom',7,'Match_ID_236');
INSERT INTO Killer(Kill_ID,Killer_ID,Weapon_ID,roundNum,Match_ID) VALUES ('Kill_ID_1624','Player_ID_90','Spectre',3,'Match_ID_165');
INSERT INTO Killer(Kill_ID,Killer_ID,Weapon_ID,roundNum,Match_ID) VALUES ('Kill_ID_1625','Player_ID_214','Vandal',4,'Match_ID_30');
INSERT INTO Killer(Kill_ID,Killer_ID,Weapon_ID,roundNum,Match_ID) VALUES ('Kill_ID_1626','Player_ID_112','Bulldog',6,'Match_ID_23');
INSERT INTO Killer(Kill_ID,Killer_ID,Weapon_ID,roundNum,Match_ID) VALUES ('Kill_ID_1627','Player_ID_170','Shorty',1,'Match_ID_90');
INSERT INTO Killer(Kill_ID,Killer_ID,Weapon_ID,roundNum,Match_ID) VALUES ('Kill_ID_1628','Player_ID_196','Ares',4,'Match_ID_116');
INSERT INTO Killer(Kill_ID,Killer_ID,Weapon_ID,roundNum,Match_ID) VALUES ('Kill_ID_1629','Player_ID_31','Shorty',6,'Match_ID_58');
INSERT INTO Killer(Kill_ID,Killer_ID,Weapon_ID,roundNum,Match_ID) VALUES ('Kill_ID_1630','Player_ID_63','Frenzy',4,'Match_ID_23');
INSERT INTO Killer(Kill_ID,Killer_ID,Weapon_ID,roundNum,Match_ID) VALUES ('Kill_ID_1631','Player_ID_104','Bulldog',7,'Match_ID_237');
INSERT INTO Killer(Kill_ID,Killer_ID,Weapon_ID,roundNum,Match_ID) VALUES ('Kill_ID_1632','Player_ID_97','Bulldog',3,'Match_ID_50');
INSERT INTO Killer(Kill_ID,Killer_ID,Weapon_ID,roundNum,Match_ID) VALUES ('Kill_ID_1633','Player_ID_30','Guardian',7,'Match_ID_159');
INSERT INTO Killer(Kill_ID,Killer_ID,Weapon_ID,roundNum,Match_ID) VALUES ('Kill_ID_1634','Player_ID_62','Spectre',5,'Match_ID_146');
INSERT INTO Killer(Kill_ID,Killer_ID,Weapon_ID,roundNum,Match_ID) VALUES ('Kill_ID_1635','Player_ID_133','Marshal',1,'Match_ID_134');
INSERT INTO Killer(Kill_ID,Killer_ID,Weapon_ID,roundNum,Match_ID) VALUES ('Kill_ID_1636','Player_ID_195','Bulldog',8,'Match_ID_27');
INSERT INTO Killer(Kill_ID,Killer_ID,Weapon_ID,roundNum,Match_ID) VALUES ('Kill_ID_1637','Player_ID_131','Frenzy',2,'Match_ID_124');
INSERT INTO Killer(Kill_ID,Killer_ID,Weapon_ID,roundNum,Match_ID) VALUES ('Kill_ID_1638','Player_ID_76','Vandal',3,'Match_ID_216');
INSERT INTO Killer(Kill_ID,Killer_ID,Weapon_ID,roundNum,Match_ID) VALUES ('Kill_ID_1639','Player_ID_52','Odin',4,'Match_ID_59');
INSERT INTO Killer(Kill_ID,Killer_ID,Weapon_ID,roundNum,Match_ID) VALUES ('Kill_ID_1640','Player_ID_136','Bulldog',5,'Match_ID_40');
INSERT INTO Killer(Kill_ID,Killer_ID,Weapon_ID,roundNum,Match_ID) VALUES ('Kill_ID_1641','Player_ID_119','Odin',5,'Match_ID_224');
INSERT INTO Killer(Kill_ID,Killer_ID,Weapon_ID,roundNum,Match_ID) VALUES ('Kill_ID_1642','Player_ID_225','Frenzy',3,'Match_ID_130');
INSERT INTO Killer(Kill_ID,Killer_ID,Weapon_ID,roundNum,Match_ID) VALUES ('Kill_ID_1643','Player_ID_224','Ares',1,'Match_ID_185');
INSERT INTO Killer(Kill_ID,Killer_ID,Weapon_ID,roundNum,Match_ID) VALUES ('Kill_ID_1644','Player_ID_150','Ghost',6,'Match_ID_22');
INSERT INTO Killer(Kill_ID,Killer_ID,Weapon_ID,roundNum,Match_ID) VALUES ('Kill_ID_1645','Player_ID_177','Vandal',5,'Match_ID_174');
INSERT INTO Killer(Kill_ID,Killer_ID,Weapon_ID,roundNum,Match_ID) VALUES ('Kill_ID_1646','Player_ID_5','Classic',6,'Match_ID_55');
INSERT INTO Killer(Kill_ID,Killer_ID,Weapon_ID,roundNum,Match_ID) VALUES ('Kill_ID_1647','Player_ID_187','Vandal',8,'Match_ID_4');
INSERT INTO Killer(Kill_ID,Killer_ID,Weapon_ID,roundNum,Match_ID) VALUES ('Kill_ID_1648','Player_ID_221','Judge',7,'Match_ID_181');
INSERT INTO Killer(Kill_ID,Killer_ID,Weapon_ID,roundNum,Match_ID) VALUES ('Kill_ID_1649','Player_ID_122','Ghost',8,'Match_ID_236');
INSERT INTO Killer(Kill_ID,Killer_ID,Weapon_ID,roundNum,Match_ID) VALUES ('Kill_ID_1650','Player_ID_32','Judge',1,'Match_ID_116');
INSERT INTO Killer(Kill_ID,Killer_ID,Weapon_ID,roundNum,Match_ID) VALUES ('Kill_ID_1651','Player_ID_6','Spectre',8,'Match_ID_21');
INSERT INTO Killer(Kill_ID,Killer_ID,Weapon_ID,roundNum,Match_ID) VALUES ('Kill_ID_1652','Player_ID_49','Stinger',7,'Match_ID_56');
INSERT INTO Killer(Kill_ID,Killer_ID,Weapon_ID,roundNum,Match_ID) VALUES ('Kill_ID_1653','Player_ID_175','Stinger',1,'Match_ID_114');
INSERT INTO Killer(Kill_ID,Killer_ID,Weapon_ID,roundNum,Match_ID) VALUES ('Kill_ID_1654','Player_ID_145','Marshal',1,'Match_ID_141');
INSERT INTO Killer(Kill_ID,Killer_ID,Weapon_ID,roundNum,Match_ID) VALUES ('Kill_ID_1655','Player_ID_207','Classic',7,'Match_ID_168');
INSERT INTO Killer(Kill_ID,Killer_ID,Weapon_ID,roundNum,Match_ID) VALUES ('Kill_ID_1656','Player_ID_219','Stinger',4,'Match_ID_205');
INSERT INTO Killer(Kill_ID,Killer_ID,Weapon_ID,roundNum,Match_ID) VALUES ('Kill_ID_1657','Player_ID_208','Vandal',7,'Match_ID_4');
INSERT INTO Killer(Kill_ID,Killer_ID,Weapon_ID,roundNum,Match_ID) VALUES ('Kill_ID_1658','Player_ID_2','Guardian',7,'Match_ID_68');
INSERT INTO Killer(Kill_ID,Killer_ID,Weapon_ID,roundNum,Match_ID) VALUES ('Kill_ID_1659','Player_ID_16','Odin',7,'Match_ID_102');
INSERT INTO Killer(Kill_ID,Killer_ID,Weapon_ID,roundNum,Match_ID) VALUES ('Kill_ID_1660','Player_ID_105','Ghost',7,'Match_ID_168');
INSERT INTO Killer(Kill_ID,Killer_ID,Weapon_ID,roundNum,Match_ID) VALUES ('Kill_ID_1661','Player_ID_168','Odin',2,'Match_ID_152');
INSERT INTO Killer(Kill_ID,Killer_ID,Weapon_ID,roundNum,Match_ID) VALUES ('Kill_ID_1662','Player_ID_127','Ghost',3,'Match_ID_119');
INSERT INTO Killer(Kill_ID,Killer_ID,Weapon_ID,roundNum,Match_ID) VALUES ('Kill_ID_1663','Player_ID_225','Sheriff',7,'Match_ID_77');
INSERT INTO Killer(Kill_ID,Killer_ID,Weapon_ID,roundNum,Match_ID) VALUES ('Kill_ID_1664','Player_ID_172','Judge',8,'Match_ID_107');
INSERT INTO Killer(Kill_ID,Killer_ID,Weapon_ID,roundNum,Match_ID) VALUES ('Kill_ID_1665','Player_ID_40','Operator',5,'Match_ID_120');
INSERT INTO Killer(Kill_ID,Killer_ID,Weapon_ID,roundNum,Match_ID) VALUES ('Kill_ID_1666','Player_ID_188','Ares',2,'Match_ID_168');
INSERT INTO Killer(Kill_ID,Killer_ID,Weapon_ID,roundNum,Match_ID) VALUES ('Kill_ID_1667','Player_ID_195','Operator',7,'Match_ID_24');
INSERT INTO Killer(Kill_ID,Killer_ID,Weapon_ID,roundNum,Match_ID) VALUES ('Kill_ID_1668','Player_ID_71','Spectre',8,'Match_ID_197');
INSERT INTO Killer(Kill_ID,Killer_ID,Weapon_ID,roundNum,Match_ID) VALUES ('Kill_ID_1669','Player_ID_8','Stinger',1,'Match_ID_207');
INSERT INTO Killer(Kill_ID,Killer_ID,Weapon_ID,roundNum,Match_ID) VALUES ('Kill_ID_1670','Player_ID_61','Guardian',3,'Match_ID_61');
INSERT INTO Killer(Kill_ID,Killer_ID,Weapon_ID,roundNum,Match_ID) VALUES ('Kill_ID_1671','Player_ID_150','Marshal',1,'Match_ID_151');
INSERT INTO Killer(Kill_ID,Killer_ID,Weapon_ID,roundNum,Match_ID) VALUES ('Kill_ID_1672','Player_ID_127','Shorty',8,'Match_ID_122');
INSERT INTO Killer(Kill_ID,Killer_ID,Weapon_ID,roundNum,Match_ID) VALUES ('Kill_ID_1673','Player_ID_79','Bulldog',2,'Match_ID_81');
INSERT INTO Killer(Kill_ID,Killer_ID,Weapon_ID,roundNum,Match_ID) VALUES ('Kill_ID_1674','Player_ID_152','Sheriff',2,'Match_ID_236');
INSERT INTO Killer(Kill_ID,Killer_ID,Weapon_ID,roundNum,Match_ID) VALUES ('Kill_ID_1675','Player_ID_152','Spectre',2,'Match_ID_200');
INSERT INTO Killer(Kill_ID,Killer_ID,Weapon_ID,roundNum,Match_ID) VALUES ('Kill_ID_1676','Player_ID_109','Bucky',5,'Match_ID_163');
INSERT INTO Killer(Kill_ID,Killer_ID,Weapon_ID,roundNum,Match_ID) VALUES ('Kill_ID_1677','Player_ID_98','Odin',2,'Match_ID_228');
INSERT INTO Killer(Kill_ID,Killer_ID,Weapon_ID,roundNum,Match_ID) VALUES ('Kill_ID_1678','Player_ID_105','Marshal',6,'Match_ID_183');
INSERT INTO Killer(Kill_ID,Killer_ID,Weapon_ID,roundNum,Match_ID) VALUES ('Kill_ID_1679','Player_ID_94','Ghost',4,'Match_ID_160');
INSERT INTO Killer(Kill_ID,Killer_ID,Weapon_ID,roundNum,Match_ID) VALUES ('Kill_ID_1680','Player_ID_138','Bucky',5,'Match_ID_129');
INSERT INTO Killer(Kill_ID,Killer_ID,Weapon_ID,roundNum,Match_ID) VALUES ('Kill_ID_1681','Player_ID_1','Operator',6,'Match_ID_174');
INSERT INTO Killer(Kill_ID,Killer_ID,Weapon_ID,roundNum,Match_ID) VALUES ('Kill_ID_1682','Player_ID_118','Ares',8,'Match_ID_155');
INSERT INTO Killer(Kill_ID,Killer_ID,Weapon_ID,roundNum,Match_ID) VALUES ('Kill_ID_1683','Player_ID_144','Guardian',5,'Match_ID_133');
INSERT INTO Killer(Kill_ID,Killer_ID,Weapon_ID,roundNum,Match_ID) VALUES ('Kill_ID_1684','Player_ID_177','Marshal',2,'Match_ID_37');
INSERT INTO Killer(Kill_ID,Killer_ID,Weapon_ID,roundNum,Match_ID) VALUES ('Kill_ID_1685','Player_ID_25','Odin',5,'Match_ID_77');
INSERT INTO Killer(Kill_ID,Killer_ID,Weapon_ID,roundNum,Match_ID) VALUES ('Kill_ID_1686','Player_ID_118','Guardian',1,'Match_ID_81');
INSERT INTO Killer(Kill_ID,Killer_ID,Weapon_ID,roundNum,Match_ID) VALUES ('Kill_ID_1687','Player_ID_216','Classic',1,'Match_ID_201');
INSERT INTO Killer(Kill_ID,Killer_ID,Weapon_ID,roundNum,Match_ID) VALUES ('Kill_ID_1688','Player_ID_105','Judge',7,'Match_ID_179');
INSERT INTO Killer(Kill_ID,Killer_ID,Weapon_ID,roundNum,Match_ID) VALUES ('Kill_ID_1689','Player_ID_58','Classic',7,'Match_ID_93');
INSERT INTO Killer(Kill_ID,Killer_ID,Weapon_ID,roundNum,Match_ID) VALUES ('Kill_ID_1690','Player_ID_220','Judge',1,'Match_ID_58');
INSERT INTO Killer(Kill_ID,Killer_ID,Weapon_ID,roundNum,Match_ID) VALUES ('Kill_ID_1691','Player_ID_15','Bulldog',3,'Match_ID_3');
INSERT INTO Killer(Kill_ID,Killer_ID,Weapon_ID,roundNum,Match_ID) VALUES ('Kill_ID_1692','Player_ID_214','Bulldog',3,'Match_ID_23');
INSERT INTO Killer(Kill_ID,Killer_ID,Weapon_ID,roundNum,Match_ID) VALUES ('Kill_ID_1693','Player_ID_212','Bucky',5,'Match_ID_76');
INSERT INTO Killer(Kill_ID,Killer_ID,Weapon_ID,roundNum,Match_ID) VALUES ('Kill_ID_1694','Player_ID_168','Ghost',4,'Match_ID_100');
INSERT INTO Killer(Kill_ID,Killer_ID,Weapon_ID,roundNum,Match_ID) VALUES ('Kill_ID_1695','Player_ID_148','Marshal',3,'Match_ID_177');
INSERT INTO Killer(Kill_ID,Killer_ID,Weapon_ID,roundNum,Match_ID) VALUES ('Kill_ID_1696','Player_ID_202','Phantom',6,'Match_ID_7');
INSERT INTO Killer(Kill_ID,Killer_ID,Weapon_ID,roundNum,Match_ID) VALUES ('Kill_ID_1697','Player_ID_115','Sheriff',1,'Match_ID_85');
INSERT INTO Killer(Kill_ID,Killer_ID,Weapon_ID,roundNum,Match_ID) VALUES ('Kill_ID_1698','Player_ID_42','Bulldog',7,'Match_ID_26');
INSERT INTO Killer(Kill_ID,Killer_ID,Weapon_ID,roundNum,Match_ID) VALUES ('Kill_ID_1699','Player_ID_66','Stinger',2,'Match_ID_197');
INSERT INTO Killer(Kill_ID,Killer_ID,Weapon_ID,roundNum,Match_ID) VALUES ('Kill_ID_1700','Player_ID_7','Frenzy',8,'Match_ID_49');
INSERT INTO Killer(Kill_ID,Killer_ID,Weapon_ID,roundNum,Match_ID) VALUES ('Kill_ID_1701','Player_ID_108','Marshal',7,'Match_ID_180');
INSERT INTO Killer(Kill_ID,Killer_ID,Weapon_ID,roundNum,Match_ID) VALUES ('Kill_ID_1702','Player_ID_159','Phantom',4,'Match_ID_11');
INSERT INTO Killer(Kill_ID,Killer_ID,Weapon_ID,roundNum,Match_ID) VALUES ('Kill_ID_1703','Player_ID_37','Marshal',6,'Match_ID_223');
INSERT INTO Killer(Kill_ID,Killer_ID,Weapon_ID,roundNum,Match_ID) VALUES ('Kill_ID_1704','Player_ID_45','Bulldog',1,'Match_ID_166');
INSERT INTO Killer(Kill_ID,Killer_ID,Weapon_ID,roundNum,Match_ID) VALUES ('Kill_ID_1705','Player_ID_144','Spectre',4,'Match_ID_120');
INSERT INTO Killer(Kill_ID,Killer_ID,Weapon_ID,roundNum,Match_ID) VALUES ('Kill_ID_1706','Player_ID_11','Spectre',2,'Match_ID_112');
INSERT INTO Killer(Kill_ID,Killer_ID,Weapon_ID,roundNum,Match_ID) VALUES ('Kill_ID_1707','Player_ID_125','Stinger',1,'Match_ID_235');
INSERT INTO Killer(Kill_ID,Killer_ID,Weapon_ID,roundNum,Match_ID) VALUES ('Kill_ID_1708','Player_ID_18','Guardian',1,'Match_ID_239');
INSERT INTO Killer(Kill_ID,Killer_ID,Weapon_ID,roundNum,Match_ID) VALUES ('Kill_ID_1709','Player_ID_8','Odin',1,'Match_ID_13');
INSERT INTO Killer(Kill_ID,Killer_ID,Weapon_ID,roundNum,Match_ID) VALUES ('Kill_ID_1710','Player_ID_116','Shorty',2,'Match_ID_40');
INSERT INTO Killer(Kill_ID,Killer_ID,Weapon_ID,roundNum,Match_ID) VALUES ('Kill_ID_1711','Player_ID_182','Stinger',5,'Match_ID_53');
INSERT INTO Killer(Kill_ID,Killer_ID,Weapon_ID,roundNum,Match_ID) VALUES ('Kill_ID_1712','Player_ID_177','Frenzy',6,'Match_ID_86');
INSERT INTO Killer(Kill_ID,Killer_ID,Weapon_ID,roundNum,Match_ID) VALUES ('Kill_ID_1713','Player_ID_224','Sheriff',3,'Match_ID_138');
INSERT INTO Killer(Kill_ID,Killer_ID,Weapon_ID,roundNum,Match_ID) VALUES ('Kill_ID_1714','Player_ID_203','Marshal',8,'Match_ID_124');
INSERT INTO Killer(Kill_ID,Killer_ID,Weapon_ID,roundNum,Match_ID) VALUES ('Kill_ID_1715','Player_ID_131','Sheriff',1,'Match_ID_74');
INSERT INTO Killer(Kill_ID,Killer_ID,Weapon_ID,roundNum,Match_ID) VALUES ('Kill_ID_1716','Player_ID_162','Phantom',5,'Match_ID_97');
INSERT INTO Killer(Kill_ID,Killer_ID,Weapon_ID,roundNum,Match_ID) VALUES ('Kill_ID_1717','Player_ID_211','Frenzy',6,'Match_ID_31');
INSERT INTO Killer(Kill_ID,Killer_ID,Weapon_ID,roundNum,Match_ID) VALUES ('Kill_ID_1718','Player_ID_48','Sheriff',2,'Match_ID_53');
INSERT INTO Killer(Kill_ID,Killer_ID,Weapon_ID,roundNum,Match_ID) VALUES ('Kill_ID_1719','Player_ID_159','Bulldog',7,'Match_ID_136');
INSERT INTO Killer(Kill_ID,Killer_ID,Weapon_ID,roundNum,Match_ID) VALUES ('Kill_ID_1720','Player_ID_184','Sheriff',6,'Match_ID_170');
INSERT INTO Killer(Kill_ID,Killer_ID,Weapon_ID,roundNum,Match_ID) VALUES ('Kill_ID_1721','Player_ID_213','Phantom',8,'Match_ID_8');
INSERT INTO Killer(Kill_ID,Killer_ID,Weapon_ID,roundNum,Match_ID) VALUES ('Kill_ID_1722','Player_ID_57','Classic',2,'Match_ID_102');
INSERT INTO Killer(Kill_ID,Killer_ID,Weapon_ID,roundNum,Match_ID) VALUES ('Kill_ID_1723','Player_ID_66','Vandal',1,'Match_ID_90');
INSERT INTO Killer(Kill_ID,Killer_ID,Weapon_ID,roundNum,Match_ID) VALUES ('Kill_ID_1724','Player_ID_222','Ares',2,'Match_ID_46');
INSERT INTO Killer(Kill_ID,Killer_ID,Weapon_ID,roundNum,Match_ID) VALUES ('Kill_ID_1725','Player_ID_191','Guardian',2,'Match_ID_20');
INSERT INTO Killer(Kill_ID,Killer_ID,Weapon_ID,roundNum,Match_ID) VALUES ('Kill_ID_1726','Player_ID_41','Frenzy',5,'Match_ID_154');
INSERT INTO Killer(Kill_ID,Killer_ID,Weapon_ID,roundNum,Match_ID) VALUES ('Kill_ID_1727','Player_ID_140','Operator',7,'Match_ID_116');
INSERT INTO Killer(Kill_ID,Killer_ID,Weapon_ID,roundNum,Match_ID) VALUES ('Kill_ID_1728','Player_ID_116','Frenzy',5,'Match_ID_122');
INSERT INTO Killer(Kill_ID,Killer_ID,Weapon_ID,roundNum,Match_ID) VALUES ('Kill_ID_1729','Player_ID_64','Odin',8,'Match_ID_31');
INSERT INTO Killer(Kill_ID,Killer_ID,Weapon_ID,roundNum,Match_ID) VALUES ('Kill_ID_1730','Player_ID_140','Vandal',5,'Match_ID_248');
INSERT INTO Killer(Kill_ID,Killer_ID,Weapon_ID,roundNum,Match_ID) VALUES ('Kill_ID_1731','Player_ID_219','Frenzy',5,'Match_ID_207');
INSERT INTO Killer(Kill_ID,Killer_ID,Weapon_ID,roundNum,Match_ID) VALUES ('Kill_ID_1732','Player_ID_182','Phantom',2,'Match_ID_170');
INSERT INTO Killer(Kill_ID,Killer_ID,Weapon_ID,roundNum,Match_ID) VALUES ('Kill_ID_1733','Player_ID_91','Ghost',5,'Match_ID_188');
INSERT INTO Killer(Kill_ID,Killer_ID,Weapon_ID,roundNum,Match_ID) VALUES ('Kill_ID_1734','Player_ID_132','Frenzy',2,'Match_ID_89');
INSERT INTO Killer(Kill_ID,Killer_ID,Weapon_ID,roundNum,Match_ID) VALUES ('Kill_ID_1735','Player_ID_184','Frenzy',4,'Match_ID_194');
INSERT INTO Killer(Kill_ID,Killer_ID,Weapon_ID,roundNum,Match_ID) VALUES ('Kill_ID_1736','Player_ID_148','Ares',1,'Match_ID_49');
INSERT INTO Killer(Kill_ID,Killer_ID,Weapon_ID,roundNum,Match_ID) VALUES ('Kill_ID_1737','Player_ID_110','Classic',3,'Match_ID_136');
INSERT INTO Killer(Kill_ID,Killer_ID,Weapon_ID,roundNum,Match_ID) VALUES ('Kill_ID_1738','Player_ID_99','Frenzy',3,'Match_ID_122');
INSERT INTO Killer(Kill_ID,Killer_ID,Weapon_ID,roundNum,Match_ID) VALUES ('Kill_ID_1739','Player_ID_178','Ares',7,'Match_ID_188');
INSERT INTO Killer(Kill_ID,Killer_ID,Weapon_ID,roundNum,Match_ID) VALUES ('Kill_ID_1740','Player_ID_24','Guardian',2,'Match_ID_66');
INSERT INTO Killer(Kill_ID,Killer_ID,Weapon_ID,roundNum,Match_ID) VALUES ('Kill_ID_1741','Player_ID_199','Sheriff',5,'Match_ID_86');
INSERT INTO Killer(Kill_ID,Killer_ID,Weapon_ID,roundNum,Match_ID) VALUES ('Kill_ID_1742','Player_ID_190','Guardian',3,'Match_ID_69');
INSERT INTO Killer(Kill_ID,Killer_ID,Weapon_ID,roundNum,Match_ID) VALUES ('Kill_ID_1743','Player_ID_169','Guardian',3,'Match_ID_133');
INSERT INTO Killer(Kill_ID,Killer_ID,Weapon_ID,roundNum,Match_ID) VALUES ('Kill_ID_1744','Player_ID_48','Shorty',1,'Match_ID_150');
INSERT INTO Killer(Kill_ID,Killer_ID,Weapon_ID,roundNum,Match_ID) VALUES ('Kill_ID_1745','Player_ID_98','Sheriff',8,'Match_ID_43');
INSERT INTO Killer(Kill_ID,Killer_ID,Weapon_ID,roundNum,Match_ID) VALUES ('Kill_ID_1746','Player_ID_81','Classic',3,'Match_ID_215');
INSERT INTO Killer(Kill_ID,Killer_ID,Weapon_ID,roundNum,Match_ID) VALUES ('Kill_ID_1747','Player_ID_1','Phantom',7,'Match_ID_43');
INSERT INTO Killer(Kill_ID,Killer_ID,Weapon_ID,roundNum,Match_ID) VALUES ('Kill_ID_1748','Player_ID_84','Judge',8,'Match_ID_78');
INSERT INTO Killer(Kill_ID,Killer_ID,Weapon_ID,roundNum,Match_ID) VALUES ('Kill_ID_1749','Player_ID_111','Stinger',5,'Match_ID_41');
INSERT INTO Killer(Kill_ID,Killer_ID,Weapon_ID,roundNum,Match_ID) VALUES ('Kill_ID_1750','Player_ID_91','Spectre',7,'Match_ID_46');
INSERT INTO Killer(Kill_ID,Killer_ID,Weapon_ID,roundNum,Match_ID) VALUES ('Kill_ID_1751','Player_ID_179','Guardian',1,'Match_ID_173');
INSERT INTO Killer(Kill_ID,Killer_ID,Weapon_ID,roundNum,Match_ID) VALUES ('Kill_ID_1752','Player_ID_45','Frenzy',3,'Match_ID_91');
INSERT INTO Killer(Kill_ID,Killer_ID,Weapon_ID,roundNum,Match_ID) VALUES ('Kill_ID_1753','Player_ID_109','Sheriff',8,'Match_ID_45');
INSERT INTO Killer(Kill_ID,Killer_ID,Weapon_ID,roundNum,Match_ID) VALUES ('Kill_ID_1754','Player_ID_59','Shorty',4,'Match_ID_30');
INSERT INTO Killer(Kill_ID,Killer_ID,Weapon_ID,roundNum,Match_ID) VALUES ('Kill_ID_1755','Player_ID_38','Stinger',8,'Match_ID_48');
INSERT INTO Killer(Kill_ID,Killer_ID,Weapon_ID,roundNum,Match_ID) VALUES ('Kill_ID_1756','Player_ID_45','Classic',2,'Match_ID_86');
INSERT INTO Killer(Kill_ID,Killer_ID,Weapon_ID,roundNum,Match_ID) VALUES ('Kill_ID_1757','Player_ID_52','Shorty',4,'Match_ID_117');
INSERT INTO Killer(Kill_ID,Killer_ID,Weapon_ID,roundNum,Match_ID) VALUES ('Kill_ID_1758','Player_ID_77','Phantom',6,'Match_ID_127');
INSERT INTO Killer(Kill_ID,Killer_ID,Weapon_ID,roundNum,Match_ID) VALUES ('Kill_ID_1759','Player_ID_54','Guardian',6,'Match_ID_107');
INSERT INTO Killer(Kill_ID,Killer_ID,Weapon_ID,roundNum,Match_ID) VALUES ('Kill_ID_1760','Player_ID_41','Sheriff',6,'Match_ID_12');
INSERT INTO Killer(Kill_ID,Killer_ID,Weapon_ID,roundNum,Match_ID) VALUES ('Kill_ID_1761','Player_ID_135','Operator',1,'Match_ID_45');
INSERT INTO Killer(Kill_ID,Killer_ID,Weapon_ID,roundNum,Match_ID) VALUES ('Kill_ID_1762','Player_ID_197','Shorty',2,'Match_ID_179');
INSERT INTO Killer(Kill_ID,Killer_ID,Weapon_ID,roundNum,Match_ID) VALUES ('Kill_ID_1763','Player_ID_142','Bucky',2,'Match_ID_200');
INSERT INTO Killer(Kill_ID,Killer_ID,Weapon_ID,roundNum,Match_ID) VALUES ('Kill_ID_1764','Player_ID_142','Vandal',5,'Match_ID_183');
INSERT INTO Killer(Kill_ID,Killer_ID,Weapon_ID,roundNum,Match_ID) VALUES ('Kill_ID_1765','Player_ID_200','Stinger',8,'Match_ID_21');
INSERT INTO Killer(Kill_ID,Killer_ID,Weapon_ID,roundNum,Match_ID) VALUES ('Kill_ID_1766','Player_ID_163','Odin',5,'Match_ID_141');
INSERT INTO Killer(Kill_ID,Killer_ID,Weapon_ID,roundNum,Match_ID) VALUES ('Kill_ID_1767','Player_ID_210','Odin',4,'Match_ID_50');
INSERT INTO Killer(Kill_ID,Killer_ID,Weapon_ID,roundNum,Match_ID) VALUES ('Kill_ID_1768','Player_ID_62','Classic',8,'Match_ID_236');
INSERT INTO Killer(Kill_ID,Killer_ID,Weapon_ID,roundNum,Match_ID) VALUES ('Kill_ID_1769','Player_ID_137','Vandal',6,'Match_ID_196');
INSERT INTO Killer(Kill_ID,Killer_ID,Weapon_ID,roundNum,Match_ID) VALUES ('Kill_ID_1770','Player_ID_175','Marshal',6,'Match_ID_186');
INSERT INTO Killer(Kill_ID,Killer_ID,Weapon_ID,roundNum,Match_ID) VALUES ('Kill_ID_1771','Player_ID_164','Classic',8,'Match_ID_109');
INSERT INTO Killer(Kill_ID,Killer_ID,Weapon_ID,roundNum,Match_ID) VALUES ('Kill_ID_1772','Player_ID_159','Sheriff',3,'Match_ID_196');
INSERT INTO Killer(Kill_ID,Killer_ID,Weapon_ID,roundNum,Match_ID) VALUES ('Kill_ID_1773','Player_ID_210','Bucky',1,'Match_ID_73');
INSERT INTO Killer(Kill_ID,Killer_ID,Weapon_ID,roundNum,Match_ID) VALUES ('Kill_ID_1774','Player_ID_51','Operator',4,'Match_ID_212');
INSERT INTO Killer(Kill_ID,Killer_ID,Weapon_ID,roundNum,Match_ID) VALUES ('Kill_ID_1775','Player_ID_222','Ares',4,'Match_ID_106');
INSERT INTO Killer(Kill_ID,Killer_ID,Weapon_ID,roundNum,Match_ID) VALUES ('Kill_ID_1776','Player_ID_156','Stinger',2,'Match_ID_144');
INSERT INTO Killer(Kill_ID,Killer_ID,Weapon_ID,roundNum,Match_ID) VALUES ('Kill_ID_1777','Player_ID_70','Ghost',8,'Match_ID_107');
INSERT INTO Killer(Kill_ID,Killer_ID,Weapon_ID,roundNum,Match_ID) VALUES ('Kill_ID_1778','Player_ID_66','Bucky',5,'Match_ID_93');
INSERT INTO Killer(Kill_ID,Killer_ID,Weapon_ID,roundNum,Match_ID) VALUES ('Kill_ID_1779','Player_ID_112','Shorty',5,'Match_ID_141');
INSERT INTO Killer(Kill_ID,Killer_ID,Weapon_ID,roundNum,Match_ID) VALUES ('Kill_ID_1780','Player_ID_124','Ghost',8,'Match_ID_213');
INSERT INTO Killer(Kill_ID,Killer_ID,Weapon_ID,roundNum,Match_ID) VALUES ('Kill_ID_1781','Player_ID_145','Shorty',7,'Match_ID_71');
INSERT INTO Killer(Kill_ID,Killer_ID,Weapon_ID,roundNum,Match_ID) VALUES ('Kill_ID_1782','Player_ID_150','Phantom',2,'Match_ID_123');
INSERT INTO Killer(Kill_ID,Killer_ID,Weapon_ID,roundNum,Match_ID) VALUES ('Kill_ID_1783','Player_ID_140','Spectre',4,'Match_ID_145');
INSERT INTO Killer(Kill_ID,Killer_ID,Weapon_ID,roundNum,Match_ID) VALUES ('Kill_ID_1784','Player_ID_80','Odin',8,'Match_ID_77');
INSERT INTO Killer(Kill_ID,Killer_ID,Weapon_ID,roundNum,Match_ID) VALUES ('Kill_ID_1785','Player_ID_192','Spectre',5,'Match_ID_41');
INSERT INTO Killer(Kill_ID,Killer_ID,Weapon_ID,roundNum,Match_ID) VALUES ('Kill_ID_1786','Player_ID_131','Judge',8,'Match_ID_152');
INSERT INTO Killer(Kill_ID,Killer_ID,Weapon_ID,roundNum,Match_ID) VALUES ('Kill_ID_1787','Player_ID_108','Judge',6,'Match_ID_206');
INSERT INTO Killer(Kill_ID,Killer_ID,Weapon_ID,roundNum,Match_ID) VALUES ('Kill_ID_1788','Player_ID_123','Odin',8,'Match_ID_184');
INSERT INTO Killer(Kill_ID,Killer_ID,Weapon_ID,roundNum,Match_ID) VALUES ('Kill_ID_1789','Player_ID_113','Ares',3,'Match_ID_215');
INSERT INTO Killer(Kill_ID,Killer_ID,Weapon_ID,roundNum,Match_ID) VALUES ('Kill_ID_1790','Player_ID_3','Shorty',2,'Match_ID_208');
INSERT INTO Killer(Kill_ID,Killer_ID,Weapon_ID,roundNum,Match_ID) VALUES ('Kill_ID_1791','Player_ID_170','Classic',4,'Match_ID_111');
INSERT INTO Killer(Kill_ID,Killer_ID,Weapon_ID,roundNum,Match_ID) VALUES ('Kill_ID_1792','Player_ID_127','Shorty',2,'Match_ID_197');
INSERT INTO Killer(Kill_ID,Killer_ID,Weapon_ID,roundNum,Match_ID) VALUES ('Kill_ID_1793','Player_ID_176','Judge',8,'Match_ID_81');
INSERT INTO Killer(Kill_ID,Killer_ID,Weapon_ID,roundNum,Match_ID) VALUES ('Kill_ID_1794','Player_ID_62','Ghost',2,'Match_ID_79');
INSERT INTO Killer(Kill_ID,Killer_ID,Weapon_ID,roundNum,Match_ID) VALUES ('Kill_ID_1795','Player_ID_144','Stinger',6,'Match_ID_192');
INSERT INTO Killer(Kill_ID,Killer_ID,Weapon_ID,roundNum,Match_ID) VALUES ('Kill_ID_1796','Player_ID_22','Operator',8,'Match_ID_105');
INSERT INTO Killer(Kill_ID,Killer_ID,Weapon_ID,roundNum,Match_ID) VALUES ('Kill_ID_1797','Player_ID_31','Classic',3,'Match_ID_162');
INSERT INTO Killer(Kill_ID,Killer_ID,Weapon_ID,roundNum,Match_ID) VALUES ('Kill_ID_1798','Player_ID_103','Ghost',6,'Match_ID_137');
INSERT INTO Killer(Kill_ID,Killer_ID,Weapon_ID,roundNum,Match_ID) VALUES ('Kill_ID_1799','Player_ID_166','Classic',8,'Match_ID_182');
INSERT INTO Killer(Kill_ID,Killer_ID,Weapon_ID,roundNum,Match_ID) VALUES ('Kill_ID_1800','Player_ID_126','Sheriff',5,'Match_ID_3');
INSERT INTO Killer(Kill_ID,Killer_ID,Weapon_ID,roundNum,Match_ID) VALUES ('Kill_ID_1801','Player_ID_17','Shorty',2,'Match_ID_247');
INSERT INTO Killer(Kill_ID,Killer_ID,Weapon_ID,roundNum,Match_ID) VALUES ('Kill_ID_1802','Player_ID_114','Sheriff',1,'Match_ID_165');
INSERT INTO Killer(Kill_ID,Killer_ID,Weapon_ID,roundNum,Match_ID) VALUES ('Kill_ID_1803','Player_ID_210','Spectre',3,'Match_ID_55');
INSERT INTO Killer(Kill_ID,Killer_ID,Weapon_ID,roundNum,Match_ID) VALUES ('Kill_ID_1804','Player_ID_89','Ghost',1,'Match_ID_188');
INSERT INTO Killer(Kill_ID,Killer_ID,Weapon_ID,roundNum,Match_ID) VALUES ('Kill_ID_1805','Player_ID_130','Phantom',8,'Match_ID_58');
INSERT INTO Killer(Kill_ID,Killer_ID,Weapon_ID,roundNum,Match_ID) VALUES ('Kill_ID_1806','Player_ID_3','Marshal',5,'Match_ID_225');
INSERT INTO Killer(Kill_ID,Killer_ID,Weapon_ID,roundNum,Match_ID) VALUES ('Kill_ID_1807','Player_ID_145','Sheriff',4,'Match_ID_30');
INSERT INTO Killer(Kill_ID,Killer_ID,Weapon_ID,roundNum,Match_ID) VALUES ('Kill_ID_1808','Player_ID_101','Phantom',5,'Match_ID_224');
INSERT INTO Killer(Kill_ID,Killer_ID,Weapon_ID,roundNum,Match_ID) VALUES ('Kill_ID_1809','Player_ID_136','Frenzy',6,'Match_ID_11');
INSERT INTO Killer(Kill_ID,Killer_ID,Weapon_ID,roundNum,Match_ID) VALUES ('Kill_ID_1810','Player_ID_142','Judge',8,'Match_ID_102');
INSERT INTO Killer(Kill_ID,Killer_ID,Weapon_ID,roundNum,Match_ID) VALUES ('Kill_ID_1811','Player_ID_102','Bucky',6,'Match_ID_117');
INSERT INTO Killer(Kill_ID,Killer_ID,Weapon_ID,roundNum,Match_ID) VALUES ('Kill_ID_1812','Player_ID_203','Stinger',3,'Match_ID_38');
INSERT INTO Killer(Kill_ID,Killer_ID,Weapon_ID,roundNum,Match_ID) VALUES ('Kill_ID_1813','Player_ID_187','Classic',7,'Match_ID_52');
INSERT INTO Killer(Kill_ID,Killer_ID,Weapon_ID,roundNum,Match_ID) VALUES ('Kill_ID_1814','Player_ID_55','Frenzy',4,'Match_ID_248');
INSERT INTO Killer(Kill_ID,Killer_ID,Weapon_ID,roundNum,Match_ID) VALUES ('Kill_ID_1815','Player_ID_164','Shorty',5,'Match_ID_244');
INSERT INTO Killer(Kill_ID,Killer_ID,Weapon_ID,roundNum,Match_ID) VALUES ('Kill_ID_1816','Player_ID_40','Bulldog',8,'Match_ID_192');
INSERT INTO Killer(Kill_ID,Killer_ID,Weapon_ID,roundNum,Match_ID) VALUES ('Kill_ID_1817','Player_ID_16','Guardian',4,'Match_ID_16');
INSERT INTO Killer(Kill_ID,Killer_ID,Weapon_ID,roundNum,Match_ID) VALUES ('Kill_ID_1818','Player_ID_78','Judge',5,'Match_ID_24');
INSERT INTO Killer(Kill_ID,Killer_ID,Weapon_ID,roundNum,Match_ID) VALUES ('Kill_ID_1819','Player_ID_70','Spectre',2,'Match_ID_80');
INSERT INTO Killer(Kill_ID,Killer_ID,Weapon_ID,roundNum,Match_ID) VALUES ('Kill_ID_1820','Player_ID_23','Bulldog',2,'Match_ID_15');
INSERT INTO Killer(Kill_ID,Killer_ID,Weapon_ID,roundNum,Match_ID) VALUES ('Kill_ID_1821','Player_ID_144','Judge',1,'Match_ID_6');
INSERT INTO Killer(Kill_ID,Killer_ID,Weapon_ID,roundNum,Match_ID) VALUES ('Kill_ID_1822','Player_ID_29','Vandal',7,'Match_ID_207');
INSERT INTO Killer(Kill_ID,Killer_ID,Weapon_ID,roundNum,Match_ID) VALUES ('Kill_ID_1823','Player_ID_4','Stinger',8,'Match_ID_128');
INSERT INTO Killer(Kill_ID,Killer_ID,Weapon_ID,roundNum,Match_ID) VALUES ('Kill_ID_1824','Player_ID_8','Vandal',1,'Match_ID_95');
INSERT INTO Killer(Kill_ID,Killer_ID,Weapon_ID,roundNum,Match_ID) VALUES ('Kill_ID_1825','Player_ID_11','Frenzy',4,'Match_ID_103');
INSERT INTO Killer(Kill_ID,Killer_ID,Weapon_ID,roundNum,Match_ID) VALUES ('Kill_ID_1826','Player_ID_136','Operator',7,'Match_ID_163');
INSERT INTO Killer(Kill_ID,Killer_ID,Weapon_ID,roundNum,Match_ID) VALUES ('Kill_ID_1827','Player_ID_193','Ares',2,'Match_ID_50');
INSERT INTO Killer(Kill_ID,Killer_ID,Weapon_ID,roundNum,Match_ID) VALUES ('Kill_ID_1828','Player_ID_182','Phantom',2,'Match_ID_120');
INSERT INTO Killer(Kill_ID,Killer_ID,Weapon_ID,roundNum,Match_ID) VALUES ('Kill_ID_1829','Player_ID_43','Frenzy',3,'Match_ID_226');
INSERT INTO Killer(Kill_ID,Killer_ID,Weapon_ID,roundNum,Match_ID) VALUES ('Kill_ID_1830','Player_ID_25','Vandal',1,'Match_ID_113');
INSERT INTO Killer(Kill_ID,Killer_ID,Weapon_ID,roundNum,Match_ID) VALUES ('Kill_ID_1831','Player_ID_113','Judge',5,'Match_ID_59');
INSERT INTO Killer(Kill_ID,Killer_ID,Weapon_ID,roundNum,Match_ID) VALUES ('Kill_ID_1832','Player_ID_151','Bulldog',6,'Match_ID_84');
INSERT INTO Killer(Kill_ID,Killer_ID,Weapon_ID,roundNum,Match_ID) VALUES ('Kill_ID_1833','Player_ID_199','Stinger',1,'Match_ID_183');
INSERT INTO Killer(Kill_ID,Killer_ID,Weapon_ID,roundNum,Match_ID) VALUES ('Kill_ID_1834','Player_ID_121','Operator',8,'Match_ID_123');
INSERT INTO Killer(Kill_ID,Killer_ID,Weapon_ID,roundNum,Match_ID) VALUES ('Kill_ID_1835','Player_ID_176','Spectre',6,'Match_ID_70');
INSERT INTO Killer(Kill_ID,Killer_ID,Weapon_ID,roundNum,Match_ID) VALUES ('Kill_ID_1836','Player_ID_139','Guardian',7,'Match_ID_16');
INSERT INTO Killer(Kill_ID,Killer_ID,Weapon_ID,roundNum,Match_ID) VALUES ('Kill_ID_1837','Player_ID_90','Odin',4,'Match_ID_228');
INSERT INTO Killer(Kill_ID,Killer_ID,Weapon_ID,roundNum,Match_ID) VALUES ('Kill_ID_1838','Player_ID_149','Judge',7,'Match_ID_219');
INSERT INTO Killer(Kill_ID,Killer_ID,Weapon_ID,roundNum,Match_ID) VALUES ('Kill_ID_1839','Player_ID_67','Bulldog',6,'Match_ID_21');
INSERT INTO Killer(Kill_ID,Killer_ID,Weapon_ID,roundNum,Match_ID) VALUES ('Kill_ID_1840','Player_ID_160','Ares',5,'Match_ID_208');
INSERT INTO Killer(Kill_ID,Killer_ID,Weapon_ID,roundNum,Match_ID) VALUES ('Kill_ID_1841','Player_ID_153','Phantom',6,'Match_ID_197');
INSERT INTO Killer(Kill_ID,Killer_ID,Weapon_ID,roundNum,Match_ID) VALUES ('Kill_ID_1842','Player_ID_4','Vandal',2,'Match_ID_12');
INSERT INTO Killer(Kill_ID,Killer_ID,Weapon_ID,roundNum,Match_ID) VALUES ('Kill_ID_1843','Player_ID_163','Ares',5,'Match_ID_75');
INSERT INTO Killer(Kill_ID,Killer_ID,Weapon_ID,roundNum,Match_ID) VALUES ('Kill_ID_1844','Player_ID_136','Classic',8,'Match_ID_223');
INSERT INTO Killer(Kill_ID,Killer_ID,Weapon_ID,roundNum,Match_ID) VALUES ('Kill_ID_1845','Player_ID_52','Vandal',3,'Match_ID_35');
INSERT INTO Killer(Kill_ID,Killer_ID,Weapon_ID,roundNum,Match_ID) VALUES ('Kill_ID_1846','Player_ID_12','Marshal',3,'Match_ID_170');
INSERT INTO Killer(Kill_ID,Killer_ID,Weapon_ID,roundNum,Match_ID) VALUES ('Kill_ID_1847','Player_ID_203','Guardian',2,'Match_ID_177');
INSERT INTO Killer(Kill_ID,Killer_ID,Weapon_ID,roundNum,Match_ID) VALUES ('Kill_ID_1848','Player_ID_115','Bucky',2,'Match_ID_93');
INSERT INTO Killer(Kill_ID,Killer_ID,Weapon_ID,roundNum,Match_ID) VALUES ('Kill_ID_1849','Player_ID_5','Stinger',2,'Match_ID_13');
INSERT INTO Killer(Kill_ID,Killer_ID,Weapon_ID,roundNum,Match_ID) VALUES ('Kill_ID_1850','Player_ID_171','Stinger',8,'Match_ID_227');
INSERT INTO Killer(Kill_ID,Killer_ID,Weapon_ID,roundNum,Match_ID) VALUES ('Kill_ID_1851','Player_ID_26','Vandal',1,'Match_ID_204');
INSERT INTO Killer(Kill_ID,Killer_ID,Weapon_ID,roundNum,Match_ID) VALUES ('Kill_ID_1852','Player_ID_204','Marshal',8,'Match_ID_218');
INSERT INTO Killer(Kill_ID,Killer_ID,Weapon_ID,roundNum,Match_ID) VALUES ('Kill_ID_1853','Player_ID_13','Ares',8,'Match_ID_83');
INSERT INTO Killer(Kill_ID,Killer_ID,Weapon_ID,roundNum,Match_ID) VALUES ('Kill_ID_1854','Player_ID_30','Marshal',3,'Match_ID_15');
INSERT INTO Killer(Kill_ID,Killer_ID,Weapon_ID,roundNum,Match_ID) VALUES ('Kill_ID_1855','Player_ID_72','Bucky',8,'Match_ID_69');
INSERT INTO Killer(Kill_ID,Killer_ID,Weapon_ID,roundNum,Match_ID) VALUES ('Kill_ID_1856','Player_ID_73','Ares',2,'Match_ID_93');
INSERT INTO Killer(Kill_ID,Killer_ID,Weapon_ID,roundNum,Match_ID) VALUES ('Kill_ID_1857','Player_ID_55','Operator',3,'Match_ID_230');
INSERT INTO Killer(Kill_ID,Killer_ID,Weapon_ID,roundNum,Match_ID) VALUES ('Kill_ID_1858','Player_ID_71','Classic',2,'Match_ID_181');
INSERT INTO Killer(Kill_ID,Killer_ID,Weapon_ID,roundNum,Match_ID) VALUES ('Kill_ID_1859','Player_ID_29','Odin',1,'Match_ID_37');
INSERT INTO Killer(Kill_ID,Killer_ID,Weapon_ID,roundNum,Match_ID) VALUES ('Kill_ID_1860','Player_ID_172','Ghost',7,'Match_ID_250');
INSERT INTO Killer(Kill_ID,Killer_ID,Weapon_ID,roundNum,Match_ID) VALUES ('Kill_ID_1861','Player_ID_171','Sheriff',8,'Match_ID_155');
INSERT INTO Killer(Kill_ID,Killer_ID,Weapon_ID,roundNum,Match_ID) VALUES ('Kill_ID_1862','Player_ID_44','Phantom',6,'Match_ID_118');
INSERT INTO Killer(Kill_ID,Killer_ID,Weapon_ID,roundNum,Match_ID) VALUES ('Kill_ID_1863','Player_ID_220','Shorty',7,'Match_ID_170');
INSERT INTO Killer(Kill_ID,Killer_ID,Weapon_ID,roundNum,Match_ID) VALUES ('Kill_ID_1864','Player_ID_28','Guardian',2,'Match_ID_89');
INSERT INTO Killer(Kill_ID,Killer_ID,Weapon_ID,roundNum,Match_ID) VALUES ('Kill_ID_1865','Player_ID_186','Vandal',8,'Match_ID_92');
INSERT INTO Killer(Kill_ID,Killer_ID,Weapon_ID,roundNum,Match_ID) VALUES ('Kill_ID_1866','Player_ID_82','Spectre',6,'Match_ID_52');
INSERT INTO Killer(Kill_ID,Killer_ID,Weapon_ID,roundNum,Match_ID) VALUES ('Kill_ID_1867','Player_ID_122','Guardian',7,'Match_ID_17');
INSERT INTO Killer(Kill_ID,Killer_ID,Weapon_ID,roundNum,Match_ID) VALUES ('Kill_ID_1868','Player_ID_13','Shorty',8,'Match_ID_207');
INSERT INTO Killer(Kill_ID,Killer_ID,Weapon_ID,roundNum,Match_ID) VALUES ('Kill_ID_1869','Player_ID_146','Frenzy',6,'Match_ID_35');
INSERT INTO Killer(Kill_ID,Killer_ID,Weapon_ID,roundNum,Match_ID) VALUES ('Kill_ID_1870','Player_ID_107','Classic',6,'Match_ID_233');
INSERT INTO Killer(Kill_ID,Killer_ID,Weapon_ID,roundNum,Match_ID) VALUES ('Kill_ID_1871','Player_ID_47','Spectre',3,'Match_ID_119');
INSERT INTO Killer(Kill_ID,Killer_ID,Weapon_ID,roundNum,Match_ID) VALUES ('Kill_ID_1872','Player_ID_34','Bulldog',4,'Match_ID_161');
INSERT INTO Killer(Kill_ID,Killer_ID,Weapon_ID,roundNum,Match_ID) VALUES ('Kill_ID_1873','Player_ID_135','Spectre',8,'Match_ID_95');
INSERT INTO Killer(Kill_ID,Killer_ID,Weapon_ID,roundNum,Match_ID) VALUES ('Kill_ID_1874','Player_ID_10','Frenzy',5,'Match_ID_228');
INSERT INTO Killer(Kill_ID,Killer_ID,Weapon_ID,roundNum,Match_ID) VALUES ('Kill_ID_1875','Player_ID_141','Frenzy',4,'Match_ID_237');
INSERT INTO Killer(Kill_ID,Killer_ID,Weapon_ID,roundNum,Match_ID) VALUES ('Kill_ID_1876','Player_ID_70','Ghost',1,'Match_ID_144');
INSERT INTO Killer(Kill_ID,Killer_ID,Weapon_ID,roundNum,Match_ID) VALUES ('Kill_ID_1877','Player_ID_224','Marshal',6,'Match_ID_169');
INSERT INTO Killer(Kill_ID,Killer_ID,Weapon_ID,roundNum,Match_ID) VALUES ('Kill_ID_1878','Player_ID_21','Ares',5,'Match_ID_128');
INSERT INTO Killer(Kill_ID,Killer_ID,Weapon_ID,roundNum,Match_ID) VALUES ('Kill_ID_1879','Player_ID_224','Guardian',6,'Match_ID_248');
INSERT INTO Killer(Kill_ID,Killer_ID,Weapon_ID,roundNum,Match_ID) VALUES ('Kill_ID_1880','Player_ID_223','Ghost',1,'Match_ID_53');
INSERT INTO Killer(Kill_ID,Killer_ID,Weapon_ID,roundNum,Match_ID) VALUES ('Kill_ID_1881','Player_ID_3','Marshal',3,'Match_ID_169');
INSERT INTO Killer(Kill_ID,Killer_ID,Weapon_ID,roundNum,Match_ID) VALUES ('Kill_ID_1882','Player_ID_82','Ares',2,'Match_ID_20');
INSERT INTO Killer(Kill_ID,Killer_ID,Weapon_ID,roundNum,Match_ID) VALUES ('Kill_ID_1883','Player_ID_210','Marshal',3,'Match_ID_199');
INSERT INTO Killer(Kill_ID,Killer_ID,Weapon_ID,roundNum,Match_ID) VALUES ('Kill_ID_1884','Player_ID_180','Operator',3,'Match_ID_103');
INSERT INTO Killer(Kill_ID,Killer_ID,Weapon_ID,roundNum,Match_ID) VALUES ('Kill_ID_1885','Player_ID_155','Ghost',6,'Match_ID_28');
INSERT INTO Killer(Kill_ID,Killer_ID,Weapon_ID,roundNum,Match_ID) VALUES ('Kill_ID_1886','Player_ID_71','Guardian',8,'Match_ID_107');
INSERT INTO Killer(Kill_ID,Killer_ID,Weapon_ID,roundNum,Match_ID) VALUES ('Kill_ID_1887','Player_ID_140','Guardian',8,'Match_ID_218');
INSERT INTO Killer(Kill_ID,Killer_ID,Weapon_ID,roundNum,Match_ID) VALUES ('Kill_ID_1888','Player_ID_19','Shorty',1,'Match_ID_10');
INSERT INTO Killer(Kill_ID,Killer_ID,Weapon_ID,roundNum,Match_ID) VALUES ('Kill_ID_1889','Player_ID_118','Spectre',8,'Match_ID_61');
INSERT INTO Killer(Kill_ID,Killer_ID,Weapon_ID,roundNum,Match_ID) VALUES ('Kill_ID_1890','Player_ID_44','Stinger',1,'Match_ID_97');
INSERT INTO Killer(Kill_ID,Killer_ID,Weapon_ID,roundNum,Match_ID) VALUES ('Kill_ID_1891','Player_ID_214','Shorty',3,'Match_ID_241');
INSERT INTO Killer(Kill_ID,Killer_ID,Weapon_ID,roundNum,Match_ID) VALUES ('Kill_ID_1892','Player_ID_52','Bulldog',6,'Match_ID_99');
INSERT INTO Killer(Kill_ID,Killer_ID,Weapon_ID,roundNum,Match_ID) VALUES ('Kill_ID_1893','Player_ID_70','Bucky',1,'Match_ID_31');
INSERT INTO Killer(Kill_ID,Killer_ID,Weapon_ID,roundNum,Match_ID) VALUES ('Kill_ID_1894','Player_ID_23','Judge',3,'Match_ID_118');
INSERT INTO Killer(Kill_ID,Killer_ID,Weapon_ID,roundNum,Match_ID) VALUES ('Kill_ID_1895','Player_ID_223','Odin',3,'Match_ID_129');
INSERT INTO Killer(Kill_ID,Killer_ID,Weapon_ID,roundNum,Match_ID) VALUES ('Kill_ID_1896','Player_ID_145','Ghost',8,'Match_ID_110');
INSERT INTO Killer(Kill_ID,Killer_ID,Weapon_ID,roundNum,Match_ID) VALUES ('Kill_ID_1897','Player_ID_45','Bucky',4,'Match_ID_211');
INSERT INTO Killer(Kill_ID,Killer_ID,Weapon_ID,roundNum,Match_ID) VALUES ('Kill_ID_1898','Player_ID_123','Sheriff',6,'Match_ID_85');
INSERT INTO Killer(Kill_ID,Killer_ID,Weapon_ID,roundNum,Match_ID) VALUES ('Kill_ID_1899','Player_ID_217','Sheriff',5,'Match_ID_184');
INSERT INTO Killer(Kill_ID,Killer_ID,Weapon_ID,roundNum,Match_ID) VALUES ('Kill_ID_1900','Player_ID_92','Stinger',6,'Match_ID_50');
INSERT INTO Killer(Kill_ID,Killer_ID,Weapon_ID,roundNum,Match_ID) VALUES ('Kill_ID_1901','Player_ID_34','Vandal',5,'Match_ID_189');
INSERT INTO Killer(Kill_ID,Killer_ID,Weapon_ID,roundNum,Match_ID) VALUES ('Kill_ID_1902','Player_ID_136','Ares',8,'Match_ID_200');
INSERT INTO Killer(Kill_ID,Killer_ID,Weapon_ID,roundNum,Match_ID) VALUES ('Kill_ID_1903','Player_ID_76','Judge',8,'Match_ID_51');
INSERT INTO Killer(Kill_ID,Killer_ID,Weapon_ID,roundNum,Match_ID) VALUES ('Kill_ID_1904','Player_ID_123','Ghost',4,'Match_ID_190');
INSERT INTO Killer(Kill_ID,Killer_ID,Weapon_ID,roundNum,Match_ID) VALUES ('Kill_ID_1905','Player_ID_98','Judge',5,'Match_ID_25');
INSERT INTO Killer(Kill_ID,Killer_ID,Weapon_ID,roundNum,Match_ID) VALUES ('Kill_ID_1906','Player_ID_78','Operator',4,'Match_ID_117');
INSERT INTO Killer(Kill_ID,Killer_ID,Weapon_ID,roundNum,Match_ID) VALUES ('Kill_ID_1907','Player_ID_211','Guardian',7,'Match_ID_15');
INSERT INTO Killer(Kill_ID,Killer_ID,Weapon_ID,roundNum,Match_ID) VALUES ('Kill_ID_1908','Player_ID_14','Marshal',3,'Match_ID_212');
INSERT INTO Killer(Kill_ID,Killer_ID,Weapon_ID,roundNum,Match_ID) VALUES ('Kill_ID_1909','Player_ID_162','Guardian',4,'Match_ID_64');
INSERT INTO Killer(Kill_ID,Killer_ID,Weapon_ID,roundNum,Match_ID) VALUES ('Kill_ID_1910','Player_ID_139','Phantom',6,'Match_ID_126');
INSERT INTO Killer(Kill_ID,Killer_ID,Weapon_ID,roundNum,Match_ID) VALUES ('Kill_ID_1911','Player_ID_146','Ghost',5,'Match_ID_157');
INSERT INTO Killer(Kill_ID,Killer_ID,Weapon_ID,roundNum,Match_ID) VALUES ('Kill_ID_1912','Player_ID_66','Bulldog',4,'Match_ID_247');
INSERT INTO Killer(Kill_ID,Killer_ID,Weapon_ID,roundNum,Match_ID) VALUES ('Kill_ID_1913','Player_ID_155','Operator',1,'Match_ID_182');
INSERT INTO Killer(Kill_ID,Killer_ID,Weapon_ID,roundNum,Match_ID) VALUES ('Kill_ID_1914','Player_ID_147','Shorty',8,'Match_ID_174');
INSERT INTO Killer(Kill_ID,Killer_ID,Weapon_ID,roundNum,Match_ID) VALUES ('Kill_ID_1915','Player_ID_192','Shorty',6,'Match_ID_208');
INSERT INTO Killer(Kill_ID,Killer_ID,Weapon_ID,roundNum,Match_ID) VALUES ('Kill_ID_1916','Player_ID_131','Spectre',6,'Match_ID_200');
INSERT INTO Killer(Kill_ID,Killer_ID,Weapon_ID,roundNum,Match_ID) VALUES ('Kill_ID_1917','Player_ID_187','Classic',1,'Match_ID_34');
INSERT INTO Killer(Kill_ID,Killer_ID,Weapon_ID,roundNum,Match_ID) VALUES ('Kill_ID_1918','Player_ID_17','Marshal',5,'Match_ID_144');
INSERT INTO Killer(Kill_ID,Killer_ID,Weapon_ID,roundNum,Match_ID) VALUES ('Kill_ID_1919','Player_ID_197','Spectre',8,'Match_ID_114');
INSERT INTO Killer(Kill_ID,Killer_ID,Weapon_ID,roundNum,Match_ID) VALUES ('Kill_ID_1920','Player_ID_198','Odin',2,'Match_ID_225');
INSERT INTO Killer(Kill_ID,Killer_ID,Weapon_ID,roundNum,Match_ID) VALUES ('Kill_ID_1921','Player_ID_9','Shorty',7,'Match_ID_86');
INSERT INTO Killer(Kill_ID,Killer_ID,Weapon_ID,roundNum,Match_ID) VALUES ('Kill_ID_1922','Player_ID_74','Ghost',3,'Match_ID_172');
INSERT INTO Killer(Kill_ID,Killer_ID,Weapon_ID,roundNum,Match_ID) VALUES ('Kill_ID_1923','Player_ID_86','Vandal',6,'Match_ID_105');
INSERT INTO Killer(Kill_ID,Killer_ID,Weapon_ID,roundNum,Match_ID) VALUES ('Kill_ID_1924','Player_ID_4','Spectre',7,'Match_ID_131');
INSERT INTO Killer(Kill_ID,Killer_ID,Weapon_ID,roundNum,Match_ID) VALUES ('Kill_ID_1925','Player_ID_169','Classic',8,'Match_ID_74');
INSERT INTO Killer(Kill_ID,Killer_ID,Weapon_ID,roundNum,Match_ID) VALUES ('Kill_ID_1926','Player_ID_130','Shorty',7,'Match_ID_56');
INSERT INTO Killer(Kill_ID,Killer_ID,Weapon_ID,roundNum,Match_ID) VALUES ('Kill_ID_1927','Player_ID_110','Phantom',4,'Match_ID_155');
INSERT INTO Killer(Kill_ID,Killer_ID,Weapon_ID,roundNum,Match_ID) VALUES ('Kill_ID_1928','Player_ID_166','Ares',3,'Match_ID_121');
INSERT INTO Killer(Kill_ID,Killer_ID,Weapon_ID,roundNum,Match_ID) VALUES ('Kill_ID_1929','Player_ID_161','Marshal',2,'Match_ID_75');
INSERT INTO Killer(Kill_ID,Killer_ID,Weapon_ID,roundNum,Match_ID) VALUES ('Kill_ID_1930','Player_ID_85','Bulldog',1,'Match_ID_2');
INSERT INTO Killer(Kill_ID,Killer_ID,Weapon_ID,roundNum,Match_ID) VALUES ('Kill_ID_1931','Player_ID_185','Bucky',7,'Match_ID_245');
INSERT INTO Killer(Kill_ID,Killer_ID,Weapon_ID,roundNum,Match_ID) VALUES ('Kill_ID_1932','Player_ID_157','Classic',8,'Match_ID_11');
INSERT INTO Killer(Kill_ID,Killer_ID,Weapon_ID,roundNum,Match_ID) VALUES ('Kill_ID_1933','Player_ID_205','Spectre',4,'Match_ID_238');
INSERT INTO Killer(Kill_ID,Killer_ID,Weapon_ID,roundNum,Match_ID) VALUES ('Kill_ID_1934','Player_ID_157','Frenzy',1,'Match_ID_72');
INSERT INTO Killer(Kill_ID,Killer_ID,Weapon_ID,roundNum,Match_ID) VALUES ('Kill_ID_1935','Player_ID_17','Marshal',4,'Match_ID_167');
INSERT INTO Killer(Kill_ID,Killer_ID,Weapon_ID,roundNum,Match_ID) VALUES ('Kill_ID_1936','Player_ID_27','Stinger',6,'Match_ID_106');
INSERT INTO Killer(Kill_ID,Killer_ID,Weapon_ID,roundNum,Match_ID) VALUES ('Kill_ID_1937','Player_ID_207','Marshal',2,'Match_ID_75');
INSERT INTO Killer(Kill_ID,Killer_ID,Weapon_ID,roundNum,Match_ID) VALUES ('Kill_ID_1938','Player_ID_60','Spectre',7,'Match_ID_205');
INSERT INTO Killer(Kill_ID,Killer_ID,Weapon_ID,roundNum,Match_ID) VALUES ('Kill_ID_1939','Player_ID_78','Shorty',5,'Match_ID_186');
INSERT INTO Killer(Kill_ID,Killer_ID,Weapon_ID,roundNum,Match_ID) VALUES ('Kill_ID_1940','Player_ID_225','Phantom',3,'Match_ID_117');
INSERT INTO Killer(Kill_ID,Killer_ID,Weapon_ID,roundNum,Match_ID) VALUES ('Kill_ID_1941','Player_ID_75','Stinger',4,'Match_ID_238');
INSERT INTO Killer(Kill_ID,Killer_ID,Weapon_ID,roundNum,Match_ID) VALUES ('Kill_ID_1942','Player_ID_10','Ghost',1,'Match_ID_168');
INSERT INTO Killer(Kill_ID,Killer_ID,Weapon_ID,roundNum,Match_ID) VALUES ('Kill_ID_1943','Player_ID_136','Frenzy',7,'Match_ID_230');
INSERT INTO Killer(Kill_ID,Killer_ID,Weapon_ID,roundNum,Match_ID) VALUES ('Kill_ID_1944','Player_ID_17','Bulldog',5,'Match_ID_219');
INSERT INTO Killer(Kill_ID,Killer_ID,Weapon_ID,roundNum,Match_ID) VALUES ('Kill_ID_1945','Player_ID_32','Operator',4,'Match_ID_111');
INSERT INTO Killer(Kill_ID,Killer_ID,Weapon_ID,roundNum,Match_ID) VALUES ('Kill_ID_1946','Player_ID_103','Ares',6,'Match_ID_78');
INSERT INTO Killer(Kill_ID,Killer_ID,Weapon_ID,roundNum,Match_ID) VALUES ('Kill_ID_1947','Player_ID_158','Shorty',7,'Match_ID_78');
INSERT INTO Killer(Kill_ID,Killer_ID,Weapon_ID,roundNum,Match_ID) VALUES ('Kill_ID_1948','Player_ID_163','Sheriff',7,'Match_ID_178');
INSERT INTO Killer(Kill_ID,Killer_ID,Weapon_ID,roundNum,Match_ID) VALUES ('Kill_ID_1949','Player_ID_26','Frenzy',4,'Match_ID_44');
INSERT INTO Killer(Kill_ID,Killer_ID,Weapon_ID,roundNum,Match_ID) VALUES ('Kill_ID_1950','Player_ID_20','Frenzy',8,'Match_ID_9');
INSERT INTO Killer(Kill_ID,Killer_ID,Weapon_ID,roundNum,Match_ID) VALUES ('Kill_ID_1951','Player_ID_111','Spectre',6,'Match_ID_134');
INSERT INTO Killer(Kill_ID,Killer_ID,Weapon_ID,roundNum,Match_ID) VALUES ('Kill_ID_1952','Player_ID_134','Operator',4,'Match_ID_219');
INSERT INTO Killer(Kill_ID,Killer_ID,Weapon_ID,roundNum,Match_ID) VALUES ('Kill_ID_1953','Player_ID_52','Vandal',2,'Match_ID_38');
INSERT INTO Killer(Kill_ID,Killer_ID,Weapon_ID,roundNum,Match_ID) VALUES ('Kill_ID_1954','Player_ID_101','Vandal',5,'Match_ID_164');
INSERT INTO Killer(Kill_ID,Killer_ID,Weapon_ID,roundNum,Match_ID) VALUES ('Kill_ID_1955','Player_ID_18','Spectre',5,'Match_ID_226');
INSERT INTO Killer(Kill_ID,Killer_ID,Weapon_ID,roundNum,Match_ID) VALUES ('Kill_ID_1956','Player_ID_190','Ghost',7,'Match_ID_121');
INSERT INTO Killer(Kill_ID,Killer_ID,Weapon_ID,roundNum,Match_ID) VALUES ('Kill_ID_1957','Player_ID_34','Judge',6,'Match_ID_71');
INSERT INTO Killer(Kill_ID,Killer_ID,Weapon_ID,roundNum,Match_ID) VALUES ('Kill_ID_1958','Player_ID_99','Stinger',7,'Match_ID_52');
INSERT INTO Killer(Kill_ID,Killer_ID,Weapon_ID,roundNum,Match_ID) VALUES ('Kill_ID_1959','Player_ID_158','Operator',3,'Match_ID_235');
INSERT INTO Killer(Kill_ID,Killer_ID,Weapon_ID,roundNum,Match_ID) VALUES ('Kill_ID_1960','Player_ID_166','Frenzy',2,'Match_ID_12');
INSERT INTO Killer(Kill_ID,Killer_ID,Weapon_ID,roundNum,Match_ID) VALUES ('Kill_ID_1961','Player_ID_164','Operator',4,'Match_ID_105');
INSERT INTO Killer(Kill_ID,Killer_ID,Weapon_ID,roundNum,Match_ID) VALUES ('Kill_ID_1962','Player_ID_43','Odin',8,'Match_ID_116');
INSERT INTO Killer(Kill_ID,Killer_ID,Weapon_ID,roundNum,Match_ID) VALUES ('Kill_ID_1963','Player_ID_169','Guardian',2,'Match_ID_143');
INSERT INTO Killer(Kill_ID,Killer_ID,Weapon_ID,roundNum,Match_ID) VALUES ('Kill_ID_1964','Player_ID_184','Sheriff',4,'Match_ID_54');
INSERT INTO Killer(Kill_ID,Killer_ID,Weapon_ID,roundNum,Match_ID) VALUES ('Kill_ID_1965','Player_ID_159','Operator',7,'Match_ID_176');
INSERT INTO Killer(Kill_ID,Killer_ID,Weapon_ID,roundNum,Match_ID) VALUES ('Kill_ID_1966','Player_ID_5','Marshal',4,'Match_ID_141');
INSERT INTO Killer(Kill_ID,Killer_ID,Weapon_ID,roundNum,Match_ID) VALUES ('Kill_ID_1967','Player_ID_131','Judge',7,'Match_ID_63');
INSERT INTO Killer(Kill_ID,Killer_ID,Weapon_ID,roundNum,Match_ID) VALUES ('Kill_ID_1968','Player_ID_124','Bulldog',4,'Match_ID_169');
INSERT INTO Killer(Kill_ID,Killer_ID,Weapon_ID,roundNum,Match_ID) VALUES ('Kill_ID_1969','Player_ID_174','Stinger',2,'Match_ID_94');
INSERT INTO Killer(Kill_ID,Killer_ID,Weapon_ID,roundNum,Match_ID) VALUES ('Kill_ID_1970','Player_ID_40','Bucky',3,'Match_ID_20');
INSERT INTO Killer(Kill_ID,Killer_ID,Weapon_ID,roundNum,Match_ID) VALUES ('Kill_ID_1971','Player_ID_39','Odin',1,'Match_ID_108');
INSERT INTO Killer(Kill_ID,Killer_ID,Weapon_ID,roundNum,Match_ID) VALUES ('Kill_ID_1972','Player_ID_209','Stinger',2,'Match_ID_122');
INSERT INTO Killer(Kill_ID,Killer_ID,Weapon_ID,roundNum,Match_ID) VALUES ('Kill_ID_1973','Player_ID_21','Ares',2,'Match_ID_14');
INSERT INTO Killer(Kill_ID,Killer_ID,Weapon_ID,roundNum,Match_ID) VALUES ('Kill_ID_1974','Player_ID_29','Sheriff',6,'Match_ID_188');
INSERT INTO Killer(Kill_ID,Killer_ID,Weapon_ID,roundNum,Match_ID) VALUES ('Kill_ID_1975','Player_ID_157','Sheriff',4,'Match_ID_203');
INSERT INTO Killer(Kill_ID,Killer_ID,Weapon_ID,roundNum,Match_ID) VALUES ('Kill_ID_1976','Player_ID_74','Classic',1,'Match_ID_46');
INSERT INTO Killer(Kill_ID,Killer_ID,Weapon_ID,roundNum,Match_ID) VALUES ('Kill_ID_1977','Player_ID_60','Spectre',4,'Match_ID_227');
INSERT INTO Killer(Kill_ID,Killer_ID,Weapon_ID,roundNum,Match_ID) VALUES ('Kill_ID_1978','Player_ID_30','Bucky',8,'Match_ID_94');
INSERT INTO Killer(Kill_ID,Killer_ID,Weapon_ID,roundNum,Match_ID) VALUES ('Kill_ID_1979','Player_ID_31','Phantom',5,'Match_ID_106');
INSERT INTO Killer(Kill_ID,Killer_ID,Weapon_ID,roundNum,Match_ID) VALUES ('Kill_ID_1980','Player_ID_105','Spectre',5,'Match_ID_15');
INSERT INTO Killer(Kill_ID,Killer_ID,Weapon_ID,roundNum,Match_ID) VALUES ('Kill_ID_1981','Player_ID_224','Phantom',7,'Match_ID_179');
INSERT INTO Killer(Kill_ID,Killer_ID,Weapon_ID,roundNum,Match_ID) VALUES ('Kill_ID_1982','Player_ID_178','Bucky',1,'Match_ID_88');
INSERT INTO Killer(Kill_ID,Killer_ID,Weapon_ID,roundNum,Match_ID) VALUES ('Kill_ID_1983','Player_ID_16','Odin',7,'Match_ID_28');
INSERT INTO Killer(Kill_ID,Killer_ID,Weapon_ID,roundNum,Match_ID) VALUES ('Kill_ID_1984','Player_ID_134','Ares',6,'Match_ID_243');
INSERT INTO Killer(Kill_ID,Killer_ID,Weapon_ID,roundNum,Match_ID) VALUES ('Kill_ID_1985','Player_ID_186','Odin',4,'Match_ID_197');
INSERT INTO Killer(Kill_ID,Killer_ID,Weapon_ID,roundNum,Match_ID) VALUES ('Kill_ID_1986','Player_ID_139','Spectre',4,'Match_ID_16');
INSERT INTO Killer(Kill_ID,Killer_ID,Weapon_ID,roundNum,Match_ID) VALUES ('Kill_ID_1987','Player_ID_211','Marshal',1,'Match_ID_218');
INSERT INTO Killer(Kill_ID,Killer_ID,Weapon_ID,roundNum,Match_ID) VALUES ('Kill_ID_1988','Player_ID_68','Shorty',8,'Match_ID_19');
INSERT INTO Killer(Kill_ID,Killer_ID,Weapon_ID,roundNum,Match_ID) VALUES ('Kill_ID_1989','Player_ID_156','Bulldog',6,'Match_ID_232');
INSERT INTO Killer(Kill_ID,Killer_ID,Weapon_ID,roundNum,Match_ID) VALUES ('Kill_ID_1990','Player_ID_56','Odin',1,'Match_ID_183');
INSERT INTO Killer(Kill_ID,Killer_ID,Weapon_ID,roundNum,Match_ID) VALUES ('Kill_ID_1991','Player_ID_59','Ares',7,'Match_ID_96');
INSERT INTO Killer(Kill_ID,Killer_ID,Weapon_ID,roundNum,Match_ID) VALUES ('Kill_ID_1992','Player_ID_29','Operator',5,'Match_ID_212');
INSERT INTO Killer(Kill_ID,Killer_ID,Weapon_ID,roundNum,Match_ID) VALUES ('Kill_ID_1993','Player_ID_95','Phantom',4,'Match_ID_197');
INSERT INTO Killer(Kill_ID,Killer_ID,Weapon_ID,roundNum,Match_ID) VALUES ('Kill_ID_1994','Player_ID_163','Operator',6,'Match_ID_39');
INSERT INTO Killer(Kill_ID,Killer_ID,Weapon_ID,roundNum,Match_ID) VALUES ('Kill_ID_1995','Player_ID_64','Bucky',1,'Match_ID_209');
INSERT INTO Killer(Kill_ID,Killer_ID,Weapon_ID,roundNum,Match_ID) VALUES ('Kill_ID_1996','Player_ID_82','Marshal',6,'Match_ID_16');
INSERT INTO Killer(Kill_ID,Killer_ID,Weapon_ID,roundNum,Match_ID) VALUES ('Kill_ID_1997','Player_ID_50','Vandal',2,'Match_ID_60');
INSERT INTO Killer(Kill_ID,Killer_ID,Weapon_ID,roundNum,Match_ID) VALUES ('Kill_ID_1998','Player_ID_19','Shorty',8,'Match_ID_78');
INSERT INTO Killer(Kill_ID,Killer_ID,Weapon_ID,roundNum,Match_ID) VALUES ('Kill_ID_1999','Player_ID_89','Bucky',7,'Match_ID_225');
INSERT INTO Killer(Kill_ID,Killer_ID,Weapon_ID,roundNum,Match_ID) VALUES ('Kill_ID_2000','Player_ID_154','Shorty',1,'Match_ID_17');
INSERT INTO Killer(Kill_ID,Killer_ID,Weapon_ID,roundNum,Match_ID) VALUES ('Kill_ID_2001','Player_ID_127','Vandal',1,'Match_ID_133');
INSERT INTO Killer(Kill_ID,Killer_ID,Weapon_ID,roundNum,Match_ID) VALUES ('Kill_ID_2002','Player_ID_129','Guardian',3,'Match_ID_57');
INSERT INTO Killer(Kill_ID,Killer_ID,Weapon_ID,roundNum,Match_ID) VALUES ('Kill_ID_2003','Player_ID_12','Sheriff',7,'Match_ID_122');
INSERT INTO Killer(Kill_ID,Killer_ID,Weapon_ID,roundNum,Match_ID) VALUES ('Kill_ID_2004','Player_ID_74','Marshal',7,'Match_ID_159');
INSERT INTO Killer(Kill_ID,Killer_ID,Weapon_ID,roundNum,Match_ID) VALUES ('Kill_ID_2005','Player_ID_8','Bucky',2,'Match_ID_167');
INSERT INTO Killer(Kill_ID,Killer_ID,Weapon_ID,roundNum,Match_ID) VALUES ('Kill_ID_2006','Player_ID_35','Odin',3,'Match_ID_154');
INSERT INTO Killer(Kill_ID,Killer_ID,Weapon_ID,roundNum,Match_ID) VALUES ('Kill_ID_2007','Player_ID_121','Guardian',4,'Match_ID_90');
INSERT INTO Killer(Kill_ID,Killer_ID,Weapon_ID,roundNum,Match_ID) VALUES ('Kill_ID_2008','Player_ID_160','Stinger',8,'Match_ID_208');
INSERT INTO Killer(Kill_ID,Killer_ID,Weapon_ID,roundNum,Match_ID) VALUES ('Kill_ID_2009','Player_ID_104','Operator',5,'Match_ID_40');
INSERT INTO Killer(Kill_ID,Killer_ID,Weapon_ID,roundNum,Match_ID) VALUES ('Kill_ID_2010','Player_ID_105','Phantom',5,'Match_ID_225');
INSERT INTO Killer(Kill_ID,Killer_ID,Weapon_ID,roundNum,Match_ID) VALUES ('Kill_ID_2011','Player_ID_218','Sheriff',4,'Match_ID_160');
INSERT INTO Killer(Kill_ID,Killer_ID,Weapon_ID,roundNum,Match_ID) VALUES ('Kill_ID_2012','Player_ID_24','Judge',5,'Match_ID_206');
INSERT INTO Killer(Kill_ID,Killer_ID,Weapon_ID,roundNum,Match_ID) VALUES ('Kill_ID_2013','Player_ID_205','Shorty',2,'Match_ID_97');
INSERT INTO Killer(Kill_ID,Killer_ID,Weapon_ID,roundNum,Match_ID) VALUES ('Kill_ID_2014','Player_ID_108','Spectre',7,'Match_ID_48');
INSERT INTO Killer(Kill_ID,Killer_ID,Weapon_ID,roundNum,Match_ID) VALUES ('Kill_ID_2015','Player_ID_6','Operator',4,'Match_ID_109');
INSERT INTO Killer(Kill_ID,Killer_ID,Weapon_ID,roundNum,Match_ID) VALUES ('Kill_ID_2016','Player_ID_188','Sheriff',8,'Match_ID_152');
INSERT INTO Killer(Kill_ID,Killer_ID,Weapon_ID,roundNum,Match_ID) VALUES ('Kill_ID_2017','Player_ID_114','Bucky',3,'Match_ID_91');
INSERT INTO Killer(Kill_ID,Killer_ID,Weapon_ID,roundNum,Match_ID) VALUES ('Kill_ID_2018','Player_ID_189','Ghost',1,'Match_ID_128');
INSERT INTO Killer(Kill_ID,Killer_ID,Weapon_ID,roundNum,Match_ID) VALUES ('Kill_ID_2019','Player_ID_55','Stinger',3,'Match_ID_166');
INSERT INTO Killer(Kill_ID,Killer_ID,Weapon_ID,roundNum,Match_ID) VALUES ('Kill_ID_2020','Player_ID_181','Spectre',2,'Match_ID_147');
INSERT INTO Killer(Kill_ID,Killer_ID,Weapon_ID,roundNum,Match_ID) VALUES ('Kill_ID_2021','Player_ID_179','Vandal',3,'Match_ID_162');
INSERT INTO Killer(Kill_ID,Killer_ID,Weapon_ID,roundNum,Match_ID) VALUES ('Kill_ID_2022','Player_ID_113','Guardian',6,'Match_ID_82');
INSERT INTO Killer(Kill_ID,Killer_ID,Weapon_ID,roundNum,Match_ID) VALUES ('Kill_ID_2023','Player_ID_45','Odin',8,'Match_ID_125');
INSERT INTO Killer(Kill_ID,Killer_ID,Weapon_ID,roundNum,Match_ID) VALUES ('Kill_ID_2024','Player_ID_146','Bucky',1,'Match_ID_176');
INSERT INTO Killer(Kill_ID,Killer_ID,Weapon_ID,roundNum,Match_ID) VALUES ('Kill_ID_2025','Player_ID_161','Judge',7,'Match_ID_69');
INSERT INTO Killer(Kill_ID,Killer_ID,Weapon_ID,roundNum,Match_ID) VALUES ('Kill_ID_2026','Player_ID_190','Marshal',3,'Match_ID_4');
INSERT INTO Killer(Kill_ID,Killer_ID,Weapon_ID,roundNum,Match_ID) VALUES ('Kill_ID_2027','Player_ID_169','Bulldog',6,'Match_ID_218');
INSERT INTO Killer(Kill_ID,Killer_ID,Weapon_ID,roundNum,Match_ID) VALUES ('Kill_ID_2028','Player_ID_60','Guardian',3,'Match_ID_240');
INSERT INTO Killer(Kill_ID,Killer_ID,Weapon_ID,roundNum,Match_ID) VALUES ('Kill_ID_2029','Player_ID_165','Sheriff',3,'Match_ID_107');
INSERT INTO Killer(Kill_ID,Killer_ID,Weapon_ID,roundNum,Match_ID) VALUES ('Kill_ID_2030','Player_ID_159','Operator',8,'Match_ID_196');
INSERT INTO Killer(Kill_ID,Killer_ID,Weapon_ID,roundNum,Match_ID) VALUES ('Kill_ID_2031','Player_ID_62','Marshal',2,'Match_ID_65');
INSERT INTO Killer(Kill_ID,Killer_ID,Weapon_ID,roundNum,Match_ID) VALUES ('Kill_ID_2032','Player_ID_9','Bulldog',3,'Match_ID_82');
INSERT INTO Killer(Kill_ID,Killer_ID,Weapon_ID,roundNum,Match_ID) VALUES ('Kill_ID_2033','Player_ID_105','Shorty',8,'Match_ID_175');
INSERT INTO Killer(Kill_ID,Killer_ID,Weapon_ID,roundNum,Match_ID) VALUES ('Kill_ID_2034','Player_ID_12','Guardian',4,'Match_ID_189');
INSERT INTO Killer(Kill_ID,Killer_ID,Weapon_ID,roundNum,Match_ID) VALUES ('Kill_ID_2035','Player_ID_204','Frenzy',2,'Match_ID_66');
INSERT INTO Killer(Kill_ID,Killer_ID,Weapon_ID,roundNum,Match_ID) VALUES ('Kill_ID_2036','Player_ID_29','Marshal',7,'Match_ID_109');
INSERT INTO Killer(Kill_ID,Killer_ID,Weapon_ID,roundNum,Match_ID) VALUES ('Kill_ID_2037','Player_ID_170','Frenzy',1,'Match_ID_248');
INSERT INTO Killer(Kill_ID,Killer_ID,Weapon_ID,roundNum,Match_ID) VALUES ('Kill_ID_2038','Player_ID_54','Operator',5,'Match_ID_66');
INSERT INTO Killer(Kill_ID,Killer_ID,Weapon_ID,roundNum,Match_ID) VALUES ('Kill_ID_2039','Player_ID_26','Ghost',2,'Match_ID_181');
INSERT INTO Killer(Kill_ID,Killer_ID,Weapon_ID,roundNum,Match_ID) VALUES ('Kill_ID_2040','Player_ID_95','Judge',5,'Match_ID_175');
INSERT INTO Killer(Kill_ID,Killer_ID,Weapon_ID,roundNum,Match_ID) VALUES ('Kill_ID_2041','Player_ID_212','Classic',6,'Match_ID_217');
INSERT INTO Killer(Kill_ID,Killer_ID,Weapon_ID,roundNum,Match_ID) VALUES ('Kill_ID_2042','Player_ID_112','Guardian',6,'Match_ID_161');
INSERT INTO Killer(Kill_ID,Killer_ID,Weapon_ID,roundNum,Match_ID) VALUES ('Kill_ID_2043','Player_ID_83','Guardian',6,'Match_ID_78');
INSERT INTO Killer(Kill_ID,Killer_ID,Weapon_ID,roundNum,Match_ID) VALUES ('Kill_ID_2044','Player_ID_134','Shorty',2,'Match_ID_152');
INSERT INTO Killer(Kill_ID,Killer_ID,Weapon_ID,roundNum,Match_ID) VALUES ('Kill_ID_2045','Player_ID_87','Sheriff',5,'Match_ID_175');
INSERT INTO Killer(Kill_ID,Killer_ID,Weapon_ID,roundNum,Match_ID) VALUES ('Kill_ID_2046','Player_ID_82','Bucky',4,'Match_ID_191');
INSERT INTO Killer(Kill_ID,Killer_ID,Weapon_ID,roundNum,Match_ID) VALUES ('Kill_ID_2047','Player_ID_152','Spectre',8,'Match_ID_67');
INSERT INTO Killer(Kill_ID,Killer_ID,Weapon_ID,roundNum,Match_ID) VALUES ('Kill_ID_2048','Player_ID_189','Odin',4,'Match_ID_114');
INSERT INTO Killer(Kill_ID,Killer_ID,Weapon_ID,roundNum,Match_ID) VALUES ('Kill_ID_2049','Player_ID_221','Marshal',5,'Match_ID_148');
INSERT INTO Killer(Kill_ID,Killer_ID,Weapon_ID,roundNum,Match_ID) VALUES ('Kill_ID_2050','Player_ID_215','Ghost',5,'Match_ID_113');
INSERT INTO Killer(Kill_ID,Killer_ID,Weapon_ID,roundNum,Match_ID) VALUES ('Kill_ID_2051','Player_ID_222','Ares',1,'Match_ID_175');
INSERT INTO Killer(Kill_ID,Killer_ID,Weapon_ID,roundNum,Match_ID) VALUES ('Kill_ID_2052','Player_ID_4','Spectre',1,'Match_ID_242');
INSERT INTO Killer(Kill_ID,Killer_ID,Weapon_ID,roundNum,Match_ID) VALUES ('Kill_ID_2053','Player_ID_119','Phantom',6,'Match_ID_176');
INSERT INTO Killer(Kill_ID,Killer_ID,Weapon_ID,roundNum,Match_ID) VALUES ('Kill_ID_2054','Player_ID_169','Frenzy',6,'Match_ID_236');
INSERT INTO Killer(Kill_ID,Killer_ID,Weapon_ID,roundNum,Match_ID) VALUES ('Kill_ID_2055','Player_ID_78','Bulldog',1,'Match_ID_54');
INSERT INTO Killer(Kill_ID,Killer_ID,Weapon_ID,roundNum,Match_ID) VALUES ('Kill_ID_2056','Player_ID_215','Classic',1,'Match_ID_224');
INSERT INTO Killer(Kill_ID,Killer_ID,Weapon_ID,roundNum,Match_ID) VALUES ('Kill_ID_2057','Player_ID_64','Judge',7,'Match_ID_67');
INSERT INTO Killer(Kill_ID,Killer_ID,Weapon_ID,roundNum,Match_ID) VALUES ('Kill_ID_2058','Player_ID_206','Frenzy',7,'Match_ID_58');
INSERT INTO Killer(Kill_ID,Killer_ID,Weapon_ID,roundNum,Match_ID) VALUES ('Kill_ID_2059','Player_ID_198','Operator',3,'Match_ID_193');
INSERT INTO Killer(Kill_ID,Killer_ID,Weapon_ID,roundNum,Match_ID) VALUES ('Kill_ID_2060','Player_ID_5','Judge',6,'Match_ID_91');
INSERT INTO Killer(Kill_ID,Killer_ID,Weapon_ID,roundNum,Match_ID) VALUES ('Kill_ID_2061','Player_ID_5','Classic',3,'Match_ID_95');
INSERT INTO Killer(Kill_ID,Killer_ID,Weapon_ID,roundNum,Match_ID) VALUES ('Kill_ID_2062','Player_ID_58','Sheriff',4,'Match_ID_13');
INSERT INTO Killer(Kill_ID,Killer_ID,Weapon_ID,roundNum,Match_ID) VALUES ('Kill_ID_2063','Player_ID_204','Guardian',1,'Match_ID_57');
INSERT INTO Killer(Kill_ID,Killer_ID,Weapon_ID,roundNum,Match_ID) VALUES ('Kill_ID_2064','Player_ID_51','Bulldog',8,'Match_ID_3');
INSERT INTO Killer(Kill_ID,Killer_ID,Weapon_ID,roundNum,Match_ID) VALUES ('Kill_ID_2065','Player_ID_180','Frenzy',1,'Match_ID_172');
INSERT INTO Killer(Kill_ID,Killer_ID,Weapon_ID,roundNum,Match_ID) VALUES ('Kill_ID_2066','Player_ID_169','Spectre',6,'Match_ID_237');
INSERT INTO Killer(Kill_ID,Killer_ID,Weapon_ID,roundNum,Match_ID) VALUES ('Kill_ID_2067','Player_ID_79','Operator',6,'Match_ID_190');
INSERT INTO Killer(Kill_ID,Killer_ID,Weapon_ID,roundNum,Match_ID) VALUES ('Kill_ID_2068','Player_ID_181','Phantom',1,'Match_ID_144');
INSERT INTO Killer(Kill_ID,Killer_ID,Weapon_ID,roundNum,Match_ID) VALUES ('Kill_ID_2069','Player_ID_207','Sheriff',4,'Match_ID_7');
INSERT INTO Killer(Kill_ID,Killer_ID,Weapon_ID,roundNum,Match_ID) VALUES ('Kill_ID_2070','Player_ID_112','Phantom',7,'Match_ID_107');
INSERT INTO Killer(Kill_ID,Killer_ID,Weapon_ID,roundNum,Match_ID) VALUES ('Kill_ID_2071','Player_ID_26','Guardian',7,'Match_ID_22');
INSERT INTO Killer(Kill_ID,Killer_ID,Weapon_ID,roundNum,Match_ID) VALUES ('Kill_ID_2072','Player_ID_79','Bucky',4,'Match_ID_219');
INSERT INTO Killer(Kill_ID,Killer_ID,Weapon_ID,roundNum,Match_ID) VALUES ('Kill_ID_2073','Player_ID_219','Classic',8,'Match_ID_149');
INSERT INTO Killer(Kill_ID,Killer_ID,Weapon_ID,roundNum,Match_ID) VALUES ('Kill_ID_2074','Player_ID_53','Operator',2,'Match_ID_84');
INSERT INTO Killer(Kill_ID,Killer_ID,Weapon_ID,roundNum,Match_ID) VALUES ('Kill_ID_2075','Player_ID_89','Bulldog',4,'Match_ID_127');
INSERT INTO Killer(Kill_ID,Killer_ID,Weapon_ID,roundNum,Match_ID) VALUES ('Kill_ID_2076','Player_ID_136','Ghost',1,'Match_ID_176');
INSERT INTO Killer(Kill_ID,Killer_ID,Weapon_ID,roundNum,Match_ID) VALUES ('Kill_ID_2077','Player_ID_184','Bucky',6,'Match_ID_168');
INSERT INTO Killer(Kill_ID,Killer_ID,Weapon_ID,roundNum,Match_ID) VALUES ('Kill_ID_2078','Player_ID_185','Ares',4,'Match_ID_17');
INSERT INTO Killer(Kill_ID,Killer_ID,Weapon_ID,roundNum,Match_ID) VALUES ('Kill_ID_2079','Player_ID_218','Spectre',7,'Match_ID_222');
INSERT INTO Killer(Kill_ID,Killer_ID,Weapon_ID,roundNum,Match_ID) VALUES ('Kill_ID_2080','Player_ID_179','Ghost',4,'Match_ID_163');
INSERT INTO Killer(Kill_ID,Killer_ID,Weapon_ID,roundNum,Match_ID) VALUES ('Kill_ID_2081','Player_ID_128','Shorty',4,'Match_ID_175');
INSERT INTO Killer(Kill_ID,Killer_ID,Weapon_ID,roundNum,Match_ID) VALUES ('Kill_ID_2082','Player_ID_146','Ares',5,'Match_ID_236');
INSERT INTO Killer(Kill_ID,Killer_ID,Weapon_ID,roundNum,Match_ID) VALUES ('Kill_ID_2083','Player_ID_88','Marshal',5,'Match_ID_143');
INSERT INTO Killer(Kill_ID,Killer_ID,Weapon_ID,roundNum,Match_ID) VALUES ('Kill_ID_2084','Player_ID_219','Shorty',7,'Match_ID_15');
INSERT INTO Killer(Kill_ID,Killer_ID,Weapon_ID,roundNum,Match_ID) VALUES ('Kill_ID_2085','Player_ID_202','Judge',2,'Match_ID_43');
INSERT INTO Killer(Kill_ID,Killer_ID,Weapon_ID,roundNum,Match_ID) VALUES ('Kill_ID_2086','Player_ID_163','Ghost',8,'Match_ID_151');
INSERT INTO Killer(Kill_ID,Killer_ID,Weapon_ID,roundNum,Match_ID) VALUES ('Kill_ID_2087','Player_ID_133','Ares',5,'Match_ID_121');
INSERT INTO Killer(Kill_ID,Killer_ID,Weapon_ID,roundNum,Match_ID) VALUES ('Kill_ID_2088','Player_ID_114','Marshal',2,'Match_ID_125');
INSERT INTO Killer(Kill_ID,Killer_ID,Weapon_ID,roundNum,Match_ID) VALUES ('Kill_ID_2089','Player_ID_4','Shorty',8,'Match_ID_91');
INSERT INTO Killer(Kill_ID,Killer_ID,Weapon_ID,roundNum,Match_ID) VALUES ('Kill_ID_2090','Player_ID_130','Odin',5,'Match_ID_108');
INSERT INTO Killer(Kill_ID,Killer_ID,Weapon_ID,roundNum,Match_ID) VALUES ('Kill_ID_2091','Player_ID_15','Spectre',1,'Match_ID_234');
INSERT INTO Killer(Kill_ID,Killer_ID,Weapon_ID,roundNum,Match_ID) VALUES ('Kill_ID_2092','Player_ID_22','Frenzy',8,'Match_ID_21');
INSERT INTO Killer(Kill_ID,Killer_ID,Weapon_ID,roundNum,Match_ID) VALUES ('Kill_ID_2093','Player_ID_16','Frenzy',4,'Match_ID_93');
INSERT INTO Killer(Kill_ID,Killer_ID,Weapon_ID,roundNum,Match_ID) VALUES ('Kill_ID_2094','Player_ID_209','Bucky',1,'Match_ID_88');
INSERT INTO Killer(Kill_ID,Killer_ID,Weapon_ID,roundNum,Match_ID) VALUES ('Kill_ID_2095','Player_ID_72','Shorty',2,'Match_ID_202');
INSERT INTO Killer(Kill_ID,Killer_ID,Weapon_ID,roundNum,Match_ID) VALUES ('Kill_ID_2096','Player_ID_154','Vandal',6,'Match_ID_5');
INSERT INTO Killer(Kill_ID,Killer_ID,Weapon_ID,roundNum,Match_ID) VALUES ('Kill_ID_2097','Player_ID_224','Guardian',1,'Match_ID_99');
INSERT INTO Killer(Kill_ID,Killer_ID,Weapon_ID,roundNum,Match_ID) VALUES ('Kill_ID_2098','Player_ID_96','Operator',3,'Match_ID_166');
INSERT INTO Killer(Kill_ID,Killer_ID,Weapon_ID,roundNum,Match_ID) VALUES ('Kill_ID_2099','Player_ID_117','Judge',5,'Match_ID_191');
INSERT INTO Killer(Kill_ID,Killer_ID,Weapon_ID,roundNum,Match_ID) VALUES ('Kill_ID_2100','Player_ID_20','Ghost',8,'Match_ID_192');
INSERT INTO Killer(Kill_ID,Killer_ID,Weapon_ID,roundNum,Match_ID) VALUES ('Kill_ID_2101','Player_ID_33','Marshal',1,'Match_ID_242');
INSERT INTO Killer(Kill_ID,Killer_ID,Weapon_ID,roundNum,Match_ID) VALUES ('Kill_ID_2102','Player_ID_134','Judge',5,'Match_ID_193');
INSERT INTO Killer(Kill_ID,Killer_ID,Weapon_ID,roundNum,Match_ID) VALUES ('Kill_ID_2103','Player_ID_123','Frenzy',1,'Match_ID_132');
INSERT INTO Killer(Kill_ID,Killer_ID,Weapon_ID,roundNum,Match_ID) VALUES ('Kill_ID_2104','Player_ID_52','Odin',6,'Match_ID_208');
INSERT INTO Killer(Kill_ID,Killer_ID,Weapon_ID,roundNum,Match_ID) VALUES ('Kill_ID_2105','Player_ID_148','Vandal',1,'Match_ID_174');
INSERT INTO Killer(Kill_ID,Killer_ID,Weapon_ID,roundNum,Match_ID) VALUES ('Kill_ID_2106','Player_ID_82','Classic',5,'Match_ID_16');
INSERT INTO Killer(Kill_ID,Killer_ID,Weapon_ID,roundNum,Match_ID) VALUES ('Kill_ID_2107','Player_ID_50','Spectre',1,'Match_ID_112');
INSERT INTO Killer(Kill_ID,Killer_ID,Weapon_ID,roundNum,Match_ID) VALUES ('Kill_ID_2108','Player_ID_159','Marshal',4,'Match_ID_86');
INSERT INTO Killer(Kill_ID,Killer_ID,Weapon_ID,roundNum,Match_ID) VALUES ('Kill_ID_2109','Player_ID_159','Sheriff',2,'Match_ID_147');
INSERT INTO Killer(Kill_ID,Killer_ID,Weapon_ID,roundNum,Match_ID) VALUES ('Kill_ID_2110','Player_ID_100','Spectre',8,'Match_ID_47');
INSERT INTO Killer(Kill_ID,Killer_ID,Weapon_ID,roundNum,Match_ID) VALUES ('Kill_ID_2111','Player_ID_103','Marshal',8,'Match_ID_184');
INSERT INTO Killer(Kill_ID,Killer_ID,Weapon_ID,roundNum,Match_ID) VALUES ('Kill_ID_2112','Player_ID_73','Sheriff',4,'Match_ID_192');
INSERT INTO Killer(Kill_ID,Killer_ID,Weapon_ID,roundNum,Match_ID) VALUES ('Kill_ID_2113','Player_ID_182','Ghost',1,'Match_ID_33');
INSERT INTO Killer(Kill_ID,Killer_ID,Weapon_ID,roundNum,Match_ID) VALUES ('Kill_ID_2114','Player_ID_160','Phantom',8,'Match_ID_73');
INSERT INTO Killer(Kill_ID,Killer_ID,Weapon_ID,roundNum,Match_ID) VALUES ('Kill_ID_2115','Player_ID_99','Sheriff',5,'Match_ID_159');
INSERT INTO Killer(Kill_ID,Killer_ID,Weapon_ID,roundNum,Match_ID) VALUES ('Kill_ID_2116','Player_ID_188','Frenzy',2,'Match_ID_135');
INSERT INTO Killer(Kill_ID,Killer_ID,Weapon_ID,roundNum,Match_ID) VALUES ('Kill_ID_2117','Player_ID_205','Marshal',8,'Match_ID_104');
INSERT INTO Killer(Kill_ID,Killer_ID,Weapon_ID,roundNum,Match_ID) VALUES ('Kill_ID_2118','Player_ID_172','Guardian',6,'Match_ID_174');
INSERT INTO Killer(Kill_ID,Killer_ID,Weapon_ID,roundNum,Match_ID) VALUES ('Kill_ID_2119','Player_ID_200','Ghost',3,'Match_ID_78');
INSERT INTO Killer(Kill_ID,Killer_ID,Weapon_ID,roundNum,Match_ID) VALUES ('Kill_ID_2120','Player_ID_75','Guardian',1,'Match_ID_184');
INSERT INTO Killer(Kill_ID,Killer_ID,Weapon_ID,roundNum,Match_ID) VALUES ('Kill_ID_2121','Player_ID_181','Marshal',5,'Match_ID_64');
INSERT INTO Killer(Kill_ID,Killer_ID,Weapon_ID,roundNum,Match_ID) VALUES ('Kill_ID_2122','Player_ID_178','Bucky',1,'Match_ID_85');
INSERT INTO Killer(Kill_ID,Killer_ID,Weapon_ID,roundNum,Match_ID) VALUES ('Kill_ID_2123','Player_ID_184','Marshal',6,'Match_ID_199');
INSERT INTO Killer(Kill_ID,Killer_ID,Weapon_ID,roundNum,Match_ID) VALUES ('Kill_ID_2124','Player_ID_174','Spectre',3,'Match_ID_232');
INSERT INTO Killer(Kill_ID,Killer_ID,Weapon_ID,roundNum,Match_ID) VALUES ('Kill_ID_2125','Player_ID_220','Spectre',5,'Match_ID_10');
INSERT INTO Killer(Kill_ID,Killer_ID,Weapon_ID,roundNum,Match_ID) VALUES ('Kill_ID_2126','Player_ID_62','Classic',8,'Match_ID_20');
INSERT INTO Killer(Kill_ID,Killer_ID,Weapon_ID,roundNum,Match_ID) VALUES ('Kill_ID_2127','Player_ID_155','Stinger',1,'Match_ID_49');
INSERT INTO Killer(Kill_ID,Killer_ID,Weapon_ID,roundNum,Match_ID) VALUES ('Kill_ID_2128','Player_ID_105','Frenzy',1,'Match_ID_46');
INSERT INTO Killer(Kill_ID,Killer_ID,Weapon_ID,roundNum,Match_ID) VALUES ('Kill_ID_2129','Player_ID_183','Ares',2,'Match_ID_49');
INSERT INTO Killer(Kill_ID,Killer_ID,Weapon_ID,roundNum,Match_ID) VALUES ('Kill_ID_2130','Player_ID_133','Classic',6,'Match_ID_211');
INSERT INTO Killer(Kill_ID,Killer_ID,Weapon_ID,roundNum,Match_ID) VALUES ('Kill_ID_2131','Player_ID_196','Judge',1,'Match_ID_87');
INSERT INTO Killer(Kill_ID,Killer_ID,Weapon_ID,roundNum,Match_ID) VALUES ('Kill_ID_2132','Player_ID_184','Bulldog',2,'Match_ID_82');
INSERT INTO Killer(Kill_ID,Killer_ID,Weapon_ID,roundNum,Match_ID) VALUES ('Kill_ID_2133','Player_ID_57','Shorty',7,'Match_ID_44');
INSERT INTO Killer(Kill_ID,Killer_ID,Weapon_ID,roundNum,Match_ID) VALUES ('Kill_ID_2134','Player_ID_92','Odin',3,'Match_ID_38');
INSERT INTO Killer(Kill_ID,Killer_ID,Weapon_ID,roundNum,Match_ID) VALUES ('Kill_ID_2135','Player_ID_96','Frenzy',4,'Match_ID_140');
INSERT INTO Killer(Kill_ID,Killer_ID,Weapon_ID,roundNum,Match_ID) VALUES ('Kill_ID_2136','Player_ID_52','Classic',1,'Match_ID_225');
INSERT INTO Killer(Kill_ID,Killer_ID,Weapon_ID,roundNum,Match_ID) VALUES ('Kill_ID_2137','Player_ID_88','Spectre',5,'Match_ID_54');
INSERT INTO Killer(Kill_ID,Killer_ID,Weapon_ID,roundNum,Match_ID) VALUES ('Kill_ID_2138','Player_ID_64','Phantom',7,'Match_ID_18');
INSERT INTO Killer(Kill_ID,Killer_ID,Weapon_ID,roundNum,Match_ID) VALUES ('Kill_ID_2139','Player_ID_129','Marshal',6,'Match_ID_193');
INSERT INTO Killer(Kill_ID,Killer_ID,Weapon_ID,roundNum,Match_ID) VALUES ('Kill_ID_2140','Player_ID_37','Ares',1,'Match_ID_76');
INSERT INTO Killer(Kill_ID,Killer_ID,Weapon_ID,roundNum,Match_ID) VALUES ('Kill_ID_2141','Player_ID_60','Bulldog',6,'Match_ID_225');
INSERT INTO Killer(Kill_ID,Killer_ID,Weapon_ID,roundNum,Match_ID) VALUES ('Kill_ID_2142','Player_ID_151','Shorty',5,'Match_ID_122');
INSERT INTO Killer(Kill_ID,Killer_ID,Weapon_ID,roundNum,Match_ID) VALUES ('Kill_ID_2143','Player_ID_187','Vandal',8,'Match_ID_54');
INSERT INTO Killer(Kill_ID,Killer_ID,Weapon_ID,roundNum,Match_ID) VALUES ('Kill_ID_2144','Player_ID_108','Odin',2,'Match_ID_109');
INSERT INTO Killer(Kill_ID,Killer_ID,Weapon_ID,roundNum,Match_ID) VALUES ('Kill_ID_2145','Player_ID_86','Guardian',8,'Match_ID_42');
INSERT INTO Killer(Kill_ID,Killer_ID,Weapon_ID,roundNum,Match_ID) VALUES ('Kill_ID_2146','Player_ID_43','Spectre',1,'Match_ID_216');
INSERT INTO Killer(Kill_ID,Killer_ID,Weapon_ID,roundNum,Match_ID) VALUES ('Kill_ID_2147','Player_ID_24','Marshal',6,'Match_ID_185');
INSERT INTO Killer(Kill_ID,Killer_ID,Weapon_ID,roundNum,Match_ID) VALUES ('Kill_ID_2148','Player_ID_209','Odin',8,'Match_ID_121');
INSERT INTO Killer(Kill_ID,Killer_ID,Weapon_ID,roundNum,Match_ID) VALUES ('Kill_ID_2149','Player_ID_53','Spectre',2,'Match_ID_208');
INSERT INTO Killer(Kill_ID,Killer_ID,Weapon_ID,roundNum,Match_ID) VALUES ('Kill_ID_2150','Player_ID_144','Bulldog',4,'Match_ID_17');
INSERT INTO Killer(Kill_ID,Killer_ID,Weapon_ID,roundNum,Match_ID) VALUES ('Kill_ID_2151','Player_ID_194','Classic',6,'Match_ID_171');
INSERT INTO Killer(Kill_ID,Killer_ID,Weapon_ID,roundNum,Match_ID) VALUES ('Kill_ID_2152','Player_ID_109','Sheriff',1,'Match_ID_82');
INSERT INTO Killer(Kill_ID,Killer_ID,Weapon_ID,roundNum,Match_ID) VALUES ('Kill_ID_2153','Player_ID_132','Stinger',6,'Match_ID_132');
INSERT INTO Killer(Kill_ID,Killer_ID,Weapon_ID,roundNum,Match_ID) VALUES ('Kill_ID_2154','Player_ID_133','Operator',7,'Match_ID_226');
INSERT INTO Killer(Kill_ID,Killer_ID,Weapon_ID,roundNum,Match_ID) VALUES ('Kill_ID_2155','Player_ID_161','Marshal',7,'Match_ID_96');
INSERT INTO Killer(Kill_ID,Killer_ID,Weapon_ID,roundNum,Match_ID) VALUES ('Kill_ID_2156','Player_ID_203','Frenzy',5,'Match_ID_135');
INSERT INTO Killer(Kill_ID,Killer_ID,Weapon_ID,roundNum,Match_ID) VALUES ('Kill_ID_2157','Player_ID_59','Marshal',5,'Match_ID_51');
INSERT INTO Killer(Kill_ID,Killer_ID,Weapon_ID,roundNum,Match_ID) VALUES ('Kill_ID_2158','Player_ID_191','Vandal',6,'Match_ID_116');
INSERT INTO Killer(Kill_ID,Killer_ID,Weapon_ID,roundNum,Match_ID) VALUES ('Kill_ID_2159','Player_ID_87','Shorty',4,'Match_ID_44');
INSERT INTO Killer(Kill_ID,Killer_ID,Weapon_ID,roundNum,Match_ID) VALUES ('Kill_ID_2160','Player_ID_104','Ghost',6,'Match_ID_169');
INSERT INTO Killer(Kill_ID,Killer_ID,Weapon_ID,roundNum,Match_ID) VALUES ('Kill_ID_2161','Player_ID_6','Bucky',6,'Match_ID_232');
INSERT INTO Killer(Kill_ID,Killer_ID,Weapon_ID,roundNum,Match_ID) VALUES ('Kill_ID_2162','Player_ID_6','Spectre',5,'Match_ID_94');
INSERT INTO Killer(Kill_ID,Killer_ID,Weapon_ID,roundNum,Match_ID) VALUES ('Kill_ID_2163','Player_ID_10','Classic',2,'Match_ID_74');
INSERT INTO Killer(Kill_ID,Killer_ID,Weapon_ID,roundNum,Match_ID) VALUES ('Kill_ID_2164','Player_ID_189','Odin',8,'Match_ID_5');
INSERT INTO Killer(Kill_ID,Killer_ID,Weapon_ID,roundNum,Match_ID) VALUES ('Kill_ID_2165','Player_ID_48','Shorty',1,'Match_ID_13');
INSERT INTO Killer(Kill_ID,Killer_ID,Weapon_ID,roundNum,Match_ID) VALUES ('Kill_ID_2166','Player_ID_54','Odin',8,'Match_ID_215');
INSERT INTO Killer(Kill_ID,Killer_ID,Weapon_ID,roundNum,Match_ID) VALUES ('Kill_ID_2167','Player_ID_216','Frenzy',4,'Match_ID_34');
INSERT INTO Killer(Kill_ID,Killer_ID,Weapon_ID,roundNum,Match_ID) VALUES ('Kill_ID_2168','Player_ID_60','Operator',4,'Match_ID_4');
INSERT INTO Killer(Kill_ID,Killer_ID,Weapon_ID,roundNum,Match_ID) VALUES ('Kill_ID_2169','Player_ID_20','Spectre',3,'Match_ID_134');
INSERT INTO Killer(Kill_ID,Killer_ID,Weapon_ID,roundNum,Match_ID) VALUES ('Kill_ID_2170','Player_ID_37','Frenzy',4,'Match_ID_12');
INSERT INTO Killer(Kill_ID,Killer_ID,Weapon_ID,roundNum,Match_ID) VALUES ('Kill_ID_2171','Player_ID_176','Vandal',3,'Match_ID_91');
INSERT INTO Killer(Kill_ID,Killer_ID,Weapon_ID,roundNum,Match_ID) VALUES ('Kill_ID_2172','Player_ID_102','Shorty',5,'Match_ID_89');
INSERT INTO Killer(Kill_ID,Killer_ID,Weapon_ID,roundNum,Match_ID) VALUES ('Kill_ID_2173','Player_ID_225','Ghost',4,'Match_ID_152');
INSERT INTO Killer(Kill_ID,Killer_ID,Weapon_ID,roundNum,Match_ID) VALUES ('Kill_ID_2174','Player_ID_63','Vandal',4,'Match_ID_60');
INSERT INTO Killer(Kill_ID,Killer_ID,Weapon_ID,roundNum,Match_ID) VALUES ('Kill_ID_2175','Player_ID_107','Phantom',4,'Match_ID_223');
INSERT INTO Killer(Kill_ID,Killer_ID,Weapon_ID,roundNum,Match_ID) VALUES ('Kill_ID_2176','Player_ID_164','Guardian',5,'Match_ID_11');
INSERT INTO Killer(Kill_ID,Killer_ID,Weapon_ID,roundNum,Match_ID) VALUES ('Kill_ID_2177','Player_ID_168','Phantom',4,'Match_ID_78');
INSERT INTO Killer(Kill_ID,Killer_ID,Weapon_ID,roundNum,Match_ID) VALUES ('Kill_ID_2178','Player_ID_155','Stinger',5,'Match_ID_112');
INSERT INTO Killer(Kill_ID,Killer_ID,Weapon_ID,roundNum,Match_ID) VALUES ('Kill_ID_2179','Player_ID_210','Odin',8,'Match_ID_25');
INSERT INTO Killer(Kill_ID,Killer_ID,Weapon_ID,roundNum,Match_ID) VALUES ('Kill_ID_2180','Player_ID_217','Phantom',7,'Match_ID_168');
INSERT INTO Killer(Kill_ID,Killer_ID,Weapon_ID,roundNum,Match_ID) VALUES ('Kill_ID_2181','Player_ID_141','Phantom',8,'Match_ID_21');
INSERT INTO Killer(Kill_ID,Killer_ID,Weapon_ID,roundNum,Match_ID) VALUES ('Kill_ID_2182','Player_ID_208','Judge',1,'Match_ID_25');
INSERT INTO Killer(Kill_ID,Killer_ID,Weapon_ID,roundNum,Match_ID) VALUES ('Kill_ID_2183','Player_ID_187','Judge',1,'Match_ID_8');
INSERT INTO Killer(Kill_ID,Killer_ID,Weapon_ID,roundNum,Match_ID) VALUES ('Kill_ID_2184','Player_ID_193','Classic',2,'Match_ID_171');
INSERT INTO Killer(Kill_ID,Killer_ID,Weapon_ID,roundNum,Match_ID) VALUES ('Kill_ID_2185','Player_ID_77','Vandal',3,'Match_ID_136');
INSERT INTO Killer(Kill_ID,Killer_ID,Weapon_ID,roundNum,Match_ID) VALUES ('Kill_ID_2186','Player_ID_196','Bucky',1,'Match_ID_89');
INSERT INTO Killer(Kill_ID,Killer_ID,Weapon_ID,roundNum,Match_ID) VALUES ('Kill_ID_2187','Player_ID_150','Ghost',2,'Match_ID_86');
INSERT INTO Killer(Kill_ID,Killer_ID,Weapon_ID,roundNum,Match_ID) VALUES ('Kill_ID_2188','Player_ID_160','Odin',7,'Match_ID_128');
INSERT INTO Killer(Kill_ID,Killer_ID,Weapon_ID,roundNum,Match_ID) VALUES ('Kill_ID_2189','Player_ID_58','Ares',2,'Match_ID_34');
INSERT INTO Killer(Kill_ID,Killer_ID,Weapon_ID,roundNum,Match_ID) VALUES ('Kill_ID_2190','Player_ID_57','Shorty',1,'Match_ID_92');
INSERT INTO Killer(Kill_ID,Killer_ID,Weapon_ID,roundNum,Match_ID) VALUES ('Kill_ID_2191','Player_ID_98','Bucky',4,'Match_ID_129');
INSERT INTO Killer(Kill_ID,Killer_ID,Weapon_ID,roundNum,Match_ID) VALUES ('Kill_ID_2192','Player_ID_149','Bucky',7,'Match_ID_234');
INSERT INTO Killer(Kill_ID,Killer_ID,Weapon_ID,roundNum,Match_ID) VALUES ('Kill_ID_2193','Player_ID_149','Classic',7,'Match_ID_137');
INSERT INTO Killer(Kill_ID,Killer_ID,Weapon_ID,roundNum,Match_ID) VALUES ('Kill_ID_2194','Player_ID_83','Stinger',7,'Match_ID_86');
INSERT INTO Killer(Kill_ID,Killer_ID,Weapon_ID,roundNum,Match_ID) VALUES ('Kill_ID_2195','Player_ID_67','Ghost',4,'Match_ID_108');
INSERT INTO Killer(Kill_ID,Killer_ID,Weapon_ID,roundNum,Match_ID) VALUES ('Kill_ID_2196','Player_ID_104','Vandal',1,'Match_ID_32');
INSERT INTO Killer(Kill_ID,Killer_ID,Weapon_ID,roundNum,Match_ID) VALUES ('Kill_ID_2197','Player_ID_41','Odin',8,'Match_ID_115');
INSERT INTO Killer(Kill_ID,Killer_ID,Weapon_ID,roundNum,Match_ID) VALUES ('Kill_ID_2198','Player_ID_107','Guardian',1,'Match_ID_75');
INSERT INTO Killer(Kill_ID,Killer_ID,Weapon_ID,roundNum,Match_ID) VALUES ('Kill_ID_2199','Player_ID_156','Judge',6,'Match_ID_239');
INSERT INTO Killer(Kill_ID,Killer_ID,Weapon_ID,roundNum,Match_ID) VALUES ('Kill_ID_2200','Player_ID_171','Operator',4,'Match_ID_143');
INSERT INTO Killer(Kill_ID,Killer_ID,Weapon_ID,roundNum,Match_ID) VALUES ('Kill_ID_2201','Player_ID_50','Stinger',3,'Match_ID_180');
INSERT INTO Killer(Kill_ID,Killer_ID,Weapon_ID,roundNum,Match_ID) VALUES ('Kill_ID_2202','Player_ID_219','Sheriff',7,'Match_ID_52');
INSERT INTO Killer(Kill_ID,Killer_ID,Weapon_ID,roundNum,Match_ID) VALUES ('Kill_ID_2203','Player_ID_200','Phantom',5,'Match_ID_109');
INSERT INTO Killer(Kill_ID,Killer_ID,Weapon_ID,roundNum,Match_ID) VALUES ('Kill_ID_2204','Player_ID_124','Bulldog',3,'Match_ID_152');
INSERT INTO Killer(Kill_ID,Killer_ID,Weapon_ID,roundNum,Match_ID) VALUES ('Kill_ID_2205','Player_ID_199','Bulldog',5,'Match_ID_80');
INSERT INTO Killer(Kill_ID,Killer_ID,Weapon_ID,roundNum,Match_ID) VALUES ('Kill_ID_2206','Player_ID_18','Vandal',4,'Match_ID_60');
INSERT INTO Killer(Kill_ID,Killer_ID,Weapon_ID,roundNum,Match_ID) VALUES ('Kill_ID_2207','Player_ID_89','Phantom',2,'Match_ID_73');
INSERT INTO Killer(Kill_ID,Killer_ID,Weapon_ID,roundNum,Match_ID) VALUES ('Kill_ID_2208','Player_ID_90','Guardian',8,'Match_ID_148');
INSERT INTO Killer(Kill_ID,Killer_ID,Weapon_ID,roundNum,Match_ID) VALUES ('Kill_ID_2209','Player_ID_61','Shorty',5,'Match_ID_38');
INSERT INTO Killer(Kill_ID,Killer_ID,Weapon_ID,roundNum,Match_ID) VALUES ('Kill_ID_2210','Player_ID_102','Bulldog',5,'Match_ID_70');
INSERT INTO Killer(Kill_ID,Killer_ID,Weapon_ID,roundNum,Match_ID) VALUES ('Kill_ID_2211','Player_ID_157','Bulldog',6,'Match_ID_233');
INSERT INTO Killer(Kill_ID,Killer_ID,Weapon_ID,roundNum,Match_ID) VALUES ('Kill_ID_2212','Player_ID_11','Phantom',1,'Match_ID_230');
INSERT INTO Killer(Kill_ID,Killer_ID,Weapon_ID,roundNum,Match_ID) VALUES ('Kill_ID_2213','Player_ID_158','Ghost',2,'Match_ID_244');
INSERT INTO Killer(Kill_ID,Killer_ID,Weapon_ID,roundNum,Match_ID) VALUES ('Kill_ID_2214','Player_ID_38','Judge',8,'Match_ID_23');
INSERT INTO Killer(Kill_ID,Killer_ID,Weapon_ID,roundNum,Match_ID) VALUES ('Kill_ID_2215','Player_ID_119','Shorty',4,'Match_ID_61');
INSERT INTO Killer(Kill_ID,Killer_ID,Weapon_ID,roundNum,Match_ID) VALUES ('Kill_ID_2216','Player_ID_159','Operator',8,'Match_ID_80');
INSERT INTO Killer(Kill_ID,Killer_ID,Weapon_ID,roundNum,Match_ID) VALUES ('Kill_ID_2217','Player_ID_12','Bucky',3,'Match_ID_220');
INSERT INTO Killer(Kill_ID,Killer_ID,Weapon_ID,roundNum,Match_ID) VALUES ('Kill_ID_2218','Player_ID_187','Operator',6,'Match_ID_34');
INSERT INTO Killer(Kill_ID,Killer_ID,Weapon_ID,roundNum,Match_ID) VALUES ('Kill_ID_2219','Player_ID_2','Frenzy',3,'Match_ID_200');
INSERT INTO Killer(Kill_ID,Killer_ID,Weapon_ID,roundNum,Match_ID) VALUES ('Kill_ID_2220','Player_ID_74','Guardian',5,'Match_ID_9');
INSERT INTO Killer(Kill_ID,Killer_ID,Weapon_ID,roundNum,Match_ID) VALUES ('Kill_ID_2221','Player_ID_48','Vandal',6,'Match_ID_217');
INSERT INTO Killer(Kill_ID,Killer_ID,Weapon_ID,roundNum,Match_ID) VALUES ('Kill_ID_2222','Player_ID_159','Ares',5,'Match_ID_189');
INSERT INTO Killer(Kill_ID,Killer_ID,Weapon_ID,roundNum,Match_ID) VALUES ('Kill_ID_2223','Player_ID_169','Classic',2,'Match_ID_227');
INSERT INTO Killer(Kill_ID,Killer_ID,Weapon_ID,roundNum,Match_ID) VALUES ('Kill_ID_2224','Player_ID_3','Ghost',7,'Match_ID_60');
INSERT INTO Killer(Kill_ID,Killer_ID,Weapon_ID,roundNum,Match_ID) VALUES ('Kill_ID_2225','Player_ID_87','Sheriff',7,'Match_ID_75');
INSERT INTO Killer(Kill_ID,Killer_ID,Weapon_ID,roundNum,Match_ID) VALUES ('Kill_ID_2226','Player_ID_9','Classic',4,'Match_ID_35');
INSERT INTO Killer(Kill_ID,Killer_ID,Weapon_ID,roundNum,Match_ID) VALUES ('Kill_ID_2227','Player_ID_101','Ares',3,'Match_ID_227');
INSERT INTO Killer(Kill_ID,Killer_ID,Weapon_ID,roundNum,Match_ID) VALUES ('Kill_ID_2228','Player_ID_67','Bulldog',1,'Match_ID_206');
INSERT INTO Killer(Kill_ID,Killer_ID,Weapon_ID,roundNum,Match_ID) VALUES ('Kill_ID_2229','Player_ID_113','Marshal',7,'Match_ID_11');
INSERT INTO Killer(Kill_ID,Killer_ID,Weapon_ID,roundNum,Match_ID) VALUES ('Kill_ID_2230','Player_ID_194','Sheriff',1,'Match_ID_46');
INSERT INTO Killer(Kill_ID,Killer_ID,Weapon_ID,roundNum,Match_ID) VALUES ('Kill_ID_2231','Player_ID_152','Judge',1,'Match_ID_84');
INSERT INTO Killer(Kill_ID,Killer_ID,Weapon_ID,roundNum,Match_ID) VALUES ('Kill_ID_2232','Player_ID_219','Bucky',5,'Match_ID_224');
INSERT INTO Killer(Kill_ID,Killer_ID,Weapon_ID,roundNum,Match_ID) VALUES ('Kill_ID_2233','Player_ID_214','Judge',1,'Match_ID_241');
INSERT INTO Killer(Kill_ID,Killer_ID,Weapon_ID,roundNum,Match_ID) VALUES ('Kill_ID_2234','Player_ID_188','Bucky',2,'Match_ID_56');
INSERT INTO Killer(Kill_ID,Killer_ID,Weapon_ID,roundNum,Match_ID) VALUES ('Kill_ID_2235','Player_ID_197','Vandal',3,'Match_ID_150');
INSERT INTO Killer(Kill_ID,Killer_ID,Weapon_ID,roundNum,Match_ID) VALUES ('Kill_ID_2236','Player_ID_33','Classic',4,'Match_ID_96');
INSERT INTO Killer(Kill_ID,Killer_ID,Weapon_ID,roundNum,Match_ID) VALUES ('Kill_ID_2237','Player_ID_129','Guardian',2,'Match_ID_183');
INSERT INTO Killer(Kill_ID,Killer_ID,Weapon_ID,roundNum,Match_ID) VALUES ('Kill_ID_2238','Player_ID_139','Ares',5,'Match_ID_39');
INSERT INTO Killer(Kill_ID,Killer_ID,Weapon_ID,roundNum,Match_ID) VALUES ('Kill_ID_2239','Player_ID_165','Ares',5,'Match_ID_101');
INSERT INTO Killer(Kill_ID,Killer_ID,Weapon_ID,roundNum,Match_ID) VALUES ('Kill_ID_2240','Player_ID_120','Frenzy',4,'Match_ID_42');
INSERT INTO Killer(Kill_ID,Killer_ID,Weapon_ID,roundNum,Match_ID) VALUES ('Kill_ID_2241','Player_ID_129','Shorty',6,'Match_ID_80');
INSERT INTO Killer(Kill_ID,Killer_ID,Weapon_ID,roundNum,Match_ID) VALUES ('Kill_ID_2242','Player_ID_38','Phantom',8,'Match_ID_59');
INSERT INTO Killer(Kill_ID,Killer_ID,Weapon_ID,roundNum,Match_ID) VALUES ('Kill_ID_2243','Player_ID_189','Shorty',2,'Match_ID_81');
INSERT INTO Killer(Kill_ID,Killer_ID,Weapon_ID,roundNum,Match_ID) VALUES ('Kill_ID_2244','Player_ID_34','Sheriff',3,'Match_ID_60');
INSERT INTO Killer(Kill_ID,Killer_ID,Weapon_ID,roundNum,Match_ID) VALUES ('Kill_ID_2245','Player_ID_113','Sheriff',2,'Match_ID_186');
INSERT INTO Killer(Kill_ID,Killer_ID,Weapon_ID,roundNum,Match_ID) VALUES ('Kill_ID_2246','Player_ID_24','Spectre',4,'Match_ID_182');
INSERT INTO Killer(Kill_ID,Killer_ID,Weapon_ID,roundNum,Match_ID) VALUES ('Kill_ID_2247','Player_ID_80','Ares',5,'Match_ID_190');
INSERT INTO Killer(Kill_ID,Killer_ID,Weapon_ID,roundNum,Match_ID) VALUES ('Kill_ID_2248','Player_ID_3','Ares',8,'Match_ID_166');
INSERT INTO Killer(Kill_ID,Killer_ID,Weapon_ID,roundNum,Match_ID) VALUES ('Kill_ID_2249','Player_ID_40','Marshal',1,'Match_ID_113');
INSERT INTO Killer(Kill_ID,Killer_ID,Weapon_ID,roundNum,Match_ID) VALUES ('Kill_ID_2250','Player_ID_41','Bulldog',1,'Match_ID_76');
INSERT INTO Killer(Kill_ID,Killer_ID,Weapon_ID,roundNum,Match_ID) VALUES ('Kill_ID_2251','Player_ID_113','Odin',6,'Match_ID_220');
INSERT INTO Killer(Kill_ID,Killer_ID,Weapon_ID,roundNum,Match_ID) VALUES ('Kill_ID_2252','Player_ID_30','Bucky',1,'Match_ID_48');
INSERT INTO Killer(Kill_ID,Killer_ID,Weapon_ID,roundNum,Match_ID) VALUES ('Kill_ID_2253','Player_ID_99','Odin',6,'Match_ID_226');
INSERT INTO Killer(Kill_ID,Killer_ID,Weapon_ID,roundNum,Match_ID) VALUES ('Kill_ID_2254','Player_ID_62','Sheriff',5,'Match_ID_25');
INSERT INTO Killer(Kill_ID,Killer_ID,Weapon_ID,roundNum,Match_ID) VALUES ('Kill_ID_2255','Player_ID_152','Spectre',4,'Match_ID_181');
INSERT INTO Killer(Kill_ID,Killer_ID,Weapon_ID,roundNum,Match_ID) VALUES ('Kill_ID_2256','Player_ID_59','Frenzy',5,'Match_ID_125');
INSERT INTO Killer(Kill_ID,Killer_ID,Weapon_ID,roundNum,Match_ID) VALUES ('Kill_ID_2257','Player_ID_162','Operator',7,'Match_ID_108');
INSERT INTO Killer(Kill_ID,Killer_ID,Weapon_ID,roundNum,Match_ID) VALUES ('Kill_ID_2258','Player_ID_205','Bucky',8,'Match_ID_246');
INSERT INTO Killer(Kill_ID,Killer_ID,Weapon_ID,roundNum,Match_ID) VALUES ('Kill_ID_2259','Player_ID_160','Spectre',5,'Match_ID_90');
INSERT INTO Killer(Kill_ID,Killer_ID,Weapon_ID,roundNum,Match_ID) VALUES ('Kill_ID_2260','Player_ID_41','Frenzy',3,'Match_ID_218');
INSERT INTO Killer(Kill_ID,Killer_ID,Weapon_ID,roundNum,Match_ID) VALUES ('Kill_ID_2261','Player_ID_43','Operator',5,'Match_ID_39');
INSERT INTO Killer(Kill_ID,Killer_ID,Weapon_ID,roundNum,Match_ID) VALUES ('Kill_ID_2262','Player_ID_29','Bulldog',6,'Match_ID_231');
INSERT INTO Killer(Kill_ID,Killer_ID,Weapon_ID,roundNum,Match_ID) VALUES ('Kill_ID_2263','Player_ID_159','Spectre',6,'Match_ID_87');
INSERT INTO Killer(Kill_ID,Killer_ID,Weapon_ID,roundNum,Match_ID) VALUES ('Kill_ID_2264','Player_ID_95','Sheriff',2,'Match_ID_67');
INSERT INTO Killer(Kill_ID,Killer_ID,Weapon_ID,roundNum,Match_ID) VALUES ('Kill_ID_2265','Player_ID_93','Bulldog',2,'Match_ID_93');
INSERT INTO Killer(Kill_ID,Killer_ID,Weapon_ID,roundNum,Match_ID) VALUES ('Kill_ID_2266','Player_ID_86','Phantom',4,'Match_ID_41');
INSERT INTO Killer(Kill_ID,Killer_ID,Weapon_ID,roundNum,Match_ID) VALUES ('Kill_ID_2267','Player_ID_80','Judge',6,'Match_ID_112');
INSERT INTO Killer(Kill_ID,Killer_ID,Weapon_ID,roundNum,Match_ID) VALUES ('Kill_ID_2268','Player_ID_119','Operator',2,'Match_ID_218');
INSERT INTO Killer(Kill_ID,Killer_ID,Weapon_ID,roundNum,Match_ID) VALUES ('Kill_ID_2269','Player_ID_193','Shorty',5,'Match_ID_148');
INSERT INTO Killer(Kill_ID,Killer_ID,Weapon_ID,roundNum,Match_ID) VALUES ('Kill_ID_2270','Player_ID_108','Bulldog',1,'Match_ID_151');
INSERT INTO Killer(Kill_ID,Killer_ID,Weapon_ID,roundNum,Match_ID) VALUES ('Kill_ID_2271','Player_ID_39','Marshal',1,'Match_ID_24');
INSERT INTO Killer(Kill_ID,Killer_ID,Weapon_ID,roundNum,Match_ID) VALUES ('Kill_ID_2272','Player_ID_157','Guardian',7,'Match_ID_23');
INSERT INTO Killer(Kill_ID,Killer_ID,Weapon_ID,roundNum,Match_ID) VALUES ('Kill_ID_2273','Player_ID_113','Judge',1,'Match_ID_50');
INSERT INTO Killer(Kill_ID,Killer_ID,Weapon_ID,roundNum,Match_ID) VALUES ('Kill_ID_2274','Player_ID_66','Guardian',4,'Match_ID_242');
INSERT INTO Killer(Kill_ID,Killer_ID,Weapon_ID,roundNum,Match_ID) VALUES ('Kill_ID_2275','Player_ID_139','Shorty',2,'Match_ID_47');
INSERT INTO Killer(Kill_ID,Killer_ID,Weapon_ID,roundNum,Match_ID) VALUES ('Kill_ID_2276','Player_ID_212','Guardian',6,'Match_ID_240');
INSERT INTO Killer(Kill_ID,Killer_ID,Weapon_ID,roundNum,Match_ID) VALUES ('Kill_ID_2277','Player_ID_204','Odin',3,'Match_ID_194');
INSERT INTO Killer(Kill_ID,Killer_ID,Weapon_ID,roundNum,Match_ID) VALUES ('Kill_ID_2278','Player_ID_141','Vandal',2,'Match_ID_152');
INSERT INTO Killer(Kill_ID,Killer_ID,Weapon_ID,roundNum,Match_ID) VALUES ('Kill_ID_2279','Player_ID_222','Bucky',2,'Match_ID_136');
INSERT INTO Killer(Kill_ID,Killer_ID,Weapon_ID,roundNum,Match_ID) VALUES ('Kill_ID_2280','Player_ID_47','Phantom',7,'Match_ID_171');
INSERT INTO Killer(Kill_ID,Killer_ID,Weapon_ID,roundNum,Match_ID) VALUES ('Kill_ID_2281','Player_ID_191','Bucky',2,'Match_ID_155');
INSERT INTO Killer(Kill_ID,Killer_ID,Weapon_ID,roundNum,Match_ID) VALUES ('Kill_ID_2282','Player_ID_121','Ghost',7,'Match_ID_118');
INSERT INTO Killer(Kill_ID,Killer_ID,Weapon_ID,roundNum,Match_ID) VALUES ('Kill_ID_2283','Player_ID_15','Vandal',7,'Match_ID_71');
INSERT INTO Killer(Kill_ID,Killer_ID,Weapon_ID,roundNum,Match_ID) VALUES ('Kill_ID_2284','Player_ID_148','Judge',3,'Match_ID_226');
INSERT INTO Killer(Kill_ID,Killer_ID,Weapon_ID,roundNum,Match_ID) VALUES ('Kill_ID_2285','Player_ID_154','Marshal',4,'Match_ID_124');
INSERT INTO Killer(Kill_ID,Killer_ID,Weapon_ID,roundNum,Match_ID) VALUES ('Kill_ID_2286','Player_ID_117','Frenzy',6,'Match_ID_215');
INSERT INTO Killer(Kill_ID,Killer_ID,Weapon_ID,roundNum,Match_ID) VALUES ('Kill_ID_2287','Player_ID_23','Guardian',7,'Match_ID_19');
INSERT INTO Killer(Kill_ID,Killer_ID,Weapon_ID,roundNum,Match_ID) VALUES ('Kill_ID_2288','Player_ID_46','Shorty',4,'Match_ID_247');
INSERT INTO Killer(Kill_ID,Killer_ID,Weapon_ID,roundNum,Match_ID) VALUES ('Kill_ID_2289','Player_ID_141','Spectre',2,'Match_ID_199');
INSERT INTO Killer(Kill_ID,Killer_ID,Weapon_ID,roundNum,Match_ID) VALUES ('Kill_ID_2290','Player_ID_198','Phantom',7,'Match_ID_220');
INSERT INTO Killer(Kill_ID,Killer_ID,Weapon_ID,roundNum,Match_ID) VALUES ('Kill_ID_2291','Player_ID_144','Guardian',2,'Match_ID_19');
INSERT INTO Killer(Kill_ID,Killer_ID,Weapon_ID,roundNum,Match_ID) VALUES ('Kill_ID_2292','Player_ID_30','Frenzy',2,'Match_ID_99');
INSERT INTO Killer(Kill_ID,Killer_ID,Weapon_ID,roundNum,Match_ID) VALUES ('Kill_ID_2293','Player_ID_203','Ghost',1,'Match_ID_175');
INSERT INTO Killer(Kill_ID,Killer_ID,Weapon_ID,roundNum,Match_ID) VALUES ('Kill_ID_2294','Player_ID_16','Stinger',5,'Match_ID_31');
INSERT INTO Killer(Kill_ID,Killer_ID,Weapon_ID,roundNum,Match_ID) VALUES ('Kill_ID_2295','Player_ID_121','Odin',8,'Match_ID_215');
INSERT INTO Killer(Kill_ID,Killer_ID,Weapon_ID,roundNum,Match_ID) VALUES ('Kill_ID_2296','Player_ID_56','Phantom',7,'Match_ID_206');
INSERT INTO Killer(Kill_ID,Killer_ID,Weapon_ID,roundNum,Match_ID) VALUES ('Kill_ID_2297','Player_ID_185','Classic',5,'Match_ID_116');
INSERT INTO Killer(Kill_ID,Killer_ID,Weapon_ID,roundNum,Match_ID) VALUES ('Kill_ID_2298','Player_ID_137','Vandal',1,'Match_ID_95');
INSERT INTO Killer(Kill_ID,Killer_ID,Weapon_ID,roundNum,Match_ID) VALUES ('Kill_ID_2299','Player_ID_41','Phantom',2,'Match_ID_19');
INSERT INTO Killer(Kill_ID,Killer_ID,Weapon_ID,roundNum,Match_ID) VALUES ('Kill_ID_2300','Player_ID_120','Shorty',5,'Match_ID_98');
INSERT INTO Killer(Kill_ID,Killer_ID,Weapon_ID,roundNum,Match_ID) VALUES ('Kill_ID_2301','Player_ID_45','Sheriff',6,'Match_ID_49');
INSERT INTO Killer(Kill_ID,Killer_ID,Weapon_ID,roundNum,Match_ID) VALUES ('Kill_ID_2302','Player_ID_48','Ghost',2,'Match_ID_186');
INSERT INTO Killer(Kill_ID,Killer_ID,Weapon_ID,roundNum,Match_ID) VALUES ('Kill_ID_2303','Player_ID_199','Ghost',8,'Match_ID_36');
INSERT INTO Killer(Kill_ID,Killer_ID,Weapon_ID,roundNum,Match_ID) VALUES ('Kill_ID_2304','Player_ID_170','Guardian',2,'Match_ID_172');
INSERT INTO Killer(Kill_ID,Killer_ID,Weapon_ID,roundNum,Match_ID) VALUES ('Kill_ID_2305','Player_ID_76','Stinger',5,'Match_ID_239');
INSERT INTO Killer(Kill_ID,Killer_ID,Weapon_ID,roundNum,Match_ID) VALUES ('Kill_ID_2306','Player_ID_48','Guardian',2,'Match_ID_167');
INSERT INTO Killer(Kill_ID,Killer_ID,Weapon_ID,roundNum,Match_ID) VALUES ('Kill_ID_2307','Player_ID_149','Guardian',7,'Match_ID_99');
INSERT INTO Killer(Kill_ID,Killer_ID,Weapon_ID,roundNum,Match_ID) VALUES ('Kill_ID_2308','Player_ID_197','Vandal',1,'Match_ID_91');
INSERT INTO Killer(Kill_ID,Killer_ID,Weapon_ID,roundNum,Match_ID) VALUES ('Kill_ID_2309','Player_ID_137','Guardian',8,'Match_ID_144');
INSERT INTO Killer(Kill_ID,Killer_ID,Weapon_ID,roundNum,Match_ID) VALUES ('Kill_ID_2310','Player_ID_35','Marshal',5,'Match_ID_81');
INSERT INTO Killer(Kill_ID,Killer_ID,Weapon_ID,roundNum,Match_ID) VALUES ('Kill_ID_2311','Player_ID_10','Judge',2,'Match_ID_165');
INSERT INTO Killer(Kill_ID,Killer_ID,Weapon_ID,roundNum,Match_ID) VALUES ('Kill_ID_2312','Player_ID_11','Stinger',2,'Match_ID_187');
INSERT INTO Killer(Kill_ID,Killer_ID,Weapon_ID,roundNum,Match_ID) VALUES ('Kill_ID_2313','Player_ID_72','Judge',8,'Match_ID_31');
INSERT INTO Killer(Kill_ID,Killer_ID,Weapon_ID,roundNum,Match_ID) VALUES ('Kill_ID_2314','Player_ID_145','Frenzy',5,'Match_ID_20');
INSERT INTO Killer(Kill_ID,Killer_ID,Weapon_ID,roundNum,Match_ID) VALUES ('Kill_ID_2315','Player_ID_221','Ares',7,'Match_ID_241');
INSERT INTO Killer(Kill_ID,Killer_ID,Weapon_ID,roundNum,Match_ID) VALUES ('Kill_ID_2316','Player_ID_53','Spectre',4,'Match_ID_186');
INSERT INTO Killer(Kill_ID,Killer_ID,Weapon_ID,roundNum,Match_ID) VALUES ('Kill_ID_2317','Player_ID_174','Operator',6,'Match_ID_131');
INSERT INTO Killer(Kill_ID,Killer_ID,Weapon_ID,roundNum,Match_ID) VALUES ('Kill_ID_2318','Player_ID_141','Marshal',7,'Match_ID_200');
INSERT INTO Killer(Kill_ID,Killer_ID,Weapon_ID,roundNum,Match_ID) VALUES ('Kill_ID_2319','Player_ID_59','Frenzy',4,'Match_ID_147');
INSERT INTO Killer(Kill_ID,Killer_ID,Weapon_ID,roundNum,Match_ID) VALUES ('Kill_ID_2320','Player_ID_98','Ghost',8,'Match_ID_226');
INSERT INTO Killer(Kill_ID,Killer_ID,Weapon_ID,roundNum,Match_ID) VALUES ('Kill_ID_2321','Player_ID_136','Odin',1,'Match_ID_235');
INSERT INTO Killer(Kill_ID,Killer_ID,Weapon_ID,roundNum,Match_ID) VALUES ('Kill_ID_2322','Player_ID_155','Shorty',6,'Match_ID_86');
INSERT INTO Killer(Kill_ID,Killer_ID,Weapon_ID,roundNum,Match_ID) VALUES ('Kill_ID_2323','Player_ID_184','Phantom',2,'Match_ID_32');
INSERT INTO Killer(Kill_ID,Killer_ID,Weapon_ID,roundNum,Match_ID) VALUES ('Kill_ID_2324','Player_ID_109','Vandal',6,'Match_ID_153');
INSERT INTO Killer(Kill_ID,Killer_ID,Weapon_ID,roundNum,Match_ID) VALUES ('Kill_ID_2325','Player_ID_194','Spectre',8,'Match_ID_33');
INSERT INTO Killer(Kill_ID,Killer_ID,Weapon_ID,roundNum,Match_ID) VALUES ('Kill_ID_2326','Player_ID_126','Guardian',2,'Match_ID_224');
INSERT INTO Killer(Kill_ID,Killer_ID,Weapon_ID,roundNum,Match_ID) VALUES ('Kill_ID_2327','Player_ID_100','Bucky',8,'Match_ID_14');
INSERT INTO Killer(Kill_ID,Killer_ID,Weapon_ID,roundNum,Match_ID) VALUES ('Kill_ID_2328','Player_ID_197','Operator',5,'Match_ID_229');
INSERT INTO Killer(Kill_ID,Killer_ID,Weapon_ID,roundNum,Match_ID) VALUES ('Kill_ID_2329','Player_ID_157','Operator',4,'Match_ID_23');
INSERT INTO Killer(Kill_ID,Killer_ID,Weapon_ID,roundNum,Match_ID) VALUES ('Kill_ID_2330','Player_ID_135','Ares',4,'Match_ID_71');
INSERT INTO Killer(Kill_ID,Killer_ID,Weapon_ID,roundNum,Match_ID) VALUES ('Kill_ID_2331','Player_ID_118','Guardian',3,'Match_ID_130');
INSERT INTO Killer(Kill_ID,Killer_ID,Weapon_ID,roundNum,Match_ID) VALUES ('Kill_ID_2332','Player_ID_105','Bulldog',7,'Match_ID_40');
INSERT INTO Killer(Kill_ID,Killer_ID,Weapon_ID,roundNum,Match_ID) VALUES ('Kill_ID_2333','Player_ID_20','Spectre',1,'Match_ID_155');
INSERT INTO Killer(Kill_ID,Killer_ID,Weapon_ID,roundNum,Match_ID) VALUES ('Kill_ID_2334','Player_ID_53','Shorty',5,'Match_ID_73');
INSERT INTO Killer(Kill_ID,Killer_ID,Weapon_ID,roundNum,Match_ID) VALUES ('Kill_ID_2335','Player_ID_99','Marshal',3,'Match_ID_124');
INSERT INTO Killer(Kill_ID,Killer_ID,Weapon_ID,roundNum,Match_ID) VALUES ('Kill_ID_2336','Player_ID_138','Sheriff',7,'Match_ID_78');
INSERT INTO Killer(Kill_ID,Killer_ID,Weapon_ID,roundNum,Match_ID) VALUES ('Kill_ID_2337','Player_ID_21','Vandal',5,'Match_ID_100');
INSERT INTO Killer(Kill_ID,Killer_ID,Weapon_ID,roundNum,Match_ID) VALUES ('Kill_ID_2338','Player_ID_125','Classic',6,'Match_ID_27');
INSERT INTO Killer(Kill_ID,Killer_ID,Weapon_ID,roundNum,Match_ID) VALUES ('Kill_ID_2339','Player_ID_16','Operator',2,'Match_ID_211');
INSERT INTO Killer(Kill_ID,Killer_ID,Weapon_ID,roundNum,Match_ID) VALUES ('Kill_ID_2340','Player_ID_205','Frenzy',7,'Match_ID_31');
INSERT INTO Killer(Kill_ID,Killer_ID,Weapon_ID,roundNum,Match_ID) VALUES ('Kill_ID_2341','Player_ID_116','Judge',1,'Match_ID_5');
INSERT INTO Killer(Kill_ID,Killer_ID,Weapon_ID,roundNum,Match_ID) VALUES ('Kill_ID_2342','Player_ID_185','Bulldog',6,'Match_ID_13');
INSERT INTO Killer(Kill_ID,Killer_ID,Weapon_ID,roundNum,Match_ID) VALUES ('Kill_ID_2343','Player_ID_7','Odin',4,'Match_ID_49');
INSERT INTO Killer(Kill_ID,Killer_ID,Weapon_ID,roundNum,Match_ID) VALUES ('Kill_ID_2344','Player_ID_23','Judge',2,'Match_ID_92');
INSERT INTO Killer(Kill_ID,Killer_ID,Weapon_ID,roundNum,Match_ID) VALUES ('Kill_ID_2345','Player_ID_63','Phantom',7,'Match_ID_109');
INSERT INTO Killer(Kill_ID,Killer_ID,Weapon_ID,roundNum,Match_ID) VALUES ('Kill_ID_2346','Player_ID_28','Frenzy',1,'Match_ID_64');
INSERT INTO Killer(Kill_ID,Killer_ID,Weapon_ID,roundNum,Match_ID) VALUES ('Kill_ID_2347','Player_ID_176','Shorty',1,'Match_ID_208');
INSERT INTO Killer(Kill_ID,Killer_ID,Weapon_ID,roundNum,Match_ID) VALUES ('Kill_ID_2348','Player_ID_81','Guardian',6,'Match_ID_66');
INSERT INTO Killer(Kill_ID,Killer_ID,Weapon_ID,roundNum,Match_ID) VALUES ('Kill_ID_2349','Player_ID_88','Stinger',1,'Match_ID_157');
INSERT INTO Killer(Kill_ID,Killer_ID,Weapon_ID,roundNum,Match_ID) VALUES ('Kill_ID_2350','Player_ID_72','Ares',7,'Match_ID_243');
INSERT INTO Killer(Kill_ID,Killer_ID,Weapon_ID,roundNum,Match_ID) VALUES ('Kill_ID_2351','Player_ID_100','Vandal',6,'Match_ID_34');
INSERT INTO Killer(Kill_ID,Killer_ID,Weapon_ID,roundNum,Match_ID) VALUES ('Kill_ID_2352','Player_ID_97','Marshal',6,'Match_ID_233');
INSERT INTO Killer(Kill_ID,Killer_ID,Weapon_ID,roundNum,Match_ID) VALUES ('Kill_ID_2353','Player_ID_67','Stinger',2,'Match_ID_241');
INSERT INTO Killer(Kill_ID,Killer_ID,Weapon_ID,roundNum,Match_ID) VALUES ('Kill_ID_2354','Player_ID_117','Frenzy',4,'Match_ID_145');
INSERT INTO Killer(Kill_ID,Killer_ID,Weapon_ID,roundNum,Match_ID) VALUES ('Kill_ID_2355','Player_ID_116','Phantom',4,'Match_ID_249');
INSERT INTO Killer(Kill_ID,Killer_ID,Weapon_ID,roundNum,Match_ID) VALUES ('Kill_ID_2356','Player_ID_114','Ghost',3,'Match_ID_242');
INSERT INTO Killer(Kill_ID,Killer_ID,Weapon_ID,roundNum,Match_ID) VALUES ('Kill_ID_2357','Player_ID_12','Bulldog',6,'Match_ID_246');
INSERT INTO Killer(Kill_ID,Killer_ID,Weapon_ID,roundNum,Match_ID) VALUES ('Kill_ID_2358','Player_ID_187','Bulldog',7,'Match_ID_241');
INSERT INTO Killer(Kill_ID,Killer_ID,Weapon_ID,roundNum,Match_ID) VALUES ('Kill_ID_2359','Player_ID_67','Phantom',4,'Match_ID_104');
INSERT INTO Killer(Kill_ID,Killer_ID,Weapon_ID,roundNum,Match_ID) VALUES ('Kill_ID_2360','Player_ID_188','Vandal',1,'Match_ID_176');
INSERT INTO Killer(Kill_ID,Killer_ID,Weapon_ID,roundNum,Match_ID) VALUES ('Kill_ID_2361','Player_ID_140','Judge',3,'Match_ID_112');
INSERT INTO Killer(Kill_ID,Killer_ID,Weapon_ID,roundNum,Match_ID) VALUES ('Kill_ID_2362','Player_ID_137','Ghost',8,'Match_ID_190');
INSERT INTO Killer(Kill_ID,Killer_ID,Weapon_ID,roundNum,Match_ID) VALUES ('Kill_ID_2363','Player_ID_21','Frenzy',6,'Match_ID_246');
INSERT INTO Killer(Kill_ID,Killer_ID,Weapon_ID,roundNum,Match_ID) VALUES ('Kill_ID_2364','Player_ID_214','Ares',2,'Match_ID_149');
INSERT INTO Killer(Kill_ID,Killer_ID,Weapon_ID,roundNum,Match_ID) VALUES ('Kill_ID_2365','Player_ID_208','Classic',5,'Match_ID_13');
INSERT INTO Killer(Kill_ID,Killer_ID,Weapon_ID,roundNum,Match_ID) VALUES ('Kill_ID_2366','Player_ID_7','Operator',1,'Match_ID_8');
INSERT INTO Killer(Kill_ID,Killer_ID,Weapon_ID,roundNum,Match_ID) VALUES ('Kill_ID_2367','Player_ID_122','Bucky',5,'Match_ID_108');
INSERT INTO Killer(Kill_ID,Killer_ID,Weapon_ID,roundNum,Match_ID) VALUES ('Kill_ID_2368','Player_ID_140','Guardian',2,'Match_ID_108');
INSERT INTO Killer(Kill_ID,Killer_ID,Weapon_ID,roundNum,Match_ID) VALUES ('Kill_ID_2369','Player_ID_146','Stinger',7,'Match_ID_81');
INSERT INTO Killer(Kill_ID,Killer_ID,Weapon_ID,roundNum,Match_ID) VALUES ('Kill_ID_2370','Player_ID_30','Vandal',5,'Match_ID_30');
INSERT INTO Killer(Kill_ID,Killer_ID,Weapon_ID,roundNum,Match_ID) VALUES ('Kill_ID_2371','Player_ID_26','Odin',1,'Match_ID_212');
INSERT INTO Killer(Kill_ID,Killer_ID,Weapon_ID,roundNum,Match_ID) VALUES ('Kill_ID_2372','Player_ID_23','Marshal',3,'Match_ID_175');
INSERT INTO Killer(Kill_ID,Killer_ID,Weapon_ID,roundNum,Match_ID) VALUES ('Kill_ID_2373','Player_ID_127','Judge',5,'Match_ID_141');
INSERT INTO Killer(Kill_ID,Killer_ID,Weapon_ID,roundNum,Match_ID) VALUES ('Kill_ID_2374','Player_ID_139','Bucky',7,'Match_ID_237');
INSERT INTO Killer(Kill_ID,Killer_ID,Weapon_ID,roundNum,Match_ID) VALUES ('Kill_ID_2375','Player_ID_101','Classic',4,'Match_ID_164');
INSERT INTO Killer(Kill_ID,Killer_ID,Weapon_ID,roundNum,Match_ID) VALUES ('Kill_ID_2376','Player_ID_194','Bucky',3,'Match_ID_53');
INSERT INTO Killer(Kill_ID,Killer_ID,Weapon_ID,roundNum,Match_ID) VALUES ('Kill_ID_2377','Player_ID_208','Phantom',4,'Match_ID_211');
INSERT INTO Killer(Kill_ID,Killer_ID,Weapon_ID,roundNum,Match_ID) VALUES ('Kill_ID_2378','Player_ID_167','Ares',4,'Match_ID_30');
INSERT INTO Killer(Kill_ID,Killer_ID,Weapon_ID,roundNum,Match_ID) VALUES ('Kill_ID_2379','Player_ID_180','Guardian',5,'Match_ID_38');
INSERT INTO Killer(Kill_ID,Killer_ID,Weapon_ID,roundNum,Match_ID) VALUES ('Kill_ID_2380','Player_ID_150','Spectre',4,'Match_ID_44');
INSERT INTO Killer(Kill_ID,Killer_ID,Weapon_ID,roundNum,Match_ID) VALUES ('Kill_ID_2381','Player_ID_56','Shorty',7,'Match_ID_158');
INSERT INTO Killer(Kill_ID,Killer_ID,Weapon_ID,roundNum,Match_ID) VALUES ('Kill_ID_2382','Player_ID_72','Shorty',3,'Match_ID_238');
INSERT INTO Killer(Kill_ID,Killer_ID,Weapon_ID,roundNum,Match_ID) VALUES ('Kill_ID_2383','Player_ID_32','Shorty',1,'Match_ID_39');
INSERT INTO Killer(Kill_ID,Killer_ID,Weapon_ID,roundNum,Match_ID) VALUES ('Kill_ID_2384','Player_ID_157','Classic',3,'Match_ID_232');
INSERT INTO Killer(Kill_ID,Killer_ID,Weapon_ID,roundNum,Match_ID) VALUES ('Kill_ID_2385','Player_ID_169','Operator',3,'Match_ID_61');
INSERT INTO Killer(Kill_ID,Killer_ID,Weapon_ID,roundNum,Match_ID) VALUES ('Kill_ID_2386','Player_ID_116','Shorty',1,'Match_ID_177');
INSERT INTO Killer(Kill_ID,Killer_ID,Weapon_ID,roundNum,Match_ID) VALUES ('Kill_ID_2387','Player_ID_115','Classic',5,'Match_ID_207');
INSERT INTO Killer(Kill_ID,Killer_ID,Weapon_ID,roundNum,Match_ID) VALUES ('Kill_ID_2388','Player_ID_155','Sheriff',7,'Match_ID_56');
INSERT INTO Killer(Kill_ID,Killer_ID,Weapon_ID,roundNum,Match_ID) VALUES ('Kill_ID_2389','Player_ID_151','Shorty',5,'Match_ID_82');
INSERT INTO Killer(Kill_ID,Killer_ID,Weapon_ID,roundNum,Match_ID) VALUES ('Kill_ID_2390','Player_ID_165','Odin',7,'Match_ID_9');
INSERT INTO Killer(Kill_ID,Killer_ID,Weapon_ID,roundNum,Match_ID) VALUES ('Kill_ID_2391','Player_ID_87','Shorty',4,'Match_ID_158');
INSERT INTO Killer(Kill_ID,Killer_ID,Weapon_ID,roundNum,Match_ID) VALUES ('Kill_ID_2392','Player_ID_180','Vandal',3,'Match_ID_117');
INSERT INTO Killer(Kill_ID,Killer_ID,Weapon_ID,roundNum,Match_ID) VALUES ('Kill_ID_2393','Player_ID_66','Phantom',3,'Match_ID_135');
INSERT INTO Killer(Kill_ID,Killer_ID,Weapon_ID,roundNum,Match_ID) VALUES ('Kill_ID_2394','Player_ID_61','Sheriff',4,'Match_ID_231');
INSERT INTO Killer(Kill_ID,Killer_ID,Weapon_ID,roundNum,Match_ID) VALUES ('Kill_ID_2395','Player_ID_114','Shorty',7,'Match_ID_247');
INSERT INTO Killer(Kill_ID,Killer_ID,Weapon_ID,roundNum,Match_ID) VALUES ('Kill_ID_2396','Player_ID_176','Bulldog',7,'Match_ID_25');
INSERT INTO Killer(Kill_ID,Killer_ID,Weapon_ID,roundNum,Match_ID) VALUES ('Kill_ID_2397','Player_ID_142','Judge',2,'Match_ID_88');
INSERT INTO Killer(Kill_ID,Killer_ID,Weapon_ID,roundNum,Match_ID) VALUES ('Kill_ID_2398','Player_ID_217','Classic',6,'Match_ID_4');
INSERT INTO Killer(Kill_ID,Killer_ID,Weapon_ID,roundNum,Match_ID) VALUES ('Kill_ID_2399','Player_ID_74','Ghost',5,'Match_ID_244');
INSERT INTO Killer(Kill_ID,Killer_ID,Weapon_ID,roundNum,Match_ID) VALUES ('Kill_ID_2400','Player_ID_206','Ares',2,'Match_ID_210');
INSERT INTO Killer(Kill_ID,Killer_ID,Weapon_ID,roundNum,Match_ID) VALUES ('Kill_ID_2401','Player_ID_170','Vandal',5,'Match_ID_5');
INSERT INTO Killer(Kill_ID,Killer_ID,Weapon_ID,roundNum,Match_ID) VALUES ('Kill_ID_2402','Player_ID_142','Phantom',1,'Match_ID_220');
INSERT INTO Killer(Kill_ID,Killer_ID,Weapon_ID,roundNum,Match_ID) VALUES ('Kill_ID_2403','Player_ID_73','Ghost',1,'Match_ID_88');
INSERT INTO Killer(Kill_ID,Killer_ID,Weapon_ID,roundNum,Match_ID) VALUES ('Kill_ID_2404','Player_ID_70','Classic',2,'Match_ID_78');
INSERT INTO Killer(Kill_ID,Killer_ID,Weapon_ID,roundNum,Match_ID) VALUES ('Kill_ID_2405','Player_ID_8','Operator',2,'Match_ID_185');
INSERT INTO Killer(Kill_ID,Killer_ID,Weapon_ID,roundNum,Match_ID) VALUES ('Kill_ID_2406','Player_ID_95','Frenzy',5,'Match_ID_67');
INSERT INTO Killer(Kill_ID,Killer_ID,Weapon_ID,roundNum,Match_ID) VALUES ('Kill_ID_2407','Player_ID_149','Operator',5,'Match_ID_22');
INSERT INTO Killer(Kill_ID,Killer_ID,Weapon_ID,roundNum,Match_ID) VALUES ('Kill_ID_2408','Player_ID_190','Stinger',5,'Match_ID_165');
INSERT INTO Killer(Kill_ID,Killer_ID,Weapon_ID,roundNum,Match_ID) VALUES ('Kill_ID_2409','Player_ID_162','Bucky',8,'Match_ID_51');
INSERT INTO Killer(Kill_ID,Killer_ID,Weapon_ID,roundNum,Match_ID) VALUES ('Kill_ID_2410','Player_ID_222','Stinger',3,'Match_ID_240');
INSERT INTO Killer(Kill_ID,Killer_ID,Weapon_ID,roundNum,Match_ID) VALUES ('Kill_ID_2411','Player_ID_10','Odin',6,'Match_ID_127');
INSERT INTO Killer(Kill_ID,Killer_ID,Weapon_ID,roundNum,Match_ID) VALUES ('Kill_ID_2412','Player_ID_175','Judge',6,'Match_ID_7');
INSERT INTO Killer(Kill_ID,Killer_ID,Weapon_ID,roundNum,Match_ID) VALUES ('Kill_ID_2413','Player_ID_137','Operator',4,'Match_ID_104');
INSERT INTO Killer(Kill_ID,Killer_ID,Weapon_ID,roundNum,Match_ID) VALUES ('Kill_ID_2414','Player_ID_133','Ares',6,'Match_ID_97');
INSERT INTO Killer(Kill_ID,Killer_ID,Weapon_ID,roundNum,Match_ID) VALUES ('Kill_ID_2415','Player_ID_5','Operator',8,'Match_ID_185');
INSERT INTO Killer(Kill_ID,Killer_ID,Weapon_ID,roundNum,Match_ID) VALUES ('Kill_ID_2416','Player_ID_66','Shorty',5,'Match_ID_109');
INSERT INTO Killer(Kill_ID,Killer_ID,Weapon_ID,roundNum,Match_ID) VALUES ('Kill_ID_2417','Player_ID_192','Bucky',7,'Match_ID_206');
INSERT INTO Killer(Kill_ID,Killer_ID,Weapon_ID,roundNum,Match_ID) VALUES ('Kill_ID_2418','Player_ID_174','Vandal',6,'Match_ID_117');
INSERT INTO Killer(Kill_ID,Killer_ID,Weapon_ID,roundNum,Match_ID) VALUES ('Kill_ID_2419','Player_ID_103','Odin',6,'Match_ID_206');
INSERT INTO Killer(Kill_ID,Killer_ID,Weapon_ID,roundNum,Match_ID) VALUES ('Kill_ID_2420','Player_ID_82','Marshal',5,'Match_ID_182');
INSERT INTO Killer(Kill_ID,Killer_ID,Weapon_ID,roundNum,Match_ID) VALUES ('Kill_ID_2421','Player_ID_23','Guardian',3,'Match_ID_223');
INSERT INTO Killer(Kill_ID,Killer_ID,Weapon_ID,roundNum,Match_ID) VALUES ('Kill_ID_2422','Player_ID_144','Frenzy',5,'Match_ID_118');
INSERT INTO Killer(Kill_ID,Killer_ID,Weapon_ID,roundNum,Match_ID) VALUES ('Kill_ID_2423','Player_ID_182','Odin',5,'Match_ID_151');
INSERT INTO Killer(Kill_ID,Killer_ID,Weapon_ID,roundNum,Match_ID) VALUES ('Kill_ID_2424','Player_ID_149','Bucky',7,'Match_ID_82');
INSERT INTO Killer(Kill_ID,Killer_ID,Weapon_ID,roundNum,Match_ID) VALUES ('Kill_ID_2425','Player_ID_96','Spectre',8,'Match_ID_143');
INSERT INTO Killer(Kill_ID,Killer_ID,Weapon_ID,roundNum,Match_ID) VALUES ('Kill_ID_2426','Player_ID_139','Guardian',6,'Match_ID_92');
INSERT INTO Killer(Kill_ID,Killer_ID,Weapon_ID,roundNum,Match_ID) VALUES ('Kill_ID_2427','Player_ID_152','Classic',3,'Match_ID_96');
INSERT INTO Killer(Kill_ID,Killer_ID,Weapon_ID,roundNum,Match_ID) VALUES ('Kill_ID_2428','Player_ID_191','Ghost',7,'Match_ID_168');
INSERT INTO Killer(Kill_ID,Killer_ID,Weapon_ID,roundNum,Match_ID) VALUES ('Kill_ID_2429','Player_ID_38','Stinger',7,'Match_ID_64');
INSERT INTO Killer(Kill_ID,Killer_ID,Weapon_ID,roundNum,Match_ID) VALUES ('Kill_ID_2430','Player_ID_15','Judge',3,'Match_ID_219');
INSERT INTO Killer(Kill_ID,Killer_ID,Weapon_ID,roundNum,Match_ID) VALUES ('Kill_ID_2431','Player_ID_88','Ghost',3,'Match_ID_63');
INSERT INTO Killer(Kill_ID,Killer_ID,Weapon_ID,roundNum,Match_ID) VALUES ('Kill_ID_2432','Player_ID_97','Guardian',2,'Match_ID_58');
INSERT INTO Killer(Kill_ID,Killer_ID,Weapon_ID,roundNum,Match_ID) VALUES ('Kill_ID_2433','Player_ID_99','Sheriff',4,'Match_ID_118');
INSERT INTO Killer(Kill_ID,Killer_ID,Weapon_ID,roundNum,Match_ID) VALUES ('Kill_ID_2434','Player_ID_120','Operator',7,'Match_ID_1');
INSERT INTO Killer(Kill_ID,Killer_ID,Weapon_ID,roundNum,Match_ID) VALUES ('Kill_ID_2435','Player_ID_4','Odin',2,'Match_ID_56');
INSERT INTO Killer(Kill_ID,Killer_ID,Weapon_ID,roundNum,Match_ID) VALUES ('Kill_ID_2436','Player_ID_194','Classic',4,'Match_ID_244');
INSERT INTO Killer(Kill_ID,Killer_ID,Weapon_ID,roundNum,Match_ID) VALUES ('Kill_ID_2437','Player_ID_63','Judge',1,'Match_ID_110');
INSERT INTO Killer(Kill_ID,Killer_ID,Weapon_ID,roundNum,Match_ID) VALUES ('Kill_ID_2438','Player_ID_137','Phantom',7,'Match_ID_43');
INSERT INTO Killer(Kill_ID,Killer_ID,Weapon_ID,roundNum,Match_ID) VALUES ('Kill_ID_2439','Player_ID_9','Spectre',5,'Match_ID_219');
INSERT INTO Killer(Kill_ID,Killer_ID,Weapon_ID,roundNum,Match_ID) VALUES ('Kill_ID_2440','Player_ID_69','Frenzy',5,'Match_ID_22');
INSERT INTO Killer(Kill_ID,Killer_ID,Weapon_ID,roundNum,Match_ID) VALUES ('Kill_ID_2441','Player_ID_76','Classic',6,'Match_ID_105');
INSERT INTO Killer(Kill_ID,Killer_ID,Weapon_ID,roundNum,Match_ID) VALUES ('Kill_ID_2442','Player_ID_10','Sheriff',8,'Match_ID_203');
INSERT INTO Killer(Kill_ID,Killer_ID,Weapon_ID,roundNum,Match_ID) VALUES ('Kill_ID_2443','Player_ID_128','Phantom',3,'Match_ID_116');
INSERT INTO Killer(Kill_ID,Killer_ID,Weapon_ID,roundNum,Match_ID) VALUES ('Kill_ID_2444','Player_ID_194','Ghost',3,'Match_ID_135');
INSERT INTO Killer(Kill_ID,Killer_ID,Weapon_ID,roundNum,Match_ID) VALUES ('Kill_ID_2445','Player_ID_80','Frenzy',4,'Match_ID_193');
INSERT INTO Killer(Kill_ID,Killer_ID,Weapon_ID,roundNum,Match_ID) VALUES ('Kill_ID_2446','Player_ID_216','Phantom',1,'Match_ID_49');
INSERT INTO Killer(Kill_ID,Killer_ID,Weapon_ID,roundNum,Match_ID) VALUES ('Kill_ID_2447','Player_ID_38','Judge',2,'Match_ID_175');
INSERT INTO Killer(Kill_ID,Killer_ID,Weapon_ID,roundNum,Match_ID) VALUES ('Kill_ID_2448','Player_ID_155','Phantom',6,'Match_ID_37');
INSERT INTO Killer(Kill_ID,Killer_ID,Weapon_ID,roundNum,Match_ID) VALUES ('Kill_ID_2449','Player_ID_67','Guardian',1,'Match_ID_75');
INSERT INTO Killer(Kill_ID,Killer_ID,Weapon_ID,roundNum,Match_ID) VALUES ('Kill_ID_2450','Player_ID_114','Stinger',3,'Match_ID_130');
INSERT INTO Killer(Kill_ID,Killer_ID,Weapon_ID,roundNum,Match_ID) VALUES ('Kill_ID_2451','Player_ID_7','Judge',7,'Match_ID_164');
INSERT INTO Killer(Kill_ID,Killer_ID,Weapon_ID,roundNum,Match_ID) VALUES ('Kill_ID_2452','Player_ID_98','Sheriff',7,'Match_ID_180');
INSERT INTO Killer(Kill_ID,Killer_ID,Weapon_ID,roundNum,Match_ID) VALUES ('Kill_ID_2453','Player_ID_3','Judge',7,'Match_ID_151');
INSERT INTO Killer(Kill_ID,Killer_ID,Weapon_ID,roundNum,Match_ID) VALUES ('Kill_ID_2454','Player_ID_120','Phantom',1,'Match_ID_195');
INSERT INTO Killer(Kill_ID,Killer_ID,Weapon_ID,roundNum,Match_ID) VALUES ('Kill_ID_2455','Player_ID_119','Operator',5,'Match_ID_216');
INSERT INTO Killer(Kill_ID,Killer_ID,Weapon_ID,roundNum,Match_ID) VALUES ('Kill_ID_2456','Player_ID_123','Stinger',1,'Match_ID_223');
INSERT INTO Killer(Kill_ID,Killer_ID,Weapon_ID,roundNum,Match_ID) VALUES ('Kill_ID_2457','Player_ID_91','Bulldog',3,'Match_ID_214');
INSERT INTO Killer(Kill_ID,Killer_ID,Weapon_ID,roundNum,Match_ID) VALUES ('Kill_ID_2458','Player_ID_190','Stinger',1,'Match_ID_132');
INSERT INTO Killer(Kill_ID,Killer_ID,Weapon_ID,roundNum,Match_ID) VALUES ('Kill_ID_2459','Player_ID_163','Judge',4,'Match_ID_74');
INSERT INTO Killer(Kill_ID,Killer_ID,Weapon_ID,roundNum,Match_ID) VALUES ('Kill_ID_2460','Player_ID_124','Ares',3,'Match_ID_199');
INSERT INTO Killer(Kill_ID,Killer_ID,Weapon_ID,roundNum,Match_ID) VALUES ('Kill_ID_2461','Player_ID_143','Shorty',8,'Match_ID_108');
INSERT INTO Killer(Kill_ID,Killer_ID,Weapon_ID,roundNum,Match_ID) VALUES ('Kill_ID_2462','Player_ID_85','Guardian',5,'Match_ID_83');
INSERT INTO Killer(Kill_ID,Killer_ID,Weapon_ID,roundNum,Match_ID) VALUES ('Kill_ID_2463','Player_ID_29','Operator',6,'Match_ID_166');
INSERT INTO Killer(Kill_ID,Killer_ID,Weapon_ID,roundNum,Match_ID) VALUES ('Kill_ID_2464','Player_ID_19','Phantom',2,'Match_ID_124');
INSERT INTO Killer(Kill_ID,Killer_ID,Weapon_ID,roundNum,Match_ID) VALUES ('Kill_ID_2465','Player_ID_111','Bucky',5,'Match_ID_169');
INSERT INTO Killer(Kill_ID,Killer_ID,Weapon_ID,roundNum,Match_ID) VALUES ('Kill_ID_2466','Player_ID_93','Operator',7,'Match_ID_176');
INSERT INTO Killer(Kill_ID,Killer_ID,Weapon_ID,roundNum,Match_ID) VALUES ('Kill_ID_2467','Player_ID_167','Bulldog',5,'Match_ID_100');
INSERT INTO Killer(Kill_ID,Killer_ID,Weapon_ID,roundNum,Match_ID) VALUES ('Kill_ID_2468','Player_ID_50','Odin',2,'Match_ID_113');
INSERT INTO Killer(Kill_ID,Killer_ID,Weapon_ID,roundNum,Match_ID) VALUES ('Kill_ID_2469','Player_ID_199','Bulldog',3,'Match_ID_149');
INSERT INTO Killer(Kill_ID,Killer_ID,Weapon_ID,roundNum,Match_ID) VALUES ('Kill_ID_2470','Player_ID_214','Stinger',8,'Match_ID_129');
INSERT INTO Killer(Kill_ID,Killer_ID,Weapon_ID,roundNum,Match_ID) VALUES ('Kill_ID_2471','Player_ID_222','Bulldog',5,'Match_ID_46');
INSERT INTO Killer(Kill_ID,Killer_ID,Weapon_ID,roundNum,Match_ID) VALUES ('Kill_ID_2472','Player_ID_49','Vandal',8,'Match_ID_29');
INSERT INTO Killer(Kill_ID,Killer_ID,Weapon_ID,roundNum,Match_ID) VALUES ('Kill_ID_2473','Player_ID_173','Odin',8,'Match_ID_75');
INSERT INTO Killer(Kill_ID,Killer_ID,Weapon_ID,roundNum,Match_ID) VALUES ('Kill_ID_2474','Player_ID_135','Bucky',2,'Match_ID_102');
INSERT INTO Killer(Kill_ID,Killer_ID,Weapon_ID,roundNum,Match_ID) VALUES ('Kill_ID_2475','Player_ID_99','Stinger',7,'Match_ID_67');
INSERT INTO Killer(Kill_ID,Killer_ID,Weapon_ID,roundNum,Match_ID) VALUES ('Kill_ID_2476','Player_ID_128','Bucky',2,'Match_ID_141');
INSERT INTO Killer(Kill_ID,Killer_ID,Weapon_ID,roundNum,Match_ID) VALUES ('Kill_ID_2477','Player_ID_72','Phantom',4,'Match_ID_7');
INSERT INTO Killer(Kill_ID,Killer_ID,Weapon_ID,roundNum,Match_ID) VALUES ('Kill_ID_2478','Player_ID_163','Odin',4,'Match_ID_78');
INSERT INTO Killer(Kill_ID,Killer_ID,Weapon_ID,roundNum,Match_ID) VALUES ('Kill_ID_2479','Player_ID_149','Shorty',3,'Match_ID_27');
INSERT INTO Killer(Kill_ID,Killer_ID,Weapon_ID,roundNum,Match_ID) VALUES ('Kill_ID_2480','Player_ID_100','Frenzy',2,'Match_ID_238');
INSERT INTO Killer(Kill_ID,Killer_ID,Weapon_ID,roundNum,Match_ID) VALUES ('Kill_ID_2481','Player_ID_143','Guardian',4,'Match_ID_80');
INSERT INTO Killer(Kill_ID,Killer_ID,Weapon_ID,roundNum,Match_ID) VALUES ('Kill_ID_2482','Player_ID_11','Bulldog',6,'Match_ID_25');
INSERT INTO Killer(Kill_ID,Killer_ID,Weapon_ID,roundNum,Match_ID) VALUES ('Kill_ID_2483','Player_ID_79','Operator',6,'Match_ID_248');
INSERT INTO Killer(Kill_ID,Killer_ID,Weapon_ID,roundNum,Match_ID) VALUES ('Kill_ID_2484','Player_ID_45','Marshal',4,'Match_ID_30');
INSERT INTO Killer(Kill_ID,Killer_ID,Weapon_ID,roundNum,Match_ID) VALUES ('Kill_ID_2485','Player_ID_106','Spectre',4,'Match_ID_250');
INSERT INTO Killer(Kill_ID,Killer_ID,Weapon_ID,roundNum,Match_ID) VALUES ('Kill_ID_2486','Player_ID_73','Bucky',1,'Match_ID_61');
INSERT INTO Killer(Kill_ID,Killer_ID,Weapon_ID,roundNum,Match_ID) VALUES ('Kill_ID_2487','Player_ID_174','Ghost',4,'Match_ID_63');
INSERT INTO Killer(Kill_ID,Killer_ID,Weapon_ID,roundNum,Match_ID) VALUES ('Kill_ID_2488','Player_ID_118','Sheriff',5,'Match_ID_194');
INSERT INTO Killer(Kill_ID,Killer_ID,Weapon_ID,roundNum,Match_ID) VALUES ('Kill_ID_2489','Player_ID_161','Spectre',6,'Match_ID_171');
INSERT INTO Killer(Kill_ID,Killer_ID,Weapon_ID,roundNum,Match_ID) VALUES ('Kill_ID_2490','Player_ID_4','Operator',2,'Match_ID_200');
INSERT INTO Killer(Kill_ID,Killer_ID,Weapon_ID,roundNum,Match_ID) VALUES ('Kill_ID_2491','Player_ID_220','Ghost',2,'Match_ID_116');
INSERT INTO Killer(Kill_ID,Killer_ID,Weapon_ID,roundNum,Match_ID) VALUES ('Kill_ID_2492','Player_ID_160','Bulldog',7,'Match_ID_198');
INSERT INTO Killer(Kill_ID,Killer_ID,Weapon_ID,roundNum,Match_ID) VALUES ('Kill_ID_2493','Player_ID_48','Odin',3,'Match_ID_18');
INSERT INTO Killer(Kill_ID,Killer_ID,Weapon_ID,roundNum,Match_ID) VALUES ('Kill_ID_2494','Player_ID_191','Bucky',3,'Match_ID_24');
INSERT INTO Killer(Kill_ID,Killer_ID,Weapon_ID,roundNum,Match_ID) VALUES ('Kill_ID_2495','Player_ID_128','Judge',6,'Match_ID_103');
INSERT INTO Killer(Kill_ID,Killer_ID,Weapon_ID,roundNum,Match_ID) VALUES ('Kill_ID_2496','Player_ID_60','Spectre',3,'Match_ID_167');
INSERT INTO Killer(Kill_ID,Killer_ID,Weapon_ID,roundNum,Match_ID) VALUES ('Kill_ID_2497','Player_ID_162','Bucky',4,'Match_ID_60');
INSERT INTO Killer(Kill_ID,Killer_ID,Weapon_ID,roundNum,Match_ID) VALUES ('Kill_ID_2498','Player_ID_41','Phantom',6,'Match_ID_128');
INSERT INTO Killer(Kill_ID,Killer_ID,Weapon_ID,roundNum,Match_ID) VALUES ('Kill_ID_2499','Player_ID_4','Phantom',8,'Match_ID_14');
INSERT INTO Killer(Kill_ID,Killer_ID,Weapon_ID,roundNum,Match_ID) VALUES ('Kill_ID_2500','Player_ID_24','Bulldog',8,'Match_ID_193');
INSERT INTO Killer(Kill_ID,Killer_ID,Weapon_ID,roundNum,Match_ID) VALUES ('Kill_ID_2501','Player_ID_102','Ares',4,'Match_ID_45');
INSERT INTO Killer(Kill_ID,Killer_ID,Weapon_ID,roundNum,Match_ID) VALUES ('Kill_ID_2502','Player_ID_114','Judge',1,'Match_ID_99');
INSERT INTO Killer(Kill_ID,Killer_ID,Weapon_ID,roundNum,Match_ID) VALUES ('Kill_ID_2503','Player_ID_38','Judge',6,'Match_ID_218');
INSERT INTO Killer(Kill_ID,Killer_ID,Weapon_ID,roundNum,Match_ID) VALUES ('Kill_ID_2504','Player_ID_182','Judge',3,'Match_ID_109');
INSERT INTO Killer(Kill_ID,Killer_ID,Weapon_ID,roundNum,Match_ID) VALUES ('Kill_ID_2505','Player_ID_124','Ares',5,'Match_ID_11');
INSERT INTO Killer(Kill_ID,Killer_ID,Weapon_ID,roundNum,Match_ID) VALUES ('Kill_ID_2506','Player_ID_204','Judge',8,'Match_ID_220');
INSERT INTO Killer(Kill_ID,Killer_ID,Weapon_ID,roundNum,Match_ID) VALUES ('Kill_ID_2507','Player_ID_194','Phantom',8,'Match_ID_51');
INSERT INTO Killer(Kill_ID,Killer_ID,Weapon_ID,roundNum,Match_ID) VALUES ('Kill_ID_2508','Player_ID_207','Phantom',7,'Match_ID_52');
INSERT INTO Killer(Kill_ID,Killer_ID,Weapon_ID,roundNum,Match_ID) VALUES ('Kill_ID_2509','Player_ID_54','Guardian',6,'Match_ID_165');
INSERT INTO Killer(Kill_ID,Killer_ID,Weapon_ID,roundNum,Match_ID) VALUES ('Kill_ID_2510','Player_ID_20','Classic',8,'Match_ID_181');
INSERT INTO Killer(Kill_ID,Killer_ID,Weapon_ID,roundNum,Match_ID) VALUES ('Kill_ID_2511','Player_ID_196','Bulldog',2,'Match_ID_79');
INSERT INTO Killer(Kill_ID,Killer_ID,Weapon_ID,roundNum,Match_ID) VALUES ('Kill_ID_2512','Player_ID_179','Shorty',7,'Match_ID_148');
INSERT INTO Killer(Kill_ID,Killer_ID,Weapon_ID,roundNum,Match_ID) VALUES ('Kill_ID_2513','Player_ID_192','Spectre',3,'Match_ID_72');
INSERT INTO Killer(Kill_ID,Killer_ID,Weapon_ID,roundNum,Match_ID) VALUES ('Kill_ID_2514','Player_ID_217','Judge',3,'Match_ID_148');
INSERT INTO Killer(Kill_ID,Killer_ID,Weapon_ID,roundNum,Match_ID) VALUES ('Kill_ID_2515','Player_ID_101','Phantom',4,'Match_ID_238');
INSERT INTO Killer(Kill_ID,Killer_ID,Weapon_ID,roundNum,Match_ID) VALUES ('Kill_ID_2516','Player_ID_72','Sheriff',6,'Match_ID_116');
INSERT INTO Killer(Kill_ID,Killer_ID,Weapon_ID,roundNum,Match_ID) VALUES ('Kill_ID_2517','Player_ID_108','Stinger',8,'Match_ID_132');
INSERT INTO Killer(Kill_ID,Killer_ID,Weapon_ID,roundNum,Match_ID) VALUES ('Kill_ID_2518','Player_ID_185','Vandal',4,'Match_ID_155');
INSERT INTO Killer(Kill_ID,Killer_ID,Weapon_ID,roundNum,Match_ID) VALUES ('Kill_ID_2519','Player_ID_63','Odin',1,'Match_ID_181');
INSERT INTO Killer(Kill_ID,Killer_ID,Weapon_ID,roundNum,Match_ID) VALUES ('Kill_ID_2520','Player_ID_6','Ares',8,'Match_ID_83');
INSERT INTO Killer(Kill_ID,Killer_ID,Weapon_ID,roundNum,Match_ID) VALUES ('Kill_ID_2521','Player_ID_86','Sheriff',5,'Match_ID_163');
INSERT INTO Killer(Kill_ID,Killer_ID,Weapon_ID,roundNum,Match_ID) VALUES ('Kill_ID_2522','Player_ID_75','Vandal',8,'Match_ID_227');
INSERT INTO Killer(Kill_ID,Killer_ID,Weapon_ID,roundNum,Match_ID) VALUES ('Kill_ID_2523','Player_ID_189','Frenzy',1,'Match_ID_29');
INSERT INTO Killer(Kill_ID,Killer_ID,Weapon_ID,roundNum,Match_ID) VALUES ('Kill_ID_2524','Player_ID_61','Spectre',7,'Match_ID_42');
INSERT INTO Killer(Kill_ID,Killer_ID,Weapon_ID,roundNum,Match_ID) VALUES ('Kill_ID_2525','Player_ID_212','Bucky',2,'Match_ID_111');
INSERT INTO Killer(Kill_ID,Killer_ID,Weapon_ID,roundNum,Match_ID) VALUES ('Kill_ID_2526','Player_ID_29','Ghost',5,'Match_ID_238');
INSERT INTO Killer(Kill_ID,Killer_ID,Weapon_ID,roundNum,Match_ID) VALUES ('Kill_ID_2527','Player_ID_135','Bulldog',5,'Match_ID_80');
INSERT INTO Killer(Kill_ID,Killer_ID,Weapon_ID,roundNum,Match_ID) VALUES ('Kill_ID_2528','Player_ID_139','Sheriff',4,'Match_ID_152');
INSERT INTO Killer(Kill_ID,Killer_ID,Weapon_ID,roundNum,Match_ID) VALUES ('Kill_ID_2529','Player_ID_123','Classic',4,'Match_ID_6');
INSERT INTO Killer(Kill_ID,Killer_ID,Weapon_ID,roundNum,Match_ID) VALUES ('Kill_ID_2530','Player_ID_42','Classic',2,'Match_ID_133');
INSERT INTO Killer(Kill_ID,Killer_ID,Weapon_ID,roundNum,Match_ID) VALUES ('Kill_ID_2531','Player_ID_113','Ghost',7,'Match_ID_67');
INSERT INTO Killer(Kill_ID,Killer_ID,Weapon_ID,roundNum,Match_ID) VALUES ('Kill_ID_2532','Player_ID_66','Judge',3,'Match_ID_2');
INSERT INTO Killer(Kill_ID,Killer_ID,Weapon_ID,roundNum,Match_ID) VALUES ('Kill_ID_2533','Player_ID_132','Phantom',4,'Match_ID_63');
INSERT INTO Killer(Kill_ID,Killer_ID,Weapon_ID,roundNum,Match_ID) VALUES ('Kill_ID_2534','Player_ID_138','Stinger',7,'Match_ID_78');
INSERT INTO Killer(Kill_ID,Killer_ID,Weapon_ID,roundNum,Match_ID) VALUES ('Kill_ID_2535','Player_ID_201','Bucky',6,'Match_ID_100');
INSERT INTO Killer(Kill_ID,Killer_ID,Weapon_ID,roundNum,Match_ID) VALUES ('Kill_ID_2536','Player_ID_81','Bulldog',2,'Match_ID_35');
INSERT INTO Killer(Kill_ID,Killer_ID,Weapon_ID,roundNum,Match_ID) VALUES ('Kill_ID_2537','Player_ID_107','Vandal',5,'Match_ID_109');
INSERT INTO Killer(Kill_ID,Killer_ID,Weapon_ID,roundNum,Match_ID) VALUES ('Kill_ID_2538','Player_ID_21','Operator',1,'Match_ID_75');
INSERT INTO Killer(Kill_ID,Killer_ID,Weapon_ID,roundNum,Match_ID) VALUES ('Kill_ID_2539','Player_ID_32','Judge',3,'Match_ID_176');
INSERT INTO Killer(Kill_ID,Killer_ID,Weapon_ID,roundNum,Match_ID) VALUES ('Kill_ID_2540','Player_ID_221','Odin',7,'Match_ID_168');
INSERT INTO Killer(Kill_ID,Killer_ID,Weapon_ID,roundNum,Match_ID) VALUES ('Kill_ID_2541','Player_ID_190','Odin',5,'Match_ID_232');
INSERT INTO Killer(Kill_ID,Killer_ID,Weapon_ID,roundNum,Match_ID) VALUES ('Kill_ID_2542','Player_ID_71','Shorty',4,'Match_ID_213');
INSERT INTO Killer(Kill_ID,Killer_ID,Weapon_ID,roundNum,Match_ID) VALUES ('Kill_ID_2543','Player_ID_14','Odin',4,'Match_ID_143');
INSERT INTO Killer(Kill_ID,Killer_ID,Weapon_ID,roundNum,Match_ID) VALUES ('Kill_ID_2544','Player_ID_22','Frenzy',4,'Match_ID_232');
INSERT INTO Killer(Kill_ID,Killer_ID,Weapon_ID,roundNum,Match_ID) VALUES ('Kill_ID_2545','Player_ID_44','Vandal',4,'Match_ID_7');
INSERT INTO Killer(Kill_ID,Killer_ID,Weapon_ID,roundNum,Match_ID) VALUES ('Kill_ID_2546','Player_ID_94','Ares',2,'Match_ID_128');
INSERT INTO Killer(Kill_ID,Killer_ID,Weapon_ID,roundNum,Match_ID) VALUES ('Kill_ID_2547','Player_ID_113','Ghost',2,'Match_ID_216');
INSERT INTO Killer(Kill_ID,Killer_ID,Weapon_ID,roundNum,Match_ID) VALUES ('Kill_ID_2548','Player_ID_70','Bucky',5,'Match_ID_228');
INSERT INTO Killer(Kill_ID,Killer_ID,Weapon_ID,roundNum,Match_ID) VALUES ('Kill_ID_2549','Player_ID_114','Bucky',2,'Match_ID_98');
INSERT INTO Killer(Kill_ID,Killer_ID,Weapon_ID,roundNum,Match_ID) VALUES ('Kill_ID_2550','Player_ID_87','Bulldog',7,'Match_ID_153');
INSERT INTO Killer(Kill_ID,Killer_ID,Weapon_ID,roundNum,Match_ID) VALUES ('Kill_ID_2551','Player_ID_101','Marshal',5,'Match_ID_6');
INSERT INTO Killer(Kill_ID,Killer_ID,Weapon_ID,roundNum,Match_ID) VALUES ('Kill_ID_2552','Player_ID_155','Guardian',5,'Match_ID_20');
INSERT INTO Killer(Kill_ID,Killer_ID,Weapon_ID,roundNum,Match_ID) VALUES ('Kill_ID_2553','Player_ID_5','Judge',7,'Match_ID_77');
INSERT INTO Killer(Kill_ID,Killer_ID,Weapon_ID,roundNum,Match_ID) VALUES ('Kill_ID_2554','Player_ID_57','Vandal',3,'Match_ID_129');
INSERT INTO Killer(Kill_ID,Killer_ID,Weapon_ID,roundNum,Match_ID) VALUES ('Kill_ID_2555','Player_ID_100','Guardian',7,'Match_ID_99');
INSERT INTO Killer(Kill_ID,Killer_ID,Weapon_ID,roundNum,Match_ID) VALUES ('Kill_ID_2556','Player_ID_177','Bulldog',8,'Match_ID_93');
INSERT INTO Killer(Kill_ID,Killer_ID,Weapon_ID,roundNum,Match_ID) VALUES ('Kill_ID_2557','Player_ID_223','Sheriff',3,'Match_ID_126');
INSERT INTO Killer(Kill_ID,Killer_ID,Weapon_ID,roundNum,Match_ID) VALUES ('Kill_ID_2558','Player_ID_176','Phantom',7,'Match_ID_46');
INSERT INTO Killer(Kill_ID,Killer_ID,Weapon_ID,roundNum,Match_ID) VALUES ('Kill_ID_2559','Player_ID_153','Ghost',4,'Match_ID_190');
INSERT INTO Killer(Kill_ID,Killer_ID,Weapon_ID,roundNum,Match_ID) VALUES ('Kill_ID_2560','Player_ID_119','Classic',3,'Match_ID_136');
INSERT INTO Killer(Kill_ID,Killer_ID,Weapon_ID,roundNum,Match_ID) VALUES ('Kill_ID_2561','Player_ID_111','Classic',5,'Match_ID_230');
INSERT INTO Killer(Kill_ID,Killer_ID,Weapon_ID,roundNum,Match_ID) VALUES ('Kill_ID_2562','Player_ID_50','Phantom',7,'Match_ID_241');
INSERT INTO Killer(Kill_ID,Killer_ID,Weapon_ID,roundNum,Match_ID) VALUES ('Kill_ID_2563','Player_ID_112','Ghost',5,'Match_ID_104');
INSERT INTO Killer(Kill_ID,Killer_ID,Weapon_ID,roundNum,Match_ID) VALUES ('Kill_ID_2564','Player_ID_49','Shorty',2,'Match_ID_99');
INSERT INTO Killer(Kill_ID,Killer_ID,Weapon_ID,roundNum,Match_ID) VALUES ('Kill_ID_2565','Player_ID_127','Shorty',5,'Match_ID_71');
INSERT INTO Killer(Kill_ID,Killer_ID,Weapon_ID,roundNum,Match_ID) VALUES ('Kill_ID_2566','Player_ID_200','Judge',4,'Match_ID_120');
INSERT INTO Killer(Kill_ID,Killer_ID,Weapon_ID,roundNum,Match_ID) VALUES ('Kill_ID_2567','Player_ID_69','Judge',4,'Match_ID_162');
INSERT INTO Killer(Kill_ID,Killer_ID,Weapon_ID,roundNum,Match_ID) VALUES ('Kill_ID_2568','Player_ID_30','Stinger',7,'Match_ID_75');
INSERT INTO Killer(Kill_ID,Killer_ID,Weapon_ID,roundNum,Match_ID) VALUES ('Kill_ID_2569','Player_ID_20','Bulldog',5,'Match_ID_103');
INSERT INTO Killer(Kill_ID,Killer_ID,Weapon_ID,roundNum,Match_ID) VALUES ('Kill_ID_2570','Player_ID_119','Ghost',6,'Match_ID_113');
INSERT INTO Killer(Kill_ID,Killer_ID,Weapon_ID,roundNum,Match_ID) VALUES ('Kill_ID_2571','Player_ID_71','Guardian',1,'Match_ID_184');
INSERT INTO Killer(Kill_ID,Killer_ID,Weapon_ID,roundNum,Match_ID) VALUES ('Kill_ID_2572','Player_ID_224','Operator',6,'Match_ID_161');
INSERT INTO Killer(Kill_ID,Killer_ID,Weapon_ID,roundNum,Match_ID) VALUES ('Kill_ID_2573','Player_ID_140','Shorty',1,'Match_ID_155');
INSERT INTO Killer(Kill_ID,Killer_ID,Weapon_ID,roundNum,Match_ID) VALUES ('Kill_ID_2574','Player_ID_122','Sheriff',3,'Match_ID_137');
INSERT INTO Killer(Kill_ID,Killer_ID,Weapon_ID,roundNum,Match_ID) VALUES ('Kill_ID_2575','Player_ID_56','Bulldog',6,'Match_ID_151');
INSERT INTO Killer(Kill_ID,Killer_ID,Weapon_ID,roundNum,Match_ID) VALUES ('Kill_ID_2576','Player_ID_130','Odin',1,'Match_ID_235');
INSERT INTO Killer(Kill_ID,Killer_ID,Weapon_ID,roundNum,Match_ID) VALUES ('Kill_ID_2577','Player_ID_217','Classic',2,'Match_ID_176');
INSERT INTO Killer(Kill_ID,Killer_ID,Weapon_ID,roundNum,Match_ID) VALUES ('Kill_ID_2578','Player_ID_24','Judge',7,'Match_ID_61');
INSERT INTO Killer(Kill_ID,Killer_ID,Weapon_ID,roundNum,Match_ID) VALUES ('Kill_ID_2579','Player_ID_161','Sheriff',4,'Match_ID_5');
INSERT INTO Killer(Kill_ID,Killer_ID,Weapon_ID,roundNum,Match_ID) VALUES ('Kill_ID_2580','Player_ID_216','Sheriff',8,'Match_ID_12');
INSERT INTO Killer(Kill_ID,Killer_ID,Weapon_ID,roundNum,Match_ID) VALUES ('Kill_ID_2581','Player_ID_158','Vandal',5,'Match_ID_85');
INSERT INTO Killer(Kill_ID,Killer_ID,Weapon_ID,roundNum,Match_ID) VALUES ('Kill_ID_2582','Player_ID_116','Spectre',1,'Match_ID_33');
INSERT INTO Killer(Kill_ID,Killer_ID,Weapon_ID,roundNum,Match_ID) VALUES ('Kill_ID_2583','Player_ID_190','Bucky',6,'Match_ID_98');
INSERT INTO Killer(Kill_ID,Killer_ID,Weapon_ID,roundNum,Match_ID) VALUES ('Kill_ID_2584','Player_ID_96','Spectre',5,'Match_ID_104');
INSERT INTO Killer(Kill_ID,Killer_ID,Weapon_ID,roundNum,Match_ID) VALUES ('Kill_ID_2585','Player_ID_110','Judge',5,'Match_ID_89');
INSERT INTO Killer(Kill_ID,Killer_ID,Weapon_ID,roundNum,Match_ID) VALUES ('Kill_ID_2586','Player_ID_78','Phantom',5,'Match_ID_196');
INSERT INTO Killer(Kill_ID,Killer_ID,Weapon_ID,roundNum,Match_ID) VALUES ('Kill_ID_2587','Player_ID_14','Bucky',8,'Match_ID_176');
INSERT INTO Killer(Kill_ID,Killer_ID,Weapon_ID,roundNum,Match_ID) VALUES ('Kill_ID_2588','Player_ID_87','Frenzy',2,'Match_ID_201');
INSERT INTO Killer(Kill_ID,Killer_ID,Weapon_ID,roundNum,Match_ID) VALUES ('Kill_ID_2589','Player_ID_176','Judge',8,'Match_ID_168');
INSERT INTO Killer(Kill_ID,Killer_ID,Weapon_ID,roundNum,Match_ID) VALUES ('Kill_ID_2590','Player_ID_89','Operator',5,'Match_ID_54');
INSERT INTO Killer(Kill_ID,Killer_ID,Weapon_ID,roundNum,Match_ID) VALUES ('Kill_ID_2591','Player_ID_16','Vandal',5,'Match_ID_50');
INSERT INTO Killer(Kill_ID,Killer_ID,Weapon_ID,roundNum,Match_ID) VALUES ('Kill_ID_2592','Player_ID_50','Odin',6,'Match_ID_227');
INSERT INTO Killer(Kill_ID,Killer_ID,Weapon_ID,roundNum,Match_ID) VALUES ('Kill_ID_2593','Player_ID_118','Bulldog',1,'Match_ID_135');
INSERT INTO Killer(Kill_ID,Killer_ID,Weapon_ID,roundNum,Match_ID) VALUES ('Kill_ID_2594','Player_ID_164','Shorty',3,'Match_ID_178');
INSERT INTO Killer(Kill_ID,Killer_ID,Weapon_ID,roundNum,Match_ID) VALUES ('Kill_ID_2595','Player_ID_151','Bucky',1,'Match_ID_72');
INSERT INTO Killer(Kill_ID,Killer_ID,Weapon_ID,roundNum,Match_ID) VALUES ('Kill_ID_2596','Player_ID_189','Stinger',1,'Match_ID_66');
INSERT INTO Killer(Kill_ID,Killer_ID,Weapon_ID,roundNum,Match_ID) VALUES ('Kill_ID_2597','Player_ID_13','Odin',4,'Match_ID_110');
INSERT INTO Killer(Kill_ID,Killer_ID,Weapon_ID,roundNum,Match_ID) VALUES ('Kill_ID_2598','Player_ID_26','Vandal',5,'Match_ID_189');
INSERT INTO Killer(Kill_ID,Killer_ID,Weapon_ID,roundNum,Match_ID) VALUES ('Kill_ID_2599','Player_ID_45','Ghost',7,'Match_ID_241');
INSERT INTO Killer(Kill_ID,Killer_ID,Weapon_ID,roundNum,Match_ID) VALUES ('Kill_ID_2600','Player_ID_9','Frenzy',3,'Match_ID_71');
INSERT INTO Killer(Kill_ID,Killer_ID,Weapon_ID,roundNum,Match_ID) VALUES ('Kill_ID_2601','Player_ID_100','Ares',5,'Match_ID_143');
INSERT INTO Killer(Kill_ID,Killer_ID,Weapon_ID,roundNum,Match_ID) VALUES ('Kill_ID_2602','Player_ID_92','Shorty',4,'Match_ID_140');
INSERT INTO Killer(Kill_ID,Killer_ID,Weapon_ID,roundNum,Match_ID) VALUES ('Kill_ID_2603','Player_ID_33','Bulldog',5,'Match_ID_7');
INSERT INTO Killer(Kill_ID,Killer_ID,Weapon_ID,roundNum,Match_ID) VALUES ('Kill_ID_2604','Player_ID_180','Spectre',5,'Match_ID_170');
INSERT INTO Killer(Kill_ID,Killer_ID,Weapon_ID,roundNum,Match_ID) VALUES ('Kill_ID_2605','Player_ID_26','Ghost',1,'Match_ID_165');
INSERT INTO Killer(Kill_ID,Killer_ID,Weapon_ID,roundNum,Match_ID) VALUES ('Kill_ID_2606','Player_ID_90','Vandal',1,'Match_ID_200');
INSERT INTO Killer(Kill_ID,Killer_ID,Weapon_ID,roundNum,Match_ID) VALUES ('Kill_ID_2607','Player_ID_196','Classic',8,'Match_ID_52');
INSERT INTO Killer(Kill_ID,Killer_ID,Weapon_ID,roundNum,Match_ID) VALUES ('Kill_ID_2608','Player_ID_143','Guardian',6,'Match_ID_181');
INSERT INTO Killer(Kill_ID,Killer_ID,Weapon_ID,roundNum,Match_ID) VALUES ('Kill_ID_2609','Player_ID_111','Odin',2,'Match_ID_130');
INSERT INTO Killer(Kill_ID,Killer_ID,Weapon_ID,roundNum,Match_ID) VALUES ('Kill_ID_2610','Player_ID_186','Bulldog',4,'Match_ID_83');
INSERT INTO Killer(Kill_ID,Killer_ID,Weapon_ID,roundNum,Match_ID) VALUES ('Kill_ID_2611','Player_ID_165','Stinger',3,'Match_ID_60');
INSERT INTO Killer(Kill_ID,Killer_ID,Weapon_ID,roundNum,Match_ID) VALUES ('Kill_ID_2612','Player_ID_53','Operator',4,'Match_ID_58');
INSERT INTO Killer(Kill_ID,Killer_ID,Weapon_ID,roundNum,Match_ID) VALUES ('Kill_ID_2613','Player_ID_119','Stinger',1,'Match_ID_195');
INSERT INTO Killer(Kill_ID,Killer_ID,Weapon_ID,roundNum,Match_ID) VALUES ('Kill_ID_2614','Player_ID_208','Guardian',2,'Match_ID_198');
INSERT INTO Killer(Kill_ID,Killer_ID,Weapon_ID,roundNum,Match_ID) VALUES ('Kill_ID_2615','Player_ID_129','Marshal',7,'Match_ID_167');
INSERT INTO Killer(Kill_ID,Killer_ID,Weapon_ID,roundNum,Match_ID) VALUES ('Kill_ID_2616','Player_ID_128','Ghost',5,'Match_ID_187');
INSERT INTO Killer(Kill_ID,Killer_ID,Weapon_ID,roundNum,Match_ID) VALUES ('Kill_ID_2617','Player_ID_193','Guardian',6,'Match_ID_218');
INSERT INTO Killer(Kill_ID,Killer_ID,Weapon_ID,roundNum,Match_ID) VALUES ('Kill_ID_2618','Player_ID_184','Spectre',8,'Match_ID_130');
INSERT INTO Killer(Kill_ID,Killer_ID,Weapon_ID,roundNum,Match_ID) VALUES ('Kill_ID_2619','Player_ID_30','Spectre',1,'Match_ID_12');
INSERT INTO Killer(Kill_ID,Killer_ID,Weapon_ID,roundNum,Match_ID) VALUES ('Kill_ID_2620','Player_ID_171','Stinger',8,'Match_ID_96');
INSERT INTO Killer(Kill_ID,Killer_ID,Weapon_ID,roundNum,Match_ID) VALUES ('Kill_ID_2621','Player_ID_69','Operator',3,'Match_ID_200');
INSERT INTO Killer(Kill_ID,Killer_ID,Weapon_ID,roundNum,Match_ID) VALUES ('Kill_ID_2622','Player_ID_52','Spectre',6,'Match_ID_85');
INSERT INTO Killer(Kill_ID,Killer_ID,Weapon_ID,roundNum,Match_ID) VALUES ('Kill_ID_2623','Player_ID_167','Marshal',3,'Match_ID_90');
INSERT INTO Killer(Kill_ID,Killer_ID,Weapon_ID,roundNum,Match_ID) VALUES ('Kill_ID_2624','Player_ID_52','Sheriff',1,'Match_ID_229');
INSERT INTO Killer(Kill_ID,Killer_ID,Weapon_ID,roundNum,Match_ID) VALUES ('Kill_ID_2625','Player_ID_97','Bulldog',4,'Match_ID_177');
INSERT INTO Killer(Kill_ID,Killer_ID,Weapon_ID,roundNum,Match_ID) VALUES ('Kill_ID_2626','Player_ID_36','Marshal',4,'Match_ID_9');
INSERT INTO Killer(Kill_ID,Killer_ID,Weapon_ID,roundNum,Match_ID) VALUES ('Kill_ID_2627','Player_ID_171','Classic',1,'Match_ID_137');
INSERT INTO Killer(Kill_ID,Killer_ID,Weapon_ID,roundNum,Match_ID) VALUES ('Kill_ID_2628','Player_ID_55','Phantom',4,'Match_ID_92');
INSERT INTO Killer(Kill_ID,Killer_ID,Weapon_ID,roundNum,Match_ID) VALUES ('Kill_ID_2629','Player_ID_74','Ares',2,'Match_ID_8');
INSERT INTO Killer(Kill_ID,Killer_ID,Weapon_ID,roundNum,Match_ID) VALUES ('Kill_ID_2630','Player_ID_74','Frenzy',4,'Match_ID_145');
INSERT INTO Killer(Kill_ID,Killer_ID,Weapon_ID,roundNum,Match_ID) VALUES ('Kill_ID_2631','Player_ID_145','Spectre',3,'Match_ID_130');
INSERT INTO Killer(Kill_ID,Killer_ID,Weapon_ID,roundNum,Match_ID) VALUES ('Kill_ID_2632','Player_ID_118','Marshal',5,'Match_ID_148');
INSERT INTO Killer(Kill_ID,Killer_ID,Weapon_ID,roundNum,Match_ID) VALUES ('Kill_ID_2633','Player_ID_32','Vandal',3,'Match_ID_211');
INSERT INTO Killer(Kill_ID,Killer_ID,Weapon_ID,roundNum,Match_ID) VALUES ('Kill_ID_2634','Player_ID_150','Ghost',4,'Match_ID_33');
INSERT INTO Killer(Kill_ID,Killer_ID,Weapon_ID,roundNum,Match_ID) VALUES ('Kill_ID_2635','Player_ID_172','Odin',5,'Match_ID_200');
INSERT INTO Killer(Kill_ID,Killer_ID,Weapon_ID,roundNum,Match_ID) VALUES ('Kill_ID_2636','Player_ID_76','Bucky',4,'Match_ID_185');
INSERT INTO Killer(Kill_ID,Killer_ID,Weapon_ID,roundNum,Match_ID) VALUES ('Kill_ID_2637','Player_ID_11','Classic',6,'Match_ID_87');
INSERT INTO Killer(Kill_ID,Killer_ID,Weapon_ID,roundNum,Match_ID) VALUES ('Kill_ID_2638','Player_ID_170','Vandal',6,'Match_ID_19');
INSERT INTO Killer(Kill_ID,Killer_ID,Weapon_ID,roundNum,Match_ID) VALUES ('Kill_ID_2639','Player_ID_83','Judge',7,'Match_ID_188');
INSERT INTO Killer(Kill_ID,Killer_ID,Weapon_ID,roundNum,Match_ID) VALUES ('Kill_ID_2640','Player_ID_90','Classic',3,'Match_ID_210');
INSERT INTO Killer(Kill_ID,Killer_ID,Weapon_ID,roundNum,Match_ID) VALUES ('Kill_ID_2641','Player_ID_8','Odin',5,'Match_ID_206');
INSERT INTO Killer(Kill_ID,Killer_ID,Weapon_ID,roundNum,Match_ID) VALUES ('Kill_ID_2642','Player_ID_183','Guardian',5,'Match_ID_179');
INSERT INTO Killer(Kill_ID,Killer_ID,Weapon_ID,roundNum,Match_ID) VALUES ('Kill_ID_2643','Player_ID_94','Odin',2,'Match_ID_115');
INSERT INTO Killer(Kill_ID,Killer_ID,Weapon_ID,roundNum,Match_ID) VALUES ('Kill_ID_2644','Player_ID_208','Sheriff',4,'Match_ID_180');
INSERT INTO Killer(Kill_ID,Killer_ID,Weapon_ID,roundNum,Match_ID) VALUES ('Kill_ID_2645','Player_ID_22','Marshal',7,'Match_ID_159');
INSERT INTO Killer(Kill_ID,Killer_ID,Weapon_ID,roundNum,Match_ID) VALUES ('Kill_ID_2646','Player_ID_89','Ghost',8,'Match_ID_108');
INSERT INTO Killer(Kill_ID,Killer_ID,Weapon_ID,roundNum,Match_ID) VALUES ('Kill_ID_2647','Player_ID_150','Ghost',6,'Match_ID_75');
INSERT INTO Killer(Kill_ID,Killer_ID,Weapon_ID,roundNum,Match_ID) VALUES ('Kill_ID_2648','Player_ID_25','Bulldog',2,'Match_ID_22');
INSERT INTO Killer(Kill_ID,Killer_ID,Weapon_ID,roundNum,Match_ID) VALUES ('Kill_ID_2649','Player_ID_204','Stinger',4,'Match_ID_187');
INSERT INTO Killer(Kill_ID,Killer_ID,Weapon_ID,roundNum,Match_ID) VALUES ('Kill_ID_2650','Player_ID_7','Operator',3,'Match_ID_26');
INSERT INTO Killer(Kill_ID,Killer_ID,Weapon_ID,roundNum,Match_ID) VALUES ('Kill_ID_2651','Player_ID_24','Stinger',8,'Match_ID_178');
INSERT INTO Killer(Kill_ID,Killer_ID,Weapon_ID,roundNum,Match_ID) VALUES ('Kill_ID_2652','Player_ID_48','Phantom',8,'Match_ID_186');
INSERT INTO Killer(Kill_ID,Killer_ID,Weapon_ID,roundNum,Match_ID) VALUES ('Kill_ID_2653','Player_ID_205','Odin',4,'Match_ID_97');
INSERT INTO Killer(Kill_ID,Killer_ID,Weapon_ID,roundNum,Match_ID) VALUES ('Kill_ID_2654','Player_ID_47','Shorty',8,'Match_ID_116');
INSERT INTO Killer(Kill_ID,Killer_ID,Weapon_ID,roundNum,Match_ID) VALUES ('Kill_ID_2655','Player_ID_31','Bucky',1,'Match_ID_100');
INSERT INTO Killer(Kill_ID,Killer_ID,Weapon_ID,roundNum,Match_ID) VALUES ('Kill_ID_2656','Player_ID_224','Bucky',7,'Match_ID_186');
INSERT INTO Killer(Kill_ID,Killer_ID,Weapon_ID,roundNum,Match_ID) VALUES ('Kill_ID_2657','Player_ID_173','Sheriff',6,'Match_ID_34');
INSERT INTO Killer(Kill_ID,Killer_ID,Weapon_ID,roundNum,Match_ID) VALUES ('Kill_ID_2658','Player_ID_164','Ghost',2,'Match_ID_144');
INSERT INTO Killer(Kill_ID,Killer_ID,Weapon_ID,roundNum,Match_ID) VALUES ('Kill_ID_2659','Player_ID_162','Marshal',4,'Match_ID_64');
INSERT INTO Killer(Kill_ID,Killer_ID,Weapon_ID,roundNum,Match_ID) VALUES ('Kill_ID_2660','Player_ID_51','Sheriff',4,'Match_ID_181');
INSERT INTO Killer(Kill_ID,Killer_ID,Weapon_ID,roundNum,Match_ID) VALUES ('Kill_ID_2661','Player_ID_26','Odin',4,'Match_ID_139');
INSERT INTO Killer(Kill_ID,Killer_ID,Weapon_ID,roundNum,Match_ID) VALUES ('Kill_ID_2662','Player_ID_142','Sheriff',5,'Match_ID_55');
INSERT INTO Killer(Kill_ID,Killer_ID,Weapon_ID,roundNum,Match_ID) VALUES ('Kill_ID_2663','Player_ID_87','Ghost',5,'Match_ID_47');
INSERT INTO Killer(Kill_ID,Killer_ID,Weapon_ID,roundNum,Match_ID) VALUES ('Kill_ID_2664','Player_ID_10','Classic',2,'Match_ID_141');
INSERT INTO Killer(Kill_ID,Killer_ID,Weapon_ID,roundNum,Match_ID) VALUES ('Kill_ID_2665','Player_ID_103','Vandal',5,'Match_ID_56');
INSERT INTO Killer(Kill_ID,Killer_ID,Weapon_ID,roundNum,Match_ID) VALUES ('Kill_ID_2666','Player_ID_24','Ares',5,'Match_ID_222');
INSERT INTO Killer(Kill_ID,Killer_ID,Weapon_ID,roundNum,Match_ID) VALUES ('Kill_ID_2667','Player_ID_45','Ares',4,'Match_ID_199');
INSERT INTO Killer(Kill_ID,Killer_ID,Weapon_ID,roundNum,Match_ID) VALUES ('Kill_ID_2668','Player_ID_85','Stinger',3,'Match_ID_37');
INSERT INTO Killer(Kill_ID,Killer_ID,Weapon_ID,roundNum,Match_ID) VALUES ('Kill_ID_2669','Player_ID_148','Classic',4,'Match_ID_179');
INSERT INTO Killer(Kill_ID,Killer_ID,Weapon_ID,roundNum,Match_ID) VALUES ('Kill_ID_2670','Player_ID_78','Ares',4,'Match_ID_114');
INSERT INTO Killer(Kill_ID,Killer_ID,Weapon_ID,roundNum,Match_ID) VALUES ('Kill_ID_2671','Player_ID_69','Guardian',5,'Match_ID_77');
INSERT INTO Killer(Kill_ID,Killer_ID,Weapon_ID,roundNum,Match_ID) VALUES ('Kill_ID_2672','Player_ID_62','Bucky',7,'Match_ID_27');
INSERT INTO Killer(Kill_ID,Killer_ID,Weapon_ID,roundNum,Match_ID) VALUES ('Kill_ID_2673','Player_ID_186','Guardian',1,'Match_ID_100');
INSERT INTO Killer(Kill_ID,Killer_ID,Weapon_ID,roundNum,Match_ID) VALUES ('Kill_ID_2674','Player_ID_131','Frenzy',6,'Match_ID_25');
INSERT INTO Killer(Kill_ID,Killer_ID,Weapon_ID,roundNum,Match_ID) VALUES ('Kill_ID_2675','Player_ID_150','Sheriff',5,'Match_ID_105');
INSERT INTO Killer(Kill_ID,Killer_ID,Weapon_ID,roundNum,Match_ID) VALUES ('Kill_ID_2676','Player_ID_9','Ares',7,'Match_ID_42');
INSERT INTO Killer(Kill_ID,Killer_ID,Weapon_ID,roundNum,Match_ID) VALUES ('Kill_ID_2677','Player_ID_3','Marshal',1,'Match_ID_244');
INSERT INTO Killer(Kill_ID,Killer_ID,Weapon_ID,roundNum,Match_ID) VALUES ('Kill_ID_2678','Player_ID_158','Bucky',3,'Match_ID_10');
INSERT INTO Killer(Kill_ID,Killer_ID,Weapon_ID,roundNum,Match_ID) VALUES ('Kill_ID_2679','Player_ID_144','Shorty',8,'Match_ID_235');
INSERT INTO Killer(Kill_ID,Killer_ID,Weapon_ID,roundNum,Match_ID) VALUES ('Kill_ID_2680','Player_ID_65','Marshal',2,'Match_ID_93');
INSERT INTO Killer(Kill_ID,Killer_ID,Weapon_ID,roundNum,Match_ID) VALUES ('Kill_ID_2681','Player_ID_26','Ghost',7,'Match_ID_136');
INSERT INTO Killer(Kill_ID,Killer_ID,Weapon_ID,roundNum,Match_ID) VALUES ('Kill_ID_2682','Player_ID_49','Guardian',6,'Match_ID_121');
INSERT INTO Killer(Kill_ID,Killer_ID,Weapon_ID,roundNum,Match_ID) VALUES ('Kill_ID_2683','Player_ID_49','Shorty',5,'Match_ID_218');
INSERT INTO Killer(Kill_ID,Killer_ID,Weapon_ID,roundNum,Match_ID) VALUES ('Kill_ID_2684','Player_ID_59','Operator',6,'Match_ID_192');
INSERT INTO Killer(Kill_ID,Killer_ID,Weapon_ID,roundNum,Match_ID) VALUES ('Kill_ID_2685','Player_ID_40','Ghost',5,'Match_ID_217');
INSERT INTO Killer(Kill_ID,Killer_ID,Weapon_ID,roundNum,Match_ID) VALUES ('Kill_ID_2686','Player_ID_87','Marshal',2,'Match_ID_243');
INSERT INTO Killer(Kill_ID,Killer_ID,Weapon_ID,roundNum,Match_ID) VALUES ('Kill_ID_2687','Player_ID_46','Guardian',5,'Match_ID_13');
INSERT INTO Killer(Kill_ID,Killer_ID,Weapon_ID,roundNum,Match_ID) VALUES ('Kill_ID_2688','Player_ID_190','Sheriff',5,'Match_ID_30');
INSERT INTO Killer(Kill_ID,Killer_ID,Weapon_ID,roundNum,Match_ID) VALUES ('Kill_ID_2689','Player_ID_82','Odin',1,'Match_ID_131');
INSERT INTO Killer(Kill_ID,Killer_ID,Weapon_ID,roundNum,Match_ID) VALUES ('Kill_ID_2690','Player_ID_2','Guardian',6,'Match_ID_229');
INSERT INTO Killer(Kill_ID,Killer_ID,Weapon_ID,roundNum,Match_ID) VALUES ('Kill_ID_2691','Player_ID_160','Classic',6,'Match_ID_175');
INSERT INTO Killer(Kill_ID,Killer_ID,Weapon_ID,roundNum,Match_ID) VALUES ('Kill_ID_2692','Player_ID_45','Spectre',6,'Match_ID_173');
INSERT INTO Killer(Kill_ID,Killer_ID,Weapon_ID,roundNum,Match_ID) VALUES ('Kill_ID_2693','Player_ID_83','Ghost',6,'Match_ID_133');
INSERT INTO Killer(Kill_ID,Killer_ID,Weapon_ID,roundNum,Match_ID) VALUES ('Kill_ID_2694','Player_ID_2','Marshal',3,'Match_ID_179');
INSERT INTO Killer(Kill_ID,Killer_ID,Weapon_ID,roundNum,Match_ID) VALUES ('Kill_ID_2695','Player_ID_30','Ghost',3,'Match_ID_102');
INSERT INTO Killer(Kill_ID,Killer_ID,Weapon_ID,roundNum,Match_ID) VALUES ('Kill_ID_2696','Player_ID_169','Judge',3,'Match_ID_185');
INSERT INTO Killer(Kill_ID,Killer_ID,Weapon_ID,roundNum,Match_ID) VALUES ('Kill_ID_2697','Player_ID_24','Classic',7,'Match_ID_110');
INSERT INTO Killer(Kill_ID,Killer_ID,Weapon_ID,roundNum,Match_ID) VALUES ('Kill_ID_2698','Player_ID_191','Vandal',2,'Match_ID_114');
INSERT INTO Killer(Kill_ID,Killer_ID,Weapon_ID,roundNum,Match_ID) VALUES ('Kill_ID_2699','Player_ID_149','Bulldog',2,'Match_ID_18');
INSERT INTO Killer(Kill_ID,Killer_ID,Weapon_ID,roundNum,Match_ID) VALUES ('Kill_ID_2700','Player_ID_93','Spectre',7,'Match_ID_149');
INSERT INTO Killer(Kill_ID,Killer_ID,Weapon_ID,roundNum,Match_ID) VALUES ('Kill_ID_2701','Player_ID_70','Judge',7,'Match_ID_214');
INSERT INTO Killer(Kill_ID,Killer_ID,Weapon_ID,roundNum,Match_ID) VALUES ('Kill_ID_2702','Player_ID_57','Operator',1,'Match_ID_41');
INSERT INTO Killer(Kill_ID,Killer_ID,Weapon_ID,roundNum,Match_ID) VALUES ('Kill_ID_2703','Player_ID_206','Operator',3,'Match_ID_248');
INSERT INTO Killer(Kill_ID,Killer_ID,Weapon_ID,roundNum,Match_ID) VALUES ('Kill_ID_2704','Player_ID_25','Frenzy',5,'Match_ID_40');
INSERT INTO Killer(Kill_ID,Killer_ID,Weapon_ID,roundNum,Match_ID) VALUES ('Kill_ID_2705','Player_ID_196','Classic',2,'Match_ID_235');
INSERT INTO Killer(Kill_ID,Killer_ID,Weapon_ID,roundNum,Match_ID) VALUES ('Kill_ID_2706','Player_ID_219','Guardian',2,'Match_ID_69');
INSERT INTO Killer(Kill_ID,Killer_ID,Weapon_ID,roundNum,Match_ID) VALUES ('Kill_ID_2707','Player_ID_139','Sheriff',7,'Match_ID_121');
INSERT INTO Killer(Kill_ID,Killer_ID,Weapon_ID,roundNum,Match_ID) VALUES ('Kill_ID_2708','Player_ID_105','Bucky',7,'Match_ID_168');
INSERT INTO Killer(Kill_ID,Killer_ID,Weapon_ID,roundNum,Match_ID) VALUES ('Kill_ID_2709','Player_ID_5','Classic',5,'Match_ID_131');
INSERT INTO Killer(Kill_ID,Killer_ID,Weapon_ID,roundNum,Match_ID) VALUES ('Kill_ID_2710','Player_ID_76','Spectre',8,'Match_ID_219');
INSERT INTO Killer(Kill_ID,Killer_ID,Weapon_ID,roundNum,Match_ID) VALUES ('Kill_ID_2711','Player_ID_215','Classic',8,'Match_ID_193');
INSERT INTO Killer(Kill_ID,Killer_ID,Weapon_ID,roundNum,Match_ID) VALUES ('Kill_ID_2712','Player_ID_85','Shorty',1,'Match_ID_114');
INSERT INTO Killer(Kill_ID,Killer_ID,Weapon_ID,roundNum,Match_ID) VALUES ('Kill_ID_2713','Player_ID_80','Ghost',8,'Match_ID_105');
INSERT INTO Killer(Kill_ID,Killer_ID,Weapon_ID,roundNum,Match_ID) VALUES ('Kill_ID_2714','Player_ID_225','Judge',6,'Match_ID_83');
INSERT INTO Killer(Kill_ID,Killer_ID,Weapon_ID,roundNum,Match_ID) VALUES ('Kill_ID_2715','Player_ID_143','Ghost',4,'Match_ID_203');
INSERT INTO Killer(Kill_ID,Killer_ID,Weapon_ID,roundNum,Match_ID) VALUES ('Kill_ID_2716','Player_ID_41','Bulldog',7,'Match_ID_131');
INSERT INTO Killer(Kill_ID,Killer_ID,Weapon_ID,roundNum,Match_ID) VALUES ('Kill_ID_2717','Player_ID_86','Marshal',3,'Match_ID_181');
INSERT INTO Killer(Kill_ID,Killer_ID,Weapon_ID,roundNum,Match_ID) VALUES ('Kill_ID_2718','Player_ID_117','Vandal',2,'Match_ID_40');
INSERT INTO Killer(Kill_ID,Killer_ID,Weapon_ID,roundNum,Match_ID) VALUES ('Kill_ID_2719','Player_ID_215','Bulldog',1,'Match_ID_143');
INSERT INTO Killer(Kill_ID,Killer_ID,Weapon_ID,roundNum,Match_ID) VALUES ('Kill_ID_2720','Player_ID_103','Judge',1,'Match_ID_72');
INSERT INTO Killer(Kill_ID,Killer_ID,Weapon_ID,roundNum,Match_ID) VALUES ('Kill_ID_2721','Player_ID_77','Sheriff',4,'Match_ID_117');
INSERT INTO Killer(Kill_ID,Killer_ID,Weapon_ID,roundNum,Match_ID) VALUES ('Kill_ID_2722','Player_ID_44','Bucky',2,'Match_ID_205');
INSERT INTO Killer(Kill_ID,Killer_ID,Weapon_ID,roundNum,Match_ID) VALUES ('Kill_ID_2723','Player_ID_21','Odin',4,'Match_ID_176');
INSERT INTO Killer(Kill_ID,Killer_ID,Weapon_ID,roundNum,Match_ID) VALUES ('Kill_ID_2724','Player_ID_115','Vandal',5,'Match_ID_235');
INSERT INTO Killer(Kill_ID,Killer_ID,Weapon_ID,roundNum,Match_ID) VALUES ('Kill_ID_2725','Player_ID_225','Operator',4,'Match_ID_218');
INSERT INTO Killer(Kill_ID,Killer_ID,Weapon_ID,roundNum,Match_ID) VALUES ('Kill_ID_2726','Player_ID_215','Bucky',7,'Match_ID_233');
INSERT INTO Killer(Kill_ID,Killer_ID,Weapon_ID,roundNum,Match_ID) VALUES ('Kill_ID_2727','Player_ID_99','Sheriff',8,'Match_ID_203');
INSERT INTO Killer(Kill_ID,Killer_ID,Weapon_ID,roundNum,Match_ID) VALUES ('Kill_ID_2728','Player_ID_180','Odin',3,'Match_ID_6');
INSERT INTO Killer(Kill_ID,Killer_ID,Weapon_ID,roundNum,Match_ID) VALUES ('Kill_ID_2729','Player_ID_219','Frenzy',4,'Match_ID_165');
INSERT INTO Killer(Kill_ID,Killer_ID,Weapon_ID,roundNum,Match_ID) VALUES ('Kill_ID_2730','Player_ID_178','Operator',2,'Match_ID_15');
INSERT INTO Killer(Kill_ID,Killer_ID,Weapon_ID,roundNum,Match_ID) VALUES ('Kill_ID_2731','Player_ID_59','Stinger',7,'Match_ID_20');
INSERT INTO Killer(Kill_ID,Killer_ID,Weapon_ID,roundNum,Match_ID) VALUES ('Kill_ID_2732','Player_ID_199','Stinger',8,'Match_ID_42');
INSERT INTO Killer(Kill_ID,Killer_ID,Weapon_ID,roundNum,Match_ID) VALUES ('Kill_ID_2733','Player_ID_200','Marshal',4,'Match_ID_131');
INSERT INTO Killer(Kill_ID,Killer_ID,Weapon_ID,roundNum,Match_ID) VALUES ('Kill_ID_2734','Player_ID_200','Operator',3,'Match_ID_1');
INSERT INTO Killer(Kill_ID,Killer_ID,Weapon_ID,roundNum,Match_ID) VALUES ('Kill_ID_2735','Player_ID_35','Vandal',2,'Match_ID_131');
INSERT INTO Killer(Kill_ID,Killer_ID,Weapon_ID,roundNum,Match_ID) VALUES ('Kill_ID_2736','Player_ID_218','Classic',3,'Match_ID_108');
INSERT INTO Killer(Kill_ID,Killer_ID,Weapon_ID,roundNum,Match_ID) VALUES ('Kill_ID_2737','Player_ID_27','Marshal',3,'Match_ID_135');
INSERT INTO Killer(Kill_ID,Killer_ID,Weapon_ID,roundNum,Match_ID) VALUES ('Kill_ID_2738','Player_ID_23','Judge',3,'Match_ID_228');
INSERT INTO Killer(Kill_ID,Killer_ID,Weapon_ID,roundNum,Match_ID) VALUES ('Kill_ID_2739','Player_ID_60','Judge',1,'Match_ID_239');
INSERT INTO Killer(Kill_ID,Killer_ID,Weapon_ID,roundNum,Match_ID) VALUES ('Kill_ID_2740','Player_ID_164','Spectre',3,'Match_ID_189');
INSERT INTO Killer(Kill_ID,Killer_ID,Weapon_ID,roundNum,Match_ID) VALUES ('Kill_ID_2741','Player_ID_130','Vandal',1,'Match_ID_9');
INSERT INTO Killer(Kill_ID,Killer_ID,Weapon_ID,roundNum,Match_ID) VALUES ('Kill_ID_2742','Player_ID_110','Judge',4,'Match_ID_179');
INSERT INTO Killer(Kill_ID,Killer_ID,Weapon_ID,roundNum,Match_ID) VALUES ('Kill_ID_2743','Player_ID_166','Classic',4,'Match_ID_167');
INSERT INTO Killer(Kill_ID,Killer_ID,Weapon_ID,roundNum,Match_ID) VALUES ('Kill_ID_2744','Player_ID_12','Bulldog',7,'Match_ID_209');
INSERT INTO Killer(Kill_ID,Killer_ID,Weapon_ID,roundNum,Match_ID) VALUES ('Kill_ID_2745','Player_ID_80','Operator',4,'Match_ID_32');
INSERT INTO Killer(Kill_ID,Killer_ID,Weapon_ID,roundNum,Match_ID) VALUES ('Kill_ID_2746','Player_ID_111','Shorty',4,'Match_ID_1');
INSERT INTO Killer(Kill_ID,Killer_ID,Weapon_ID,roundNum,Match_ID) VALUES ('Kill_ID_2747','Player_ID_65','Vandal',3,'Match_ID_246');
INSERT INTO Killer(Kill_ID,Killer_ID,Weapon_ID,roundNum,Match_ID) VALUES ('Kill_ID_2748','Player_ID_113','Operator',8,'Match_ID_173');
INSERT INTO Killer(Kill_ID,Killer_ID,Weapon_ID,roundNum,Match_ID) VALUES ('Kill_ID_2749','Player_ID_138','Odin',3,'Match_ID_54');
INSERT INTO Killer(Kill_ID,Killer_ID,Weapon_ID,roundNum,Match_ID) VALUES ('Kill_ID_2750','Player_ID_105','Marshal',6,'Match_ID_108');
INSERT INTO Killer(Kill_ID,Killer_ID,Weapon_ID,roundNum,Match_ID) VALUES ('Kill_ID_2751','Player_ID_121','Judge',7,'Match_ID_148');
INSERT INTO Killer(Kill_ID,Killer_ID,Weapon_ID,roundNum,Match_ID) VALUES ('Kill_ID_2752','Player_ID_90','Guardian',2,'Match_ID_177');
INSERT INTO Killer(Kill_ID,Killer_ID,Weapon_ID,roundNum,Match_ID) VALUES ('Kill_ID_2753','Player_ID_22','Vandal',7,'Match_ID_116');
INSERT INTO Killer(Kill_ID,Killer_ID,Weapon_ID,roundNum,Match_ID) VALUES ('Kill_ID_2754','Player_ID_3','Classic',5,'Match_ID_23');
INSERT INTO Killer(Kill_ID,Killer_ID,Weapon_ID,roundNum,Match_ID) VALUES ('Kill_ID_2755','Player_ID_69','Bucky',8,'Match_ID_125');
INSERT INTO Killer(Kill_ID,Killer_ID,Weapon_ID,roundNum,Match_ID) VALUES ('Kill_ID_2756','Player_ID_46','Ghost',2,'Match_ID_204');
INSERT INTO Killer(Kill_ID,Killer_ID,Weapon_ID,roundNum,Match_ID) VALUES ('Kill_ID_2757','Player_ID_138','Operator',1,'Match_ID_51');
INSERT INTO Killer(Kill_ID,Killer_ID,Weapon_ID,roundNum,Match_ID) VALUES ('Kill_ID_2758','Player_ID_197','Judge',8,'Match_ID_90');
INSERT INTO Killer(Kill_ID,Killer_ID,Weapon_ID,roundNum,Match_ID) VALUES ('Kill_ID_2759','Player_ID_49','Bulldog',8,'Match_ID_183');
INSERT INTO Killer(Kill_ID,Killer_ID,Weapon_ID,roundNum,Match_ID) VALUES ('Kill_ID_2760','Player_ID_12','Shorty',2,'Match_ID_46');
INSERT INTO Killer(Kill_ID,Killer_ID,Weapon_ID,roundNum,Match_ID) VALUES ('Kill_ID_2761','Player_ID_152','Operator',5,'Match_ID_249');
INSERT INTO Killer(Kill_ID,Killer_ID,Weapon_ID,roundNum,Match_ID) VALUES ('Kill_ID_2762','Player_ID_92','Judge',1,'Match_ID_93');
INSERT INTO Killer(Kill_ID,Killer_ID,Weapon_ID,roundNum,Match_ID) VALUES ('Kill_ID_2763','Player_ID_154','Ghost',4,'Match_ID_121');
INSERT INTO Killer(Kill_ID,Killer_ID,Weapon_ID,roundNum,Match_ID) VALUES ('Kill_ID_2764','Player_ID_58','Judge',7,'Match_ID_67');
INSERT INTO Killer(Kill_ID,Killer_ID,Weapon_ID,roundNum,Match_ID) VALUES ('Kill_ID_2765','Player_ID_169','Judge',6,'Match_ID_155');
INSERT INTO Killer(Kill_ID,Killer_ID,Weapon_ID,roundNum,Match_ID) VALUES ('Kill_ID_2766','Player_ID_83','Stinger',1,'Match_ID_74');
INSERT INTO Killer(Kill_ID,Killer_ID,Weapon_ID,roundNum,Match_ID) VALUES ('Kill_ID_2767','Player_ID_187','Classic',3,'Match_ID_167');
INSERT INTO Killer(Kill_ID,Killer_ID,Weapon_ID,roundNum,Match_ID) VALUES ('Kill_ID_2768','Player_ID_202','Frenzy',3,'Match_ID_245');
INSERT INTO Killer(Kill_ID,Killer_ID,Weapon_ID,roundNum,Match_ID) VALUES ('Kill_ID_2769','Player_ID_33','Shorty',1,'Match_ID_44');
INSERT INTO Killer(Kill_ID,Killer_ID,Weapon_ID,roundNum,Match_ID) VALUES ('Kill_ID_2770','Player_ID_14','Stinger',4,'Match_ID_79');
INSERT INTO Killer(Kill_ID,Killer_ID,Weapon_ID,roundNum,Match_ID) VALUES ('Kill_ID_2771','Player_ID_92','Ghost',8,'Match_ID_163');
INSERT INTO Killer(Kill_ID,Killer_ID,Weapon_ID,roundNum,Match_ID) VALUES ('Kill_ID_2772','Player_ID_181','Ghost',7,'Match_ID_108');
INSERT INTO Killer(Kill_ID,Killer_ID,Weapon_ID,roundNum,Match_ID) VALUES ('Kill_ID_2773','Player_ID_93','Odin',7,'Match_ID_12');
INSERT INTO Killer(Kill_ID,Killer_ID,Weapon_ID,roundNum,Match_ID) VALUES ('Kill_ID_2774','Player_ID_219','Classic',3,'Match_ID_138');
INSERT INTO Killer(Kill_ID,Killer_ID,Weapon_ID,roundNum,Match_ID) VALUES ('Kill_ID_2775','Player_ID_79','Vandal',6,'Match_ID_14');
INSERT INTO Killer(Kill_ID,Killer_ID,Weapon_ID,roundNum,Match_ID) VALUES ('Kill_ID_2776','Player_ID_180','Frenzy',8,'Match_ID_89');
INSERT INTO Killer(Kill_ID,Killer_ID,Weapon_ID,roundNum,Match_ID) VALUES ('Kill_ID_2777','Player_ID_99','Spectre',8,'Match_ID_156');
INSERT INTO Killer(Kill_ID,Killer_ID,Weapon_ID,roundNum,Match_ID) VALUES ('Kill_ID_2778','Player_ID_170','Stinger',3,'Match_ID_215');
INSERT INTO Killer(Kill_ID,Killer_ID,Weapon_ID,roundNum,Match_ID) VALUES ('Kill_ID_2779','Player_ID_132','Stinger',2,'Match_ID_57');
INSERT INTO Killer(Kill_ID,Killer_ID,Weapon_ID,roundNum,Match_ID) VALUES ('Kill_ID_2780','Player_ID_74','Judge',6,'Match_ID_3');
INSERT INTO Killer(Kill_ID,Killer_ID,Weapon_ID,roundNum,Match_ID) VALUES ('Kill_ID_2781','Player_ID_162','Guardian',5,'Match_ID_182');
INSERT INTO Killer(Kill_ID,Killer_ID,Weapon_ID,roundNum,Match_ID) VALUES ('Kill_ID_2782','Player_ID_143','Bucky',6,'Match_ID_111');
INSERT INTO Killer(Kill_ID,Killer_ID,Weapon_ID,roundNum,Match_ID) VALUES ('Kill_ID_2783','Player_ID_164','Shorty',2,'Match_ID_18');
INSERT INTO Killer(Kill_ID,Killer_ID,Weapon_ID,roundNum,Match_ID) VALUES ('Kill_ID_2784','Player_ID_86','Odin',3,'Match_ID_87');
INSERT INTO Killer(Kill_ID,Killer_ID,Weapon_ID,roundNum,Match_ID) VALUES ('Kill_ID_2785','Player_ID_205','Frenzy',3,'Match_ID_172');
INSERT INTO Killer(Kill_ID,Killer_ID,Weapon_ID,roundNum,Match_ID) VALUES ('Kill_ID_2786','Player_ID_7','Classic',5,'Match_ID_92');
INSERT INTO Killer(Kill_ID,Killer_ID,Weapon_ID,roundNum,Match_ID) VALUES ('Kill_ID_2787','Player_ID_73','Stinger',1,'Match_ID_227');
INSERT INTO Killer(Kill_ID,Killer_ID,Weapon_ID,roundNum,Match_ID) VALUES ('Kill_ID_2788','Player_ID_57','Spectre',2,'Match_ID_63');
INSERT INTO Killer(Kill_ID,Killer_ID,Weapon_ID,roundNum,Match_ID) VALUES ('Kill_ID_2789','Player_ID_87','Judge',8,'Match_ID_9');
INSERT INTO Killer(Kill_ID,Killer_ID,Weapon_ID,roundNum,Match_ID) VALUES ('Kill_ID_2790','Player_ID_95','Odin',7,'Match_ID_70');
INSERT INTO Killer(Kill_ID,Killer_ID,Weapon_ID,roundNum,Match_ID) VALUES ('Kill_ID_2791','Player_ID_191','Shorty',7,'Match_ID_114');
INSERT INTO Killer(Kill_ID,Killer_ID,Weapon_ID,roundNum,Match_ID) VALUES ('Kill_ID_2792','Player_ID_99','Bulldog',5,'Match_ID_170');
INSERT INTO Killer(Kill_ID,Killer_ID,Weapon_ID,roundNum,Match_ID) VALUES ('Kill_ID_2793','Player_ID_33','Vandal',7,'Match_ID_10');
INSERT INTO Killer(Kill_ID,Killer_ID,Weapon_ID,roundNum,Match_ID) VALUES ('Kill_ID_2794','Player_ID_97','Bulldog',8,'Match_ID_25');
INSERT INTO Killer(Kill_ID,Killer_ID,Weapon_ID,roundNum,Match_ID) VALUES ('Kill_ID_2795','Player_ID_65','Operator',4,'Match_ID_215');
INSERT INTO Killer(Kill_ID,Killer_ID,Weapon_ID,roundNum,Match_ID) VALUES ('Kill_ID_2796','Player_ID_180','Bucky',5,'Match_ID_98');
INSERT INTO Killer(Kill_ID,Killer_ID,Weapon_ID,roundNum,Match_ID) VALUES ('Kill_ID_2797','Player_ID_38','Sheriff',4,'Match_ID_75');
INSERT INTO Killer(Kill_ID,Killer_ID,Weapon_ID,roundNum,Match_ID) VALUES ('Kill_ID_2798','Player_ID_100','Ghost',1,'Match_ID_96');
INSERT INTO Killer(Kill_ID,Killer_ID,Weapon_ID,roundNum,Match_ID) VALUES ('Kill_ID_2799','Player_ID_82','Ghost',4,'Match_ID_250');
INSERT INTO Killer(Kill_ID,Killer_ID,Weapon_ID,roundNum,Match_ID) VALUES ('Kill_ID_2800','Player_ID_151','Spectre',2,'Match_ID_227');


-- Creating Weapons Table

DROP TABLE IF EXISTS Weapons;
CREATE TABLE Weapons(
   Weapon_ID VARCHAR(8) NOT NULL PRIMARY KEY
  ,Cost      INTEGER  NOT NULL
  ,Type      VARCHAR(7) NOT NULL
);
INSERT INTO Weapons(Weapon_ID,Cost,Type) VALUES ('Vandal',2900,'Rifle');
INSERT INTO Weapons(Weapon_ID,Cost,Type) VALUES ('Phantom',2900,'Rifle');
INSERT INTO Weapons(Weapon_ID,Cost,Type) VALUES ('Spectre',1600,'SMG');
INSERT INTO Weapons(Weapon_ID,Cost,Type) VALUES ('Ghost',500,'Sidearm');
INSERT INTO Weapons(Weapon_ID,Cost,Type) VALUES ('Classic', 200,'Sidearm');
INSERT INTO Weapons(Weapon_ID,Cost,Type) VALUES ('Sheriff',800,'Sidearm');
INSERT INTO Weapons(Weapon_ID,Cost,Type) VALUES ('Operator',4700,'Sniper');
INSERT INTO Weapons(Weapon_ID,Cost,Type) VALUES ('Odin',3200,'Heavy');
INSERT INTO Weapons(Weapon_ID,Cost,Type) VALUES ('Bulldog',2050,'Rifle');
INSERT INTO Weapons(Weapon_ID,Cost,Type) VALUES ('Guardian',2250,'Rifle');
INSERT INTO Weapons(Weapon_ID,Cost,Type) VALUES ('Marshal',950,'Sniper');
INSERT INTO Weapons(Weapon_ID,Cost,Type) VALUES ('Judge',1850,'Shotgun');
INSERT INTO Weapons(Weapon_ID,Cost,Type) VALUES ('Ares',1550,'Heavy');
INSERT INTO Weapons(Weapon_ID,Cost,Type) VALUES ('Stinger',950,'SMG');
INSERT INTO Weapons(Weapon_ID,Cost,Type) VALUES ('Shorty',150,'Sidearm');
INSERT INTO Weapons(Weapon_ID,Cost,Type) VALUES ('Bucky',850,'Shotgun');
INSERT INTO Weapons(Weapon_ID,Cost,Type) VALUES ('Knife',150,'Melee');


UPDATE Weapons
SET Cost = 200
WHERE Weapon_ID = 'Knife';

UPDATE Weapons
SET Cost = 200
WHERE Weapon_ID = 'Classic';

-- Create MatchTeam table

DROP TABLE IF EXISTS MatchTeam;
CREATE TABLE MatchTeam(
   MatchTeam_ID VARCHAR(18) NOT NULL PRIMARY KEY
  ,Match_ID     VARCHAR(18) NOT NULL
  ,Team_ID      VARCHAR(10) NOT NULL
  ,side         VARCHAR(4) NOT NULL
);
INSERT INTO MatchTeam(MatchTeam_ID,Match_ID,Team_ID,side) VALUES ('MatchTeam_ID_1','Match_ID_1','Team_ID_16','Red');
INSERT INTO MatchTeam(MatchTeam_ID,Match_ID,Team_ID,side) VALUES ('MatchTeam_ID_2','Match_ID_2','Team_ID_45','Red');
INSERT INTO MatchTeam(MatchTeam_ID,Match_ID,Team_ID,side) VALUES ('MatchTeam_ID_3','Match_ID_3','Team_ID_4','Red');
INSERT INTO MatchTeam(MatchTeam_ID,Match_ID,Team_ID,side) VALUES ('MatchTeam_ID_4','Match_ID_4','Team_ID_33','Red');
INSERT INTO MatchTeam(MatchTeam_ID,Match_ID,Team_ID,side) VALUES ('MatchTeam_ID_5','Match_ID_5','Team_ID_39','Red');
INSERT INTO MatchTeam(MatchTeam_ID,Match_ID,Team_ID,side) VALUES ('MatchTeam_ID_6','Match_ID_6','Team_ID_31','Red');
INSERT INTO MatchTeam(MatchTeam_ID,Match_ID,Team_ID,side) VALUES ('MatchTeam_ID_7','Match_ID_7','Team_ID_23','Red');
INSERT INTO MatchTeam(MatchTeam_ID,Match_ID,Team_ID,side) VALUES ('MatchTeam_ID_8','Match_ID_8','Team_ID_25','Red');
INSERT INTO MatchTeam(MatchTeam_ID,Match_ID,Team_ID,side) VALUES ('MatchTeam_ID_9','Match_ID_9','Team_ID_19','Red');
INSERT INTO MatchTeam(MatchTeam_ID,Match_ID,Team_ID,side) VALUES ('MatchTeam_ID_10','Match_ID_10','Team_ID_38','Red');
INSERT INTO MatchTeam(MatchTeam_ID,Match_ID,Team_ID,side) VALUES ('MatchTeam_ID_11','Match_ID_11','Team_ID_28','Red');
INSERT INTO MatchTeam(MatchTeam_ID,Match_ID,Team_ID,side) VALUES ('MatchTeam_ID_12','Match_ID_12','Team_ID_38','Red');
INSERT INTO MatchTeam(MatchTeam_ID,Match_ID,Team_ID,side) VALUES ('MatchTeam_ID_13','Match_ID_13','Team_ID_22','Red');
INSERT INTO MatchTeam(MatchTeam_ID,Match_ID,Team_ID,side) VALUES ('MatchTeam_ID_14','Match_ID_14','Team_ID_27','Red');
INSERT INTO MatchTeam(MatchTeam_ID,Match_ID,Team_ID,side) VALUES ('MatchTeam_ID_15','Match_ID_15','Team_ID_29','Red');
INSERT INTO MatchTeam(MatchTeam_ID,Match_ID,Team_ID,side) VALUES ('MatchTeam_ID_16','Match_ID_16','Team_ID_40','Red');
INSERT INTO MatchTeam(MatchTeam_ID,Match_ID,Team_ID,side) VALUES ('MatchTeam_ID_17','Match_ID_17','Team_ID_20','Red');
INSERT INTO MatchTeam(MatchTeam_ID,Match_ID,Team_ID,side) VALUES ('MatchTeam_ID_18','Match_ID_18','Team_ID_6','Red');
INSERT INTO MatchTeam(MatchTeam_ID,Match_ID,Team_ID,side) VALUES ('MatchTeam_ID_19','Match_ID_19','Team_ID_11','Red');
INSERT INTO MatchTeam(MatchTeam_ID,Match_ID,Team_ID,side) VALUES ('MatchTeam_ID_20','Match_ID_20','Team_ID_16','Red');
INSERT INTO MatchTeam(MatchTeam_ID,Match_ID,Team_ID,side) VALUES ('MatchTeam_ID_21','Match_ID_21','Team_ID_26','Red');
INSERT INTO MatchTeam(MatchTeam_ID,Match_ID,Team_ID,side) VALUES ('MatchTeam_ID_22','Match_ID_22','Team_ID_38','Red');
INSERT INTO MatchTeam(MatchTeam_ID,Match_ID,Team_ID,side) VALUES ('MatchTeam_ID_23','Match_ID_23','Team_ID_15','Red');
INSERT INTO MatchTeam(MatchTeam_ID,Match_ID,Team_ID,side) VALUES ('MatchTeam_ID_24','Match_ID_24','Team_ID_5','Red');
INSERT INTO MatchTeam(MatchTeam_ID,Match_ID,Team_ID,side) VALUES ('MatchTeam_ID_25','Match_ID_25','Team_ID_28','Red');
INSERT INTO MatchTeam(MatchTeam_ID,Match_ID,Team_ID,side) VALUES ('MatchTeam_ID_26','Match_ID_26','Team_ID_25','Red');
INSERT INTO MatchTeam(MatchTeam_ID,Match_ID,Team_ID,side) VALUES ('MatchTeam_ID_27','Match_ID_27','Team_ID_43','Red');
INSERT INTO MatchTeam(MatchTeam_ID,Match_ID,Team_ID,side) VALUES ('MatchTeam_ID_28','Match_ID_28','Team_ID_3','Red');
INSERT INTO MatchTeam(MatchTeam_ID,Match_ID,Team_ID,side) VALUES ('MatchTeam_ID_29','Match_ID_29','Team_ID_42','Red');
INSERT INTO MatchTeam(MatchTeam_ID,Match_ID,Team_ID,side) VALUES ('MatchTeam_ID_30','Match_ID_30','Team_ID_41','Red');
INSERT INTO MatchTeam(MatchTeam_ID,Match_ID,Team_ID,side) VALUES ('MatchTeam_ID_31','Match_ID_31','Team_ID_24','Red');
INSERT INTO MatchTeam(MatchTeam_ID,Match_ID,Team_ID,side) VALUES ('MatchTeam_ID_32','Match_ID_32','Team_ID_45','Red');
INSERT INTO MatchTeam(MatchTeam_ID,Match_ID,Team_ID,side) VALUES ('MatchTeam_ID_33','Match_ID_33','Team_ID_40','Red');
INSERT INTO MatchTeam(MatchTeam_ID,Match_ID,Team_ID,side) VALUES ('MatchTeam_ID_34','Match_ID_34','Team_ID_4','Red');
INSERT INTO MatchTeam(MatchTeam_ID,Match_ID,Team_ID,side) VALUES ('MatchTeam_ID_35','Match_ID_35','Team_ID_5','Red');
INSERT INTO MatchTeam(MatchTeam_ID,Match_ID,Team_ID,side) VALUES ('MatchTeam_ID_36','Match_ID_36','Team_ID_43','Red');
INSERT INTO MatchTeam(MatchTeam_ID,Match_ID,Team_ID,side) VALUES ('MatchTeam_ID_37','Match_ID_37','Team_ID_39','Red');
INSERT INTO MatchTeam(MatchTeam_ID,Match_ID,Team_ID,side) VALUES ('MatchTeam_ID_38','Match_ID_38','Team_ID_16','Red');
INSERT INTO MatchTeam(MatchTeam_ID,Match_ID,Team_ID,side) VALUES ('MatchTeam_ID_39','Match_ID_39','Team_ID_4','Red');
INSERT INTO MatchTeam(MatchTeam_ID,Match_ID,Team_ID,side) VALUES ('MatchTeam_ID_40','Match_ID_40','Team_ID_32','Red');
INSERT INTO MatchTeam(MatchTeam_ID,Match_ID,Team_ID,side) VALUES ('MatchTeam_ID_41','Match_ID_41','Team_ID_2','Red');
INSERT INTO MatchTeam(MatchTeam_ID,Match_ID,Team_ID,side) VALUES ('MatchTeam_ID_42','Match_ID_42','Team_ID_39','Red');
INSERT INTO MatchTeam(MatchTeam_ID,Match_ID,Team_ID,side) VALUES ('MatchTeam_ID_43','Match_ID_43','Team_ID_20','Red');
INSERT INTO MatchTeam(MatchTeam_ID,Match_ID,Team_ID,side) VALUES ('MatchTeam_ID_44','Match_ID_44','Team_ID_15','Red');
INSERT INTO MatchTeam(MatchTeam_ID,Match_ID,Team_ID,side) VALUES ('MatchTeam_ID_45','Match_ID_45','Team_ID_24','Red');
INSERT INTO MatchTeam(MatchTeam_ID,Match_ID,Team_ID,side) VALUES ('MatchTeam_ID_46','Match_ID_46','Team_ID_7','Red');
INSERT INTO MatchTeam(MatchTeam_ID,Match_ID,Team_ID,side) VALUES ('MatchTeam_ID_47','Match_ID_47','Team_ID_41','Red');
INSERT INTO MatchTeam(MatchTeam_ID,Match_ID,Team_ID,side) VALUES ('MatchTeam_ID_48','Match_ID_48','Team_ID_34','Red');
INSERT INTO MatchTeam(MatchTeam_ID,Match_ID,Team_ID,side) VALUES ('MatchTeam_ID_49','Match_ID_49','Team_ID_39','Red');
INSERT INTO MatchTeam(MatchTeam_ID,Match_ID,Team_ID,side) VALUES ('MatchTeam_ID_50','Match_ID_50','Team_ID_23','Red');
INSERT INTO MatchTeam(MatchTeam_ID,Match_ID,Team_ID,side) VALUES ('MatchTeam_ID_51','Match_ID_51','Team_ID_36','Red');
INSERT INTO MatchTeam(MatchTeam_ID,Match_ID,Team_ID,side) VALUES ('MatchTeam_ID_52','Match_ID_52','Team_ID_21','Red');
INSERT INTO MatchTeam(MatchTeam_ID,Match_ID,Team_ID,side) VALUES ('MatchTeam_ID_53','Match_ID_53','Team_ID_38','Red');
INSERT INTO MatchTeam(MatchTeam_ID,Match_ID,Team_ID,side) VALUES ('MatchTeam_ID_54','Match_ID_54','Team_ID_2','Red');
INSERT INTO MatchTeam(MatchTeam_ID,Match_ID,Team_ID,side) VALUES ('MatchTeam_ID_55','Match_ID_55','Team_ID_6','Red');
INSERT INTO MatchTeam(MatchTeam_ID,Match_ID,Team_ID,side) VALUES ('MatchTeam_ID_56','Match_ID_56','Team_ID_31','Red');
INSERT INTO MatchTeam(MatchTeam_ID,Match_ID,Team_ID,side) VALUES ('MatchTeam_ID_57','Match_ID_57','Team_ID_38','Red');
INSERT INTO MatchTeam(MatchTeam_ID,Match_ID,Team_ID,side) VALUES ('MatchTeam_ID_58','Match_ID_58','Team_ID_20','Red');
INSERT INTO MatchTeam(MatchTeam_ID,Match_ID,Team_ID,side) VALUES ('MatchTeam_ID_59','Match_ID_59','Team_ID_11','Red');
INSERT INTO MatchTeam(MatchTeam_ID,Match_ID,Team_ID,side) VALUES ('MatchTeam_ID_60','Match_ID_60','Team_ID_36','Red');
INSERT INTO MatchTeam(MatchTeam_ID,Match_ID,Team_ID,side) VALUES ('MatchTeam_ID_61','Match_ID_61','Team_ID_31','Red');
INSERT INTO MatchTeam(MatchTeam_ID,Match_ID,Team_ID,side) VALUES ('MatchTeam_ID_62','Match_ID_62','Team_ID_31','Red');
INSERT INTO MatchTeam(MatchTeam_ID,Match_ID,Team_ID,side) VALUES ('MatchTeam_ID_63','Match_ID_63','Team_ID_11','Red');
INSERT INTO MatchTeam(MatchTeam_ID,Match_ID,Team_ID,side) VALUES ('MatchTeam_ID_64','Match_ID_64','Team_ID_29','Red');
INSERT INTO MatchTeam(MatchTeam_ID,Match_ID,Team_ID,side) VALUES ('MatchTeam_ID_65','Match_ID_65','Team_ID_19','Red');
INSERT INTO MatchTeam(MatchTeam_ID,Match_ID,Team_ID,side) VALUES ('MatchTeam_ID_66','Match_ID_66','Team_ID_10','Red');
INSERT INTO MatchTeam(MatchTeam_ID,Match_ID,Team_ID,side) VALUES ('MatchTeam_ID_67','Match_ID_67','Team_ID_42','Red');
INSERT INTO MatchTeam(MatchTeam_ID,Match_ID,Team_ID,side) VALUES ('MatchTeam_ID_68','Match_ID_68','Team_ID_21','Red');
INSERT INTO MatchTeam(MatchTeam_ID,Match_ID,Team_ID,side) VALUES ('MatchTeam_ID_69','Match_ID_69','Team_ID_38','Red');
INSERT INTO MatchTeam(MatchTeam_ID,Match_ID,Team_ID,side) VALUES ('MatchTeam_ID_70','Match_ID_70','Team_ID_19','Red');
INSERT INTO MatchTeam(MatchTeam_ID,Match_ID,Team_ID,side) VALUES ('MatchTeam_ID_71','Match_ID_71','Team_ID_15','Red');
INSERT INTO MatchTeam(MatchTeam_ID,Match_ID,Team_ID,side) VALUES ('MatchTeam_ID_72','Match_ID_72','Team_ID_15','Red');
INSERT INTO MatchTeam(MatchTeam_ID,Match_ID,Team_ID,side) VALUES ('MatchTeam_ID_73','Match_ID_73','Team_ID_17','Red');
INSERT INTO MatchTeam(MatchTeam_ID,Match_ID,Team_ID,side) VALUES ('MatchTeam_ID_74','Match_ID_74','Team_ID_9','Red');
INSERT INTO MatchTeam(MatchTeam_ID,Match_ID,Team_ID,side) VALUES ('MatchTeam_ID_75','Match_ID_75','Team_ID_22','Red');
INSERT INTO MatchTeam(MatchTeam_ID,Match_ID,Team_ID,side) VALUES ('MatchTeam_ID_76','Match_ID_76','Team_ID_23','Red');
INSERT INTO MatchTeam(MatchTeam_ID,Match_ID,Team_ID,side) VALUES ('MatchTeam_ID_77','Match_ID_77','Team_ID_23','Red');
INSERT INTO MatchTeam(MatchTeam_ID,Match_ID,Team_ID,side) VALUES ('MatchTeam_ID_78','Match_ID_78','Team_ID_42','Red');
INSERT INTO MatchTeam(MatchTeam_ID,Match_ID,Team_ID,side) VALUES ('MatchTeam_ID_79','Match_ID_79','Team_ID_41','Red');
INSERT INTO MatchTeam(MatchTeam_ID,Match_ID,Team_ID,side) VALUES ('MatchTeam_ID_80','Match_ID_80','Team_ID_39','Red');
INSERT INTO MatchTeam(MatchTeam_ID,Match_ID,Team_ID,side) VALUES ('MatchTeam_ID_81','Match_ID_81','Team_ID_21','Red');
INSERT INTO MatchTeam(MatchTeam_ID,Match_ID,Team_ID,side) VALUES ('MatchTeam_ID_82','Match_ID_82','Team_ID_26','Red');
INSERT INTO MatchTeam(MatchTeam_ID,Match_ID,Team_ID,side) VALUES ('MatchTeam_ID_83','Match_ID_83','Team_ID_8','Red');
INSERT INTO MatchTeam(MatchTeam_ID,Match_ID,Team_ID,side) VALUES ('MatchTeam_ID_84','Match_ID_84','Team_ID_25','Red');
INSERT INTO MatchTeam(MatchTeam_ID,Match_ID,Team_ID,side) VALUES ('MatchTeam_ID_85','Match_ID_85','Team_ID_13','Red');
INSERT INTO MatchTeam(MatchTeam_ID,Match_ID,Team_ID,side) VALUES ('MatchTeam_ID_86','Match_ID_86','Team_ID_28','Red');
INSERT INTO MatchTeam(MatchTeam_ID,Match_ID,Team_ID,side) VALUES ('MatchTeam_ID_87','Match_ID_87','Team_ID_31','Red');
INSERT INTO MatchTeam(MatchTeam_ID,Match_ID,Team_ID,side) VALUES ('MatchTeam_ID_88','Match_ID_88','Team_ID_28','Red');
INSERT INTO MatchTeam(MatchTeam_ID,Match_ID,Team_ID,side) VALUES ('MatchTeam_ID_89','Match_ID_89','Team_ID_29','Red');
INSERT INTO MatchTeam(MatchTeam_ID,Match_ID,Team_ID,side) VALUES ('MatchTeam_ID_90','Match_ID_90','Team_ID_24','Red');
INSERT INTO MatchTeam(MatchTeam_ID,Match_ID,Team_ID,side) VALUES ('MatchTeam_ID_91','Match_ID_91','Team_ID_20','Red');
INSERT INTO MatchTeam(MatchTeam_ID,Match_ID,Team_ID,side) VALUES ('MatchTeam_ID_92','Match_ID_92','Team_ID_44','Red');
INSERT INTO MatchTeam(MatchTeam_ID,Match_ID,Team_ID,side) VALUES ('MatchTeam_ID_93','Match_ID_93','Team_ID_24','Red');
INSERT INTO MatchTeam(MatchTeam_ID,Match_ID,Team_ID,side) VALUES ('MatchTeam_ID_94','Match_ID_94','Team_ID_16','Red');
INSERT INTO MatchTeam(MatchTeam_ID,Match_ID,Team_ID,side) VALUES ('MatchTeam_ID_95','Match_ID_95','Team_ID_36','Red');
INSERT INTO MatchTeam(MatchTeam_ID,Match_ID,Team_ID,side) VALUES ('MatchTeam_ID_96','Match_ID_96','Team_ID_15','Red');
INSERT INTO MatchTeam(MatchTeam_ID,Match_ID,Team_ID,side) VALUES ('MatchTeam_ID_97','Match_ID_97','Team_ID_30','Red');
INSERT INTO MatchTeam(MatchTeam_ID,Match_ID,Team_ID,side) VALUES ('MatchTeam_ID_98','Match_ID_98','Team_ID_2','Red');
INSERT INTO MatchTeam(MatchTeam_ID,Match_ID,Team_ID,side) VALUES ('MatchTeam_ID_99','Match_ID_99','Team_ID_40','Red');
INSERT INTO MatchTeam(MatchTeam_ID,Match_ID,Team_ID,side) VALUES ('MatchTeam_ID_100','Match_ID_100','Team_ID_44','Red');
INSERT INTO MatchTeam(MatchTeam_ID,Match_ID,Team_ID,side) VALUES ('MatchTeam_ID_101','Match_ID_101','Team_ID_43','Red');
INSERT INTO MatchTeam(MatchTeam_ID,Match_ID,Team_ID,side) VALUES ('MatchTeam_ID_102','Match_ID_102','Team_ID_4','Red');
INSERT INTO MatchTeam(MatchTeam_ID,Match_ID,Team_ID,side) VALUES ('MatchTeam_ID_103','Match_ID_103','Team_ID_25','Red');
INSERT INTO MatchTeam(MatchTeam_ID,Match_ID,Team_ID,side) VALUES ('MatchTeam_ID_104','Match_ID_104','Team_ID_6','Red');
INSERT INTO MatchTeam(MatchTeam_ID,Match_ID,Team_ID,side) VALUES ('MatchTeam_ID_105','Match_ID_105','Team_ID_36','Red');
INSERT INTO MatchTeam(MatchTeam_ID,Match_ID,Team_ID,side) VALUES ('MatchTeam_ID_106','Match_ID_106','Team_ID_18','Red');
INSERT INTO MatchTeam(MatchTeam_ID,Match_ID,Team_ID,side) VALUES ('MatchTeam_ID_107','Match_ID_107','Team_ID_44','Red');
INSERT INTO MatchTeam(MatchTeam_ID,Match_ID,Team_ID,side) VALUES ('MatchTeam_ID_108','Match_ID_108','Team_ID_21','Red');
INSERT INTO MatchTeam(MatchTeam_ID,Match_ID,Team_ID,side) VALUES ('MatchTeam_ID_109','Match_ID_109','Team_ID_9','Red');
INSERT INTO MatchTeam(MatchTeam_ID,Match_ID,Team_ID,side) VALUES ('MatchTeam_ID_110','Match_ID_110','Team_ID_27','Red');
INSERT INTO MatchTeam(MatchTeam_ID,Match_ID,Team_ID,side) VALUES ('MatchTeam_ID_111','Match_ID_111','Team_ID_10','Red');
INSERT INTO MatchTeam(MatchTeam_ID,Match_ID,Team_ID,side) VALUES ('MatchTeam_ID_112','Match_ID_112','Team_ID_9','Red');
INSERT INTO MatchTeam(MatchTeam_ID,Match_ID,Team_ID,side) VALUES ('MatchTeam_ID_113','Match_ID_113','Team_ID_3','Red');
INSERT INTO MatchTeam(MatchTeam_ID,Match_ID,Team_ID,side) VALUES ('MatchTeam_ID_114','Match_ID_114','Team_ID_14','Red');
INSERT INTO MatchTeam(MatchTeam_ID,Match_ID,Team_ID,side) VALUES ('MatchTeam_ID_115','Match_ID_115','Team_ID_31','Red');
INSERT INTO MatchTeam(MatchTeam_ID,Match_ID,Team_ID,side) VALUES ('MatchTeam_ID_116','Match_ID_116','Team_ID_17','Red');
INSERT INTO MatchTeam(MatchTeam_ID,Match_ID,Team_ID,side) VALUES ('MatchTeam_ID_117','Match_ID_117','Team_ID_37','Red');
INSERT INTO MatchTeam(MatchTeam_ID,Match_ID,Team_ID,side) VALUES ('MatchTeam_ID_118','Match_ID_118','Team_ID_35','Red');
INSERT INTO MatchTeam(MatchTeam_ID,Match_ID,Team_ID,side) VALUES ('MatchTeam_ID_119','Match_ID_119','Team_ID_40','Red');
INSERT INTO MatchTeam(MatchTeam_ID,Match_ID,Team_ID,side) VALUES ('MatchTeam_ID_120','Match_ID_120','Team_ID_16','Red');
INSERT INTO MatchTeam(MatchTeam_ID,Match_ID,Team_ID,side) VALUES ('MatchTeam_ID_121','Match_ID_121','Team_ID_26','Red');
INSERT INTO MatchTeam(MatchTeam_ID,Match_ID,Team_ID,side) VALUES ('MatchTeam_ID_122','Match_ID_122','Team_ID_27','Red');
INSERT INTO MatchTeam(MatchTeam_ID,Match_ID,Team_ID,side) VALUES ('MatchTeam_ID_123','Match_ID_123','Team_ID_43','Red');
INSERT INTO MatchTeam(MatchTeam_ID,Match_ID,Team_ID,side) VALUES ('MatchTeam_ID_124','Match_ID_124','Team_ID_30','Red');
INSERT INTO MatchTeam(MatchTeam_ID,Match_ID,Team_ID,side) VALUES ('MatchTeam_ID_125','Match_ID_125','Team_ID_44','Red');
INSERT INTO MatchTeam(MatchTeam_ID,Match_ID,Team_ID,side) VALUES ('MatchTeam_ID_126','Match_ID_126','Team_ID_24','Red');
INSERT INTO MatchTeam(MatchTeam_ID,Match_ID,Team_ID,side) VALUES ('MatchTeam_ID_127','Match_ID_127','Team_ID_11','Red');
INSERT INTO MatchTeam(MatchTeam_ID,Match_ID,Team_ID,side) VALUES ('MatchTeam_ID_128','Match_ID_128','Team_ID_12','Red');
INSERT INTO MatchTeam(MatchTeam_ID,Match_ID,Team_ID,side) VALUES ('MatchTeam_ID_129','Match_ID_129','Team_ID_30','Red');
INSERT INTO MatchTeam(MatchTeam_ID,Match_ID,Team_ID,side) VALUES ('MatchTeam_ID_130','Match_ID_130','Team_ID_20','Red');
INSERT INTO MatchTeam(MatchTeam_ID,Match_ID,Team_ID,side) VALUES ('MatchTeam_ID_131','Match_ID_131','Team_ID_38','Red');
INSERT INTO MatchTeam(MatchTeam_ID,Match_ID,Team_ID,side) VALUES ('MatchTeam_ID_132','Match_ID_132','Team_ID_24','Red');
INSERT INTO MatchTeam(MatchTeam_ID,Match_ID,Team_ID,side) VALUES ('MatchTeam_ID_133','Match_ID_133','Team_ID_23','Red');
INSERT INTO MatchTeam(MatchTeam_ID,Match_ID,Team_ID,side) VALUES ('MatchTeam_ID_134','Match_ID_134','Team_ID_26','Red');
INSERT INTO MatchTeam(MatchTeam_ID,Match_ID,Team_ID,side) VALUES ('MatchTeam_ID_135','Match_ID_135','Team_ID_37','Red');
INSERT INTO MatchTeam(MatchTeam_ID,Match_ID,Team_ID,side) VALUES ('MatchTeam_ID_136','Match_ID_136','Team_ID_44','Red');
INSERT INTO MatchTeam(MatchTeam_ID,Match_ID,Team_ID,side) VALUES ('MatchTeam_ID_137','Match_ID_137','Team_ID_4','Red');
INSERT INTO MatchTeam(MatchTeam_ID,Match_ID,Team_ID,side) VALUES ('MatchTeam_ID_138','Match_ID_138','Team_ID_19','Red');
INSERT INTO MatchTeam(MatchTeam_ID,Match_ID,Team_ID,side) VALUES ('MatchTeam_ID_139','Match_ID_139','Team_ID_8','Red');
INSERT INTO MatchTeam(MatchTeam_ID,Match_ID,Team_ID,side) VALUES ('MatchTeam_ID_140','Match_ID_140','Team_ID_18','Red');
INSERT INTO MatchTeam(MatchTeam_ID,Match_ID,Team_ID,side) VALUES ('MatchTeam_ID_141','Match_ID_141','Team_ID_28','Red');
INSERT INTO MatchTeam(MatchTeam_ID,Match_ID,Team_ID,side) VALUES ('MatchTeam_ID_142','Match_ID_142','Team_ID_41','Red');
INSERT INTO MatchTeam(MatchTeam_ID,Match_ID,Team_ID,side) VALUES ('MatchTeam_ID_143','Match_ID_143','Team_ID_27','Red');
INSERT INTO MatchTeam(MatchTeam_ID,Match_ID,Team_ID,side) VALUES ('MatchTeam_ID_144','Match_ID_144','Team_ID_12','Red');
INSERT INTO MatchTeam(MatchTeam_ID,Match_ID,Team_ID,side) VALUES ('MatchTeam_ID_145','Match_ID_145','Team_ID_33','Red');
INSERT INTO MatchTeam(MatchTeam_ID,Match_ID,Team_ID,side) VALUES ('MatchTeam_ID_146','Match_ID_146','Team_ID_29','Red');
INSERT INTO MatchTeam(MatchTeam_ID,Match_ID,Team_ID,side) VALUES ('MatchTeam_ID_147','Match_ID_147','Team_ID_4','Red');
INSERT INTO MatchTeam(MatchTeam_ID,Match_ID,Team_ID,side) VALUES ('MatchTeam_ID_148','Match_ID_148','Team_ID_38','Red');
INSERT INTO MatchTeam(MatchTeam_ID,Match_ID,Team_ID,side) VALUES ('MatchTeam_ID_149','Match_ID_149','Team_ID_21','Red');
INSERT INTO MatchTeam(MatchTeam_ID,Match_ID,Team_ID,side) VALUES ('MatchTeam_ID_150','Match_ID_150','Team_ID_22','Red');
INSERT INTO MatchTeam(MatchTeam_ID,Match_ID,Team_ID,side) VALUES ('MatchTeam_ID_151','Match_ID_151','Team_ID_19','Red');
INSERT INTO MatchTeam(MatchTeam_ID,Match_ID,Team_ID,side) VALUES ('MatchTeam_ID_152','Match_ID_152','Team_ID_27','Red');
INSERT INTO MatchTeam(MatchTeam_ID,Match_ID,Team_ID,side) VALUES ('MatchTeam_ID_153','Match_ID_153','Team_ID_45','Red');
INSERT INTO MatchTeam(MatchTeam_ID,Match_ID,Team_ID,side) VALUES ('MatchTeam_ID_154','Match_ID_154','Team_ID_32','Red');
INSERT INTO MatchTeam(MatchTeam_ID,Match_ID,Team_ID,side) VALUES ('MatchTeam_ID_155','Match_ID_155','Team_ID_25','Red');
INSERT INTO MatchTeam(MatchTeam_ID,Match_ID,Team_ID,side) VALUES ('MatchTeam_ID_156','Match_ID_156','Team_ID_28','Red');
INSERT INTO MatchTeam(MatchTeam_ID,Match_ID,Team_ID,side) VALUES ('MatchTeam_ID_157','Match_ID_157','Team_ID_10','Red');
INSERT INTO MatchTeam(MatchTeam_ID,Match_ID,Team_ID,side) VALUES ('MatchTeam_ID_158','Match_ID_158','Team_ID_43','Red');
INSERT INTO MatchTeam(MatchTeam_ID,Match_ID,Team_ID,side) VALUES ('MatchTeam_ID_159','Match_ID_159','Team_ID_43','Red');
INSERT INTO MatchTeam(MatchTeam_ID,Match_ID,Team_ID,side) VALUES ('MatchTeam_ID_160','Match_ID_160','Team_ID_9','Red');
INSERT INTO MatchTeam(MatchTeam_ID,Match_ID,Team_ID,side) VALUES ('MatchTeam_ID_161','Match_ID_161','Team_ID_21','Red');
INSERT INTO MatchTeam(MatchTeam_ID,Match_ID,Team_ID,side) VALUES ('MatchTeam_ID_162','Match_ID_162','Team_ID_30','Red');
INSERT INTO MatchTeam(MatchTeam_ID,Match_ID,Team_ID,side) VALUES ('MatchTeam_ID_163','Match_ID_163','Team_ID_34','Red');
INSERT INTO MatchTeam(MatchTeam_ID,Match_ID,Team_ID,side) VALUES ('MatchTeam_ID_164','Match_ID_164','Team_ID_34','Red');
INSERT INTO MatchTeam(MatchTeam_ID,Match_ID,Team_ID,side) VALUES ('MatchTeam_ID_165','Match_ID_165','Team_ID_5','Red');
INSERT INTO MatchTeam(MatchTeam_ID,Match_ID,Team_ID,side) VALUES ('MatchTeam_ID_166','Match_ID_166','Team_ID_5','Red');
INSERT INTO MatchTeam(MatchTeam_ID,Match_ID,Team_ID,side) VALUES ('MatchTeam_ID_167','Match_ID_167','Team_ID_31','Red');
INSERT INTO MatchTeam(MatchTeam_ID,Match_ID,Team_ID,side) VALUES ('MatchTeam_ID_168','Match_ID_168','Team_ID_23','Red');
INSERT INTO MatchTeam(MatchTeam_ID,Match_ID,Team_ID,side) VALUES ('MatchTeam_ID_169','Match_ID_169','Team_ID_16','Red');
INSERT INTO MatchTeam(MatchTeam_ID,Match_ID,Team_ID,side) VALUES ('MatchTeam_ID_170','Match_ID_170','Team_ID_25','Red');
INSERT INTO MatchTeam(MatchTeam_ID,Match_ID,Team_ID,side) VALUES ('MatchTeam_ID_171','Match_ID_171','Team_ID_3','Red');
INSERT INTO MatchTeam(MatchTeam_ID,Match_ID,Team_ID,side) VALUES ('MatchTeam_ID_172','Match_ID_172','Team_ID_12','Red');
INSERT INTO MatchTeam(MatchTeam_ID,Match_ID,Team_ID,side) VALUES ('MatchTeam_ID_173','Match_ID_173','Team_ID_11','Red');
INSERT INTO MatchTeam(MatchTeam_ID,Match_ID,Team_ID,side) VALUES ('MatchTeam_ID_174','Match_ID_174','Team_ID_35','Red');
INSERT INTO MatchTeam(MatchTeam_ID,Match_ID,Team_ID,side) VALUES ('MatchTeam_ID_175','Match_ID_175','Team_ID_19','Red');
INSERT INTO MatchTeam(MatchTeam_ID,Match_ID,Team_ID,side) VALUES ('MatchTeam_ID_176','Match_ID_176','Team_ID_37','Red');
INSERT INTO MatchTeam(MatchTeam_ID,Match_ID,Team_ID,side) VALUES ('MatchTeam_ID_177','Match_ID_177','Team_ID_27','Red');
INSERT INTO MatchTeam(MatchTeam_ID,Match_ID,Team_ID,side) VALUES ('MatchTeam_ID_178','Match_ID_178','Team_ID_19','Red');
INSERT INTO MatchTeam(MatchTeam_ID,Match_ID,Team_ID,side) VALUES ('MatchTeam_ID_179','Match_ID_179','Team_ID_29','Red');
INSERT INTO MatchTeam(MatchTeam_ID,Match_ID,Team_ID,side) VALUES ('MatchTeam_ID_180','Match_ID_180','Team_ID_45','Red');
INSERT INTO MatchTeam(MatchTeam_ID,Match_ID,Team_ID,side) VALUES ('MatchTeam_ID_181','Match_ID_181','Team_ID_7','Red');
INSERT INTO MatchTeam(MatchTeam_ID,Match_ID,Team_ID,side) VALUES ('MatchTeam_ID_182','Match_ID_182','Team_ID_28','Red');
INSERT INTO MatchTeam(MatchTeam_ID,Match_ID,Team_ID,side) VALUES ('MatchTeam_ID_183','Match_ID_183','Team_ID_25','Red');
INSERT INTO MatchTeam(MatchTeam_ID,Match_ID,Team_ID,side) VALUES ('MatchTeam_ID_184','Match_ID_184','Team_ID_40','Red');
INSERT INTO MatchTeam(MatchTeam_ID,Match_ID,Team_ID,side) VALUES ('MatchTeam_ID_185','Match_ID_185','Team_ID_44','Red');
INSERT INTO MatchTeam(MatchTeam_ID,Match_ID,Team_ID,side) VALUES ('MatchTeam_ID_186','Match_ID_186','Team_ID_32','Red');
INSERT INTO MatchTeam(MatchTeam_ID,Match_ID,Team_ID,side) VALUES ('MatchTeam_ID_187','Match_ID_187','Team_ID_44','Red');
INSERT INTO MatchTeam(MatchTeam_ID,Match_ID,Team_ID,side) VALUES ('MatchTeam_ID_188','Match_ID_188','Team_ID_23','Red');
INSERT INTO MatchTeam(MatchTeam_ID,Match_ID,Team_ID,side) VALUES ('MatchTeam_ID_189','Match_ID_189','Team_ID_7','Red');
INSERT INTO MatchTeam(MatchTeam_ID,Match_ID,Team_ID,side) VALUES ('MatchTeam_ID_190','Match_ID_190','Team_ID_43','Red');
INSERT INTO MatchTeam(MatchTeam_ID,Match_ID,Team_ID,side) VALUES ('MatchTeam_ID_191','Match_ID_191','Team_ID_34','Red');
INSERT INTO MatchTeam(MatchTeam_ID,Match_ID,Team_ID,side) VALUES ('MatchTeam_ID_192','Match_ID_192','Team_ID_33','Red');
INSERT INTO MatchTeam(MatchTeam_ID,Match_ID,Team_ID,side) VALUES ('MatchTeam_ID_193','Match_ID_193','Team_ID_21','Red');
INSERT INTO MatchTeam(MatchTeam_ID,Match_ID,Team_ID,side) VALUES ('MatchTeam_ID_194','Match_ID_194','Team_ID_32','Red');
INSERT INTO MatchTeam(MatchTeam_ID,Match_ID,Team_ID,side) VALUES ('MatchTeam_ID_195','Match_ID_195','Team_ID_24','Red');
INSERT INTO MatchTeam(MatchTeam_ID,Match_ID,Team_ID,side) VALUES ('MatchTeam_ID_196','Match_ID_196','Team_ID_11','Red');
INSERT INTO MatchTeam(MatchTeam_ID,Match_ID,Team_ID,side) VALUES ('MatchTeam_ID_197','Match_ID_197','Team_ID_7','Red');
INSERT INTO MatchTeam(MatchTeam_ID,Match_ID,Team_ID,side) VALUES ('MatchTeam_ID_198','Match_ID_198','Team_ID_34','Red');
INSERT INTO MatchTeam(MatchTeam_ID,Match_ID,Team_ID,side) VALUES ('MatchTeam_ID_199','Match_ID_199','Team_ID_36','Red');
INSERT INTO MatchTeam(MatchTeam_ID,Match_ID,Team_ID,side) VALUES ('MatchTeam_ID_200','Match_ID_200','Team_ID_20','Red');
INSERT INTO MatchTeam(MatchTeam_ID,Match_ID,Team_ID,side) VALUES ('MatchTeam_ID_201','Match_ID_201','Team_ID_22','Red');
INSERT INTO MatchTeam(MatchTeam_ID,Match_ID,Team_ID,side) VALUES ('MatchTeam_ID_202','Match_ID_202','Team_ID_24','Red');
INSERT INTO MatchTeam(MatchTeam_ID,Match_ID,Team_ID,side) VALUES ('MatchTeam_ID_203','Match_ID_203','Team_ID_26','Red');
INSERT INTO MatchTeam(MatchTeam_ID,Match_ID,Team_ID,side) VALUES ('MatchTeam_ID_204','Match_ID_204','Team_ID_42','Red');
INSERT INTO MatchTeam(MatchTeam_ID,Match_ID,Team_ID,side) VALUES ('MatchTeam_ID_205','Match_ID_205','Team_ID_8','Red');
INSERT INTO MatchTeam(MatchTeam_ID,Match_ID,Team_ID,side) VALUES ('MatchTeam_ID_206','Match_ID_206','Team_ID_42','Red');
INSERT INTO MatchTeam(MatchTeam_ID,Match_ID,Team_ID,side) VALUES ('MatchTeam_ID_207','Match_ID_207','Team_ID_4','Red');
INSERT INTO MatchTeam(MatchTeam_ID,Match_ID,Team_ID,side) VALUES ('MatchTeam_ID_208','Match_ID_208','Team_ID_15','Red');
INSERT INTO MatchTeam(MatchTeam_ID,Match_ID,Team_ID,side) VALUES ('MatchTeam_ID_209','Match_ID_209','Team_ID_3','Red');
INSERT INTO MatchTeam(MatchTeam_ID,Match_ID,Team_ID,side) VALUES ('MatchTeam_ID_210','Match_ID_210','Team_ID_18','Red');
INSERT INTO MatchTeam(MatchTeam_ID,Match_ID,Team_ID,side) VALUES ('MatchTeam_ID_211','Match_ID_211','Team_ID_29','Red');
INSERT INTO MatchTeam(MatchTeam_ID,Match_ID,Team_ID,side) VALUES ('MatchTeam_ID_212','Match_ID_212','Team_ID_30','Red');
INSERT INTO MatchTeam(MatchTeam_ID,Match_ID,Team_ID,side) VALUES ('MatchTeam_ID_213','Match_ID_213','Team_ID_26','Red');
INSERT INTO MatchTeam(MatchTeam_ID,Match_ID,Team_ID,side) VALUES ('MatchTeam_ID_214','Match_ID_214','Team_ID_23','Red');
INSERT INTO MatchTeam(MatchTeam_ID,Match_ID,Team_ID,side) VALUES ('MatchTeam_ID_215','Match_ID_215','Team_ID_7','Red');
INSERT INTO MatchTeam(MatchTeam_ID,Match_ID,Team_ID,side) VALUES ('MatchTeam_ID_216','Match_ID_216','Team_ID_25','Red');
INSERT INTO MatchTeam(MatchTeam_ID,Match_ID,Team_ID,side) VALUES ('MatchTeam_ID_217','Match_ID_217','Team_ID_42','Red');
INSERT INTO MatchTeam(MatchTeam_ID,Match_ID,Team_ID,side) VALUES ('MatchTeam_ID_218','Match_ID_218','Team_ID_25','Red');
INSERT INTO MatchTeam(MatchTeam_ID,Match_ID,Team_ID,side) VALUES ('MatchTeam_ID_219','Match_ID_219','Team_ID_35','Red');
INSERT INTO MatchTeam(MatchTeam_ID,Match_ID,Team_ID,side) VALUES ('MatchTeam_ID_220','Match_ID_220','Team_ID_33','Red');
INSERT INTO MatchTeam(MatchTeam_ID,Match_ID,Team_ID,side) VALUES ('MatchTeam_ID_221','Match_ID_221','Team_ID_12','Red');
INSERT INTO MatchTeam(MatchTeam_ID,Match_ID,Team_ID,side) VALUES ('MatchTeam_ID_222','Match_ID_222','Team_ID_4','Red');
INSERT INTO MatchTeam(MatchTeam_ID,Match_ID,Team_ID,side) VALUES ('MatchTeam_ID_223','Match_ID_223','Team_ID_14','Red');
INSERT INTO MatchTeam(MatchTeam_ID,Match_ID,Team_ID,side) VALUES ('MatchTeam_ID_224','Match_ID_224','Team_ID_31','Red');
INSERT INTO MatchTeam(MatchTeam_ID,Match_ID,Team_ID,side) VALUES ('MatchTeam_ID_225','Match_ID_225','Team_ID_38','Red');
INSERT INTO MatchTeam(MatchTeam_ID,Match_ID,Team_ID,side) VALUES ('MatchTeam_ID_226','Match_ID_226','Team_ID_23','Red');
INSERT INTO MatchTeam(MatchTeam_ID,Match_ID,Team_ID,side) VALUES ('MatchTeam_ID_227','Match_ID_227','Team_ID_31','Red');
INSERT INTO MatchTeam(MatchTeam_ID,Match_ID,Team_ID,side) VALUES ('MatchTeam_ID_228','Match_ID_228','Team_ID_4','Red');
INSERT INTO MatchTeam(MatchTeam_ID,Match_ID,Team_ID,side) VALUES ('MatchTeam_ID_229','Match_ID_229','Team_ID_15','Red');
INSERT INTO MatchTeam(MatchTeam_ID,Match_ID,Team_ID,side) VALUES ('MatchTeam_ID_230','Match_ID_230','Team_ID_11','Red');
INSERT INTO MatchTeam(MatchTeam_ID,Match_ID,Team_ID,side) VALUES ('MatchTeam_ID_231','Match_ID_231','Team_ID_42','Red');
INSERT INTO MatchTeam(MatchTeam_ID,Match_ID,Team_ID,side) VALUES ('MatchTeam_ID_232','Match_ID_232','Team_ID_12','Red');
INSERT INTO MatchTeam(MatchTeam_ID,Match_ID,Team_ID,side) VALUES ('MatchTeam_ID_233','Match_ID_233','Team_ID_36','Red');
INSERT INTO MatchTeam(MatchTeam_ID,Match_ID,Team_ID,side) VALUES ('MatchTeam_ID_234','Match_ID_234','Team_ID_1','Red');
INSERT INTO MatchTeam(MatchTeam_ID,Match_ID,Team_ID,side) VALUES ('MatchTeam_ID_235','Match_ID_235','Team_ID_1','Red');
INSERT INTO MatchTeam(MatchTeam_ID,Match_ID,Team_ID,side) VALUES ('MatchTeam_ID_236','Match_ID_236','Team_ID_19','Red');
INSERT INTO MatchTeam(MatchTeam_ID,Match_ID,Team_ID,side) VALUES ('MatchTeam_ID_237','Match_ID_237','Team_ID_11','Red');
INSERT INTO MatchTeam(MatchTeam_ID,Match_ID,Team_ID,side) VALUES ('MatchTeam_ID_238','Match_ID_238','Team_ID_27','Red');
INSERT INTO MatchTeam(MatchTeam_ID,Match_ID,Team_ID,side) VALUES ('MatchTeam_ID_239','Match_ID_239','Team_ID_31','Red');
INSERT INTO MatchTeam(MatchTeam_ID,Match_ID,Team_ID,side) VALUES ('MatchTeam_ID_240','Match_ID_240','Team_ID_33','Red');
INSERT INTO MatchTeam(MatchTeam_ID,Match_ID,Team_ID,side) VALUES ('MatchTeam_ID_241','Match_ID_241','Team_ID_36','Red');
INSERT INTO MatchTeam(MatchTeam_ID,Match_ID,Team_ID,side) VALUES ('MatchTeam_ID_242','Match_ID_242','Team_ID_14','Red');
INSERT INTO MatchTeam(MatchTeam_ID,Match_ID,Team_ID,side) VALUES ('MatchTeam_ID_243','Match_ID_243','Team_ID_2','Red');
INSERT INTO MatchTeam(MatchTeam_ID,Match_ID,Team_ID,side) VALUES ('MatchTeam_ID_244','Match_ID_244','Team_ID_38','Red');
INSERT INTO MatchTeam(MatchTeam_ID,Match_ID,Team_ID,side) VALUES ('MatchTeam_ID_245','Match_ID_245','Team_ID_19','Red');
INSERT INTO MatchTeam(MatchTeam_ID,Match_ID,Team_ID,side) VALUES ('MatchTeam_ID_246','Match_ID_246','Team_ID_34','Red');
INSERT INTO MatchTeam(MatchTeam_ID,Match_ID,Team_ID,side) VALUES ('MatchTeam_ID_247','Match_ID_247','Team_ID_19','Red');
INSERT INTO MatchTeam(MatchTeam_ID,Match_ID,Team_ID,side) VALUES ('MatchTeam_ID_248','Match_ID_248','Team_ID_20','Red');
INSERT INTO MatchTeam(MatchTeam_ID,Match_ID,Team_ID,side) VALUES ('MatchTeam_ID_249','Match_ID_249','Team_ID_29','Red');
INSERT INTO MatchTeam(MatchTeam_ID,Match_ID,Team_ID,side) VALUES ('MatchTeam_ID_250','Match_ID_250','Team_ID_42','Red');
INSERT INTO MatchTeam(MatchTeam_ID,Match_ID,Team_ID,side) VALUES ('MatchTeam_ID_251','Match_ID_1','Team_ID_22','Blue');
INSERT INTO MatchTeam(MatchTeam_ID,Match_ID,Team_ID,side) VALUES ('MatchTeam_ID_252','Match_ID_2','Team_ID_18','Blue');
INSERT INTO MatchTeam(MatchTeam_ID,Match_ID,Team_ID,side) VALUES ('MatchTeam_ID_253','Match_ID_3','Team_ID_10','Blue');
INSERT INTO MatchTeam(MatchTeam_ID,Match_ID,Team_ID,side) VALUES ('MatchTeam_ID_254','Match_ID_4','Team_ID_5','Blue');
INSERT INTO MatchTeam(MatchTeam_ID,Match_ID,Team_ID,side) VALUES ('MatchTeam_ID_255','Match_ID_5','Team_ID_38','Blue');
INSERT INTO MatchTeam(MatchTeam_ID,Match_ID,Team_ID,side) VALUES ('MatchTeam_ID_256','Match_ID_6','Team_ID_44','Blue');
INSERT INTO MatchTeam(MatchTeam_ID,Match_ID,Team_ID,side) VALUES ('MatchTeam_ID_257','Match_ID_7','Team_ID_5','Blue');
INSERT INTO MatchTeam(MatchTeam_ID,Match_ID,Team_ID,side) VALUES ('MatchTeam_ID_258','Match_ID_8','Team_ID_15','Blue');
INSERT INTO MatchTeam(MatchTeam_ID,Match_ID,Team_ID,side) VALUES ('MatchTeam_ID_259','Match_ID_9','Team_ID_22','Blue');
INSERT INTO MatchTeam(MatchTeam_ID,Match_ID,Team_ID,side) VALUES ('MatchTeam_ID_260','Match_ID_10','Team_ID_24','Blue');
INSERT INTO MatchTeam(MatchTeam_ID,Match_ID,Team_ID,side) VALUES ('MatchTeam_ID_261','Match_ID_11','Team_ID_32','Blue');
INSERT INTO MatchTeam(MatchTeam_ID,Match_ID,Team_ID,side) VALUES ('MatchTeam_ID_262','Match_ID_12','Team_ID_17','Blue');
INSERT INTO MatchTeam(MatchTeam_ID,Match_ID,Team_ID,side) VALUES ('MatchTeam_ID_263','Match_ID_13','Team_ID_25','Blue');
INSERT INTO MatchTeam(MatchTeam_ID,Match_ID,Team_ID,side) VALUES ('MatchTeam_ID_264','Match_ID_14','Team_ID_25','Blue');
INSERT INTO MatchTeam(MatchTeam_ID,Match_ID,Team_ID,side) VALUES ('MatchTeam_ID_265','Match_ID_15','Team_ID_31','Blue');
INSERT INTO MatchTeam(MatchTeam_ID,Match_ID,Team_ID,side) VALUES ('MatchTeam_ID_266','Match_ID_16','Team_ID_22','Blue');
INSERT INTO MatchTeam(MatchTeam_ID,Match_ID,Team_ID,side) VALUES ('MatchTeam_ID_267','Match_ID_17','Team_ID_14','Blue');
INSERT INTO MatchTeam(MatchTeam_ID,Match_ID,Team_ID,side) VALUES ('MatchTeam_ID_268','Match_ID_18','Team_ID_19','Blue');
INSERT INTO MatchTeam(MatchTeam_ID,Match_ID,Team_ID,side) VALUES ('MatchTeam_ID_269','Match_ID_19','Team_ID_34','Blue');
INSERT INTO MatchTeam(MatchTeam_ID,Match_ID,Team_ID,side) VALUES ('MatchTeam_ID_270','Match_ID_20','Team_ID_8','Blue');
INSERT INTO MatchTeam(MatchTeam_ID,Match_ID,Team_ID,side) VALUES ('MatchTeam_ID_271','Match_ID_21','Team_ID_8','Blue');
INSERT INTO MatchTeam(MatchTeam_ID,Match_ID,Team_ID,side) VALUES ('MatchTeam_ID_272','Match_ID_22','Team_ID_42','Blue');
INSERT INTO MatchTeam(MatchTeam_ID,Match_ID,Team_ID,side) VALUES ('MatchTeam_ID_273','Match_ID_23','Team_ID_40','Blue');
INSERT INTO MatchTeam(MatchTeam_ID,Match_ID,Team_ID,side) VALUES ('MatchTeam_ID_274','Match_ID_24','Team_ID_14','Blue');
INSERT INTO MatchTeam(MatchTeam_ID,Match_ID,Team_ID,side) VALUES ('MatchTeam_ID_275','Match_ID_25','Team_ID_26','Blue');
INSERT INTO MatchTeam(MatchTeam_ID,Match_ID,Team_ID,side) VALUES ('MatchTeam_ID_276','Match_ID_26','Team_ID_14','Blue');
INSERT INTO MatchTeam(MatchTeam_ID,Match_ID,Team_ID,side) VALUES ('MatchTeam_ID_277','Match_ID_27','Team_ID_28','Blue');
INSERT INTO MatchTeam(MatchTeam_ID,Match_ID,Team_ID,side) VALUES ('MatchTeam_ID_278','Match_ID_28','Team_ID_27','Blue');
INSERT INTO MatchTeam(MatchTeam_ID,Match_ID,Team_ID,side) VALUES ('MatchTeam_ID_279','Match_ID_29','Team_ID_11','Blue');
INSERT INTO MatchTeam(MatchTeam_ID,Match_ID,Team_ID,side) VALUES ('MatchTeam_ID_280','Match_ID_30','Team_ID_21','Blue');
INSERT INTO MatchTeam(MatchTeam_ID,Match_ID,Team_ID,side) VALUES ('MatchTeam_ID_281','Match_ID_31','Team_ID_45','Blue');
INSERT INTO MatchTeam(MatchTeam_ID,Match_ID,Team_ID,side) VALUES ('MatchTeam_ID_282','Match_ID_32','Team_ID_21','Blue');
INSERT INTO MatchTeam(MatchTeam_ID,Match_ID,Team_ID,side) VALUES ('MatchTeam_ID_283','Match_ID_33','Team_ID_4','Blue');
INSERT INTO MatchTeam(MatchTeam_ID,Match_ID,Team_ID,side) VALUES ('MatchTeam_ID_284','Match_ID_34','Team_ID_30','Blue');
INSERT INTO MatchTeam(MatchTeam_ID,Match_ID,Team_ID,side) VALUES ('MatchTeam_ID_285','Match_ID_35','Team_ID_37','Blue');
INSERT INTO MatchTeam(MatchTeam_ID,Match_ID,Team_ID,side) VALUES ('MatchTeam_ID_286','Match_ID_36','Team_ID_3','Blue');
INSERT INTO MatchTeam(MatchTeam_ID,Match_ID,Team_ID,side) VALUES ('MatchTeam_ID_287','Match_ID_37','Team_ID_3','Blue');
INSERT INTO MatchTeam(MatchTeam_ID,Match_ID,Team_ID,side) VALUES ('MatchTeam_ID_288','Match_ID_38','Team_ID_44','Blue');
INSERT INTO MatchTeam(MatchTeam_ID,Match_ID,Team_ID,side) VALUES ('MatchTeam_ID_289','Match_ID_39','Team_ID_34','Blue');
INSERT INTO MatchTeam(MatchTeam_ID,Match_ID,Team_ID,side) VALUES ('MatchTeam_ID_290','Match_ID_40','Team_ID_23','Blue');
INSERT INTO MatchTeam(MatchTeam_ID,Match_ID,Team_ID,side) VALUES ('MatchTeam_ID_291','Match_ID_41','Team_ID_8','Blue');
INSERT INTO MatchTeam(MatchTeam_ID,Match_ID,Team_ID,side) VALUES ('MatchTeam_ID_292','Match_ID_42','Team_ID_9','Blue');
INSERT INTO MatchTeam(MatchTeam_ID,Match_ID,Team_ID,side) VALUES ('MatchTeam_ID_293','Match_ID_43','Team_ID_8','Blue');
INSERT INTO MatchTeam(MatchTeam_ID,Match_ID,Team_ID,side) VALUES ('MatchTeam_ID_294','Match_ID_44','Team_ID_44','Blue');
INSERT INTO MatchTeam(MatchTeam_ID,Match_ID,Team_ID,side) VALUES ('MatchTeam_ID_295','Match_ID_45','Team_ID_2','Blue');
INSERT INTO MatchTeam(MatchTeam_ID,Match_ID,Team_ID,side) VALUES ('MatchTeam_ID_296','Match_ID_46','Team_ID_8','Blue');
INSERT INTO MatchTeam(MatchTeam_ID,Match_ID,Team_ID,side) VALUES ('MatchTeam_ID_297','Match_ID_47','Team_ID_23','Blue');
INSERT INTO MatchTeam(MatchTeam_ID,Match_ID,Team_ID,side) VALUES ('MatchTeam_ID_298','Match_ID_48','Team_ID_6','Blue');
INSERT INTO MatchTeam(MatchTeam_ID,Match_ID,Team_ID,side) VALUES ('MatchTeam_ID_299','Match_ID_49','Team_ID_37','Blue');
INSERT INTO MatchTeam(MatchTeam_ID,Match_ID,Team_ID,side) VALUES ('MatchTeam_ID_300','Match_ID_50','Team_ID_27','Blue');
INSERT INTO MatchTeam(MatchTeam_ID,Match_ID,Team_ID,side) VALUES ('MatchTeam_ID_301','Match_ID_51','Team_ID_43','Blue');
INSERT INTO MatchTeam(MatchTeam_ID,Match_ID,Team_ID,side) VALUES ('MatchTeam_ID_302','Match_ID_52','Team_ID_13','Blue');
INSERT INTO MatchTeam(MatchTeam_ID,Match_ID,Team_ID,side) VALUES ('MatchTeam_ID_303','Match_ID_53','Team_ID_39','Blue');
INSERT INTO MatchTeam(MatchTeam_ID,Match_ID,Team_ID,side) VALUES ('MatchTeam_ID_304','Match_ID_54','Team_ID_22','Blue');
INSERT INTO MatchTeam(MatchTeam_ID,Match_ID,Team_ID,side) VALUES ('MatchTeam_ID_305','Match_ID_55','Team_ID_4','Blue');
INSERT INTO MatchTeam(MatchTeam_ID,Match_ID,Team_ID,side) VALUES ('MatchTeam_ID_306','Match_ID_56','Team_ID_2','Blue');
INSERT INTO MatchTeam(MatchTeam_ID,Match_ID,Team_ID,side) VALUES ('MatchTeam_ID_307','Match_ID_57','Team_ID_34','Blue');
INSERT INTO MatchTeam(MatchTeam_ID,Match_ID,Team_ID,side) VALUES ('MatchTeam_ID_308','Match_ID_58','Team_ID_29','Blue');
INSERT INTO MatchTeam(MatchTeam_ID,Match_ID,Team_ID,side) VALUES ('MatchTeam_ID_309','Match_ID_59','Team_ID_43','Blue');
INSERT INTO MatchTeam(MatchTeam_ID,Match_ID,Team_ID,side) VALUES ('MatchTeam_ID_310','Match_ID_60','Team_ID_20','Blue');
INSERT INTO MatchTeam(MatchTeam_ID,Match_ID,Team_ID,side) VALUES ('MatchTeam_ID_311','Match_ID_61','Team_ID_19','Blue');
INSERT INTO MatchTeam(MatchTeam_ID,Match_ID,Team_ID,side) VALUES ('MatchTeam_ID_312','Match_ID_62','Team_ID_34','Blue');
INSERT INTO MatchTeam(MatchTeam_ID,Match_ID,Team_ID,side) VALUES ('MatchTeam_ID_313','Match_ID_63','Team_ID_42','Blue');
INSERT INTO MatchTeam(MatchTeam_ID,Match_ID,Team_ID,side) VALUES ('MatchTeam_ID_314','Match_ID_64','Team_ID_33','Blue');
INSERT INTO MatchTeam(MatchTeam_ID,Match_ID,Team_ID,side) VALUES ('MatchTeam_ID_315','Match_ID_65','Team_ID_27','Blue');
INSERT INTO MatchTeam(MatchTeam_ID,Match_ID,Team_ID,side) VALUES ('MatchTeam_ID_316','Match_ID_66','Team_ID_20','Blue');
INSERT INTO MatchTeam(MatchTeam_ID,Match_ID,Team_ID,side) VALUES ('MatchTeam_ID_317','Match_ID_67','Team_ID_11','Blue');
INSERT INTO MatchTeam(MatchTeam_ID,Match_ID,Team_ID,side) VALUES ('MatchTeam_ID_318','Match_ID_68','Team_ID_22','Blue');
INSERT INTO MatchTeam(MatchTeam_ID,Match_ID,Team_ID,side) VALUES ('MatchTeam_ID_319','Match_ID_69','Team_ID_4','Blue');
INSERT INTO MatchTeam(MatchTeam_ID,Match_ID,Team_ID,side) VALUES ('MatchTeam_ID_320','Match_ID_70','Team_ID_37','Blue');
INSERT INTO MatchTeam(MatchTeam_ID,Match_ID,Team_ID,side) VALUES ('MatchTeam_ID_321','Match_ID_71','Team_ID_30','Blue');
INSERT INTO MatchTeam(MatchTeam_ID,Match_ID,Team_ID,side) VALUES ('MatchTeam_ID_322','Match_ID_72','Team_ID_23','Blue');
INSERT INTO MatchTeam(MatchTeam_ID,Match_ID,Team_ID,side) VALUES ('MatchTeam_ID_323','Match_ID_73','Team_ID_44','Blue');
INSERT INTO MatchTeam(MatchTeam_ID,Match_ID,Team_ID,side) VALUES ('MatchTeam_ID_324','Match_ID_74','Team_ID_29','Blue');
INSERT INTO MatchTeam(MatchTeam_ID,Match_ID,Team_ID,side) VALUES ('MatchTeam_ID_325','Match_ID_75','Team_ID_41','Blue');
INSERT INTO MatchTeam(MatchTeam_ID,Match_ID,Team_ID,side) VALUES ('MatchTeam_ID_326','Match_ID_76','Team_ID_30','Blue');
INSERT INTO MatchTeam(MatchTeam_ID,Match_ID,Team_ID,side) VALUES ('MatchTeam_ID_327','Match_ID_77','Team_ID_7','Blue');
INSERT INTO MatchTeam(MatchTeam_ID,Match_ID,Team_ID,side) VALUES ('MatchTeam_ID_328','Match_ID_78','Team_ID_16','Blue');
INSERT INTO MatchTeam(MatchTeam_ID,Match_ID,Team_ID,side) VALUES ('MatchTeam_ID_329','Match_ID_79','Team_ID_18','Blue');
INSERT INTO MatchTeam(MatchTeam_ID,Match_ID,Team_ID,side) VALUES ('MatchTeam_ID_330','Match_ID_80','Team_ID_39','Blue');
INSERT INTO MatchTeam(MatchTeam_ID,Match_ID,Team_ID,side) VALUES ('MatchTeam_ID_331','Match_ID_81','Team_ID_37','Blue');
INSERT INTO MatchTeam(MatchTeam_ID,Match_ID,Team_ID,side) VALUES ('MatchTeam_ID_332','Match_ID_82','Team_ID_33','Blue');
INSERT INTO MatchTeam(MatchTeam_ID,Match_ID,Team_ID,side) VALUES ('MatchTeam_ID_333','Match_ID_83','Team_ID_42','Blue');
INSERT INTO MatchTeam(MatchTeam_ID,Match_ID,Team_ID,side) VALUES ('MatchTeam_ID_334','Match_ID_84','Team_ID_7','Blue');
INSERT INTO MatchTeam(MatchTeam_ID,Match_ID,Team_ID,side) VALUES ('MatchTeam_ID_335','Match_ID_85','Team_ID_39','Blue');
INSERT INTO MatchTeam(MatchTeam_ID,Match_ID,Team_ID,side) VALUES ('MatchTeam_ID_336','Match_ID_86','Team_ID_41','Blue');
INSERT INTO MatchTeam(MatchTeam_ID,Match_ID,Team_ID,side) VALUES ('MatchTeam_ID_337','Match_ID_87','Team_ID_23','Blue');
INSERT INTO MatchTeam(MatchTeam_ID,Match_ID,Team_ID,side) VALUES ('MatchTeam_ID_338','Match_ID_88','Team_ID_29','Blue');
INSERT INTO MatchTeam(MatchTeam_ID,Match_ID,Team_ID,side) VALUES ('MatchTeam_ID_339','Match_ID_89','Team_ID_2','Blue');
INSERT INTO MatchTeam(MatchTeam_ID,Match_ID,Team_ID,side) VALUES ('MatchTeam_ID_340','Match_ID_90','Team_ID_26','Blue');
INSERT INTO MatchTeam(MatchTeam_ID,Match_ID,Team_ID,side) VALUES ('MatchTeam_ID_341','Match_ID_91','Team_ID_7','Blue');
INSERT INTO MatchTeam(MatchTeam_ID,Match_ID,Team_ID,side) VALUES ('MatchTeam_ID_342','Match_ID_92','Team_ID_22','Blue');
INSERT INTO MatchTeam(MatchTeam_ID,Match_ID,Team_ID,side) VALUES ('MatchTeam_ID_343','Match_ID_93','Team_ID_9','Blue');
INSERT INTO MatchTeam(MatchTeam_ID,Match_ID,Team_ID,side) VALUES ('MatchTeam_ID_344','Match_ID_94','Team_ID_32','Blue');
INSERT INTO MatchTeam(MatchTeam_ID,Match_ID,Team_ID,side) VALUES ('MatchTeam_ID_345','Match_ID_95','Team_ID_12','Blue');
INSERT INTO MatchTeam(MatchTeam_ID,Match_ID,Team_ID,side) VALUES ('MatchTeam_ID_346','Match_ID_96','Team_ID_45','Blue');
INSERT INTO MatchTeam(MatchTeam_ID,Match_ID,Team_ID,side) VALUES ('MatchTeam_ID_347','Match_ID_97','Team_ID_41','Blue');
INSERT INTO MatchTeam(MatchTeam_ID,Match_ID,Team_ID,side) VALUES ('MatchTeam_ID_348','Match_ID_98','Team_ID_44','Blue');
INSERT INTO MatchTeam(MatchTeam_ID,Match_ID,Team_ID,side) VALUES ('MatchTeam_ID_349','Match_ID_99','Team_ID_22','Blue');
INSERT INTO MatchTeam(MatchTeam_ID,Match_ID,Team_ID,side) VALUES ('MatchTeam_ID_350','Match_ID_100','Team_ID_18','Blue');
INSERT INTO MatchTeam(MatchTeam_ID,Match_ID,Team_ID,side) VALUES ('MatchTeam_ID_351','Match_ID_101','Team_ID_32','Blue');
INSERT INTO MatchTeam(MatchTeam_ID,Match_ID,Team_ID,side) VALUES ('MatchTeam_ID_352','Match_ID_102','Team_ID_29','Blue');
INSERT INTO MatchTeam(MatchTeam_ID,Match_ID,Team_ID,side) VALUES ('MatchTeam_ID_353','Match_ID_103','Team_ID_18','Blue');
INSERT INTO MatchTeam(MatchTeam_ID,Match_ID,Team_ID,side) VALUES ('MatchTeam_ID_354','Match_ID_104','Team_ID_18','Blue');
INSERT INTO MatchTeam(MatchTeam_ID,Match_ID,Team_ID,side) VALUES ('MatchTeam_ID_355','Match_ID_105','Team_ID_17','Blue');
INSERT INTO MatchTeam(MatchTeam_ID,Match_ID,Team_ID,side) VALUES ('MatchTeam_ID_356','Match_ID_106','Team_ID_13','Blue');
INSERT INTO MatchTeam(MatchTeam_ID,Match_ID,Team_ID,side) VALUES ('MatchTeam_ID_357','Match_ID_107','Team_ID_4','Blue');
INSERT INTO MatchTeam(MatchTeam_ID,Match_ID,Team_ID,side) VALUES ('MatchTeam_ID_358','Match_ID_108','Team_ID_35','Blue');
INSERT INTO MatchTeam(MatchTeam_ID,Match_ID,Team_ID,side) VALUES ('MatchTeam_ID_359','Match_ID_109','Team_ID_19','Blue');
INSERT INTO MatchTeam(MatchTeam_ID,Match_ID,Team_ID,side) VALUES ('MatchTeam_ID_360','Match_ID_110','Team_ID_23','Blue');
INSERT INTO MatchTeam(MatchTeam_ID,Match_ID,Team_ID,side) VALUES ('MatchTeam_ID_361','Match_ID_111','Team_ID_10','Blue');
INSERT INTO MatchTeam(MatchTeam_ID,Match_ID,Team_ID,side) VALUES ('MatchTeam_ID_362','Match_ID_112','Team_ID_34','Blue');
INSERT INTO MatchTeam(MatchTeam_ID,Match_ID,Team_ID,side) VALUES ('MatchTeam_ID_363','Match_ID_113','Team_ID_23','Blue');
INSERT INTO MatchTeam(MatchTeam_ID,Match_ID,Team_ID,side) VALUES ('MatchTeam_ID_364','Match_ID_114','Team_ID_40','Blue');
INSERT INTO MatchTeam(MatchTeam_ID,Match_ID,Team_ID,side) VALUES ('MatchTeam_ID_365','Match_ID_115','Team_ID_22','Blue');
INSERT INTO MatchTeam(MatchTeam_ID,Match_ID,Team_ID,side) VALUES ('MatchTeam_ID_366','Match_ID_116','Team_ID_9','Blue');
INSERT INTO MatchTeam(MatchTeam_ID,Match_ID,Team_ID,side) VALUES ('MatchTeam_ID_367','Match_ID_117','Team_ID_20','Blue');
INSERT INTO MatchTeam(MatchTeam_ID,Match_ID,Team_ID,side) VALUES ('MatchTeam_ID_368','Match_ID_118','Team_ID_40','Blue');
INSERT INTO MatchTeam(MatchTeam_ID,Match_ID,Team_ID,side) VALUES ('MatchTeam_ID_369','Match_ID_119','Team_ID_15','Blue');
INSERT INTO MatchTeam(MatchTeam_ID,Match_ID,Team_ID,side) VALUES ('MatchTeam_ID_370','Match_ID_120','Team_ID_20','Blue');
INSERT INTO MatchTeam(MatchTeam_ID,Match_ID,Team_ID,side) VALUES ('MatchTeam_ID_371','Match_ID_121','Team_ID_36','Blue');
INSERT INTO MatchTeam(MatchTeam_ID,Match_ID,Team_ID,side) VALUES ('MatchTeam_ID_372','Match_ID_122','Team_ID_12','Blue');
INSERT INTO MatchTeam(MatchTeam_ID,Match_ID,Team_ID,side) VALUES ('MatchTeam_ID_373','Match_ID_123','Team_ID_44','Blue');
INSERT INTO MatchTeam(MatchTeam_ID,Match_ID,Team_ID,side) VALUES ('MatchTeam_ID_374','Match_ID_124','Team_ID_3','Blue');
INSERT INTO MatchTeam(MatchTeam_ID,Match_ID,Team_ID,side) VALUES ('MatchTeam_ID_375','Match_ID_125','Team_ID_4','Blue');
INSERT INTO MatchTeam(MatchTeam_ID,Match_ID,Team_ID,side) VALUES ('MatchTeam_ID_376','Match_ID_126','Team_ID_30','Blue');
INSERT INTO MatchTeam(MatchTeam_ID,Match_ID,Team_ID,side) VALUES ('MatchTeam_ID_377','Match_ID_127','Team_ID_6','Blue');
INSERT INTO MatchTeam(MatchTeam_ID,Match_ID,Team_ID,side) VALUES ('MatchTeam_ID_378','Match_ID_128','Team_ID_19','Blue');
INSERT INTO MatchTeam(MatchTeam_ID,Match_ID,Team_ID,side) VALUES ('MatchTeam_ID_379','Match_ID_129','Team_ID_20','Blue');
INSERT INTO MatchTeam(MatchTeam_ID,Match_ID,Team_ID,side) VALUES ('MatchTeam_ID_380','Match_ID_130','Team_ID_28','Blue');
INSERT INTO MatchTeam(MatchTeam_ID,Match_ID,Team_ID,side) VALUES ('MatchTeam_ID_381','Match_ID_131','Team_ID_15','Blue');
INSERT INTO MatchTeam(MatchTeam_ID,Match_ID,Team_ID,side) VALUES ('MatchTeam_ID_382','Match_ID_132','Team_ID_39','Blue');
INSERT INTO MatchTeam(MatchTeam_ID,Match_ID,Team_ID,side) VALUES ('MatchTeam_ID_383','Match_ID_133','Team_ID_1','Blue');
INSERT INTO MatchTeam(MatchTeam_ID,Match_ID,Team_ID,side) VALUES ('MatchTeam_ID_384','Match_ID_134','Team_ID_12','Blue');
INSERT INTO MatchTeam(MatchTeam_ID,Match_ID,Team_ID,side) VALUES ('MatchTeam_ID_385','Match_ID_135','Team_ID_25','Blue');
INSERT INTO MatchTeam(MatchTeam_ID,Match_ID,Team_ID,side) VALUES ('MatchTeam_ID_386','Match_ID_136','Team_ID_33','Blue');
INSERT INTO MatchTeam(MatchTeam_ID,Match_ID,Team_ID,side) VALUES ('MatchTeam_ID_387','Match_ID_137','Team_ID_13','Blue');
INSERT INTO MatchTeam(MatchTeam_ID,Match_ID,Team_ID,side) VALUES ('MatchTeam_ID_388','Match_ID_138','Team_ID_20','Blue');
INSERT INTO MatchTeam(MatchTeam_ID,Match_ID,Team_ID,side) VALUES ('MatchTeam_ID_389','Match_ID_139','Team_ID_26','Blue');
INSERT INTO MatchTeam(MatchTeam_ID,Match_ID,Team_ID,side) VALUES ('MatchTeam_ID_390','Match_ID_140','Team_ID_17','Blue');
INSERT INTO MatchTeam(MatchTeam_ID,Match_ID,Team_ID,side) VALUES ('MatchTeam_ID_391','Match_ID_141','Team_ID_39','Blue');
INSERT INTO MatchTeam(MatchTeam_ID,Match_ID,Team_ID,side) VALUES ('MatchTeam_ID_392','Match_ID_142','Team_ID_27','Blue');
INSERT INTO MatchTeam(MatchTeam_ID,Match_ID,Team_ID,side) VALUES ('MatchTeam_ID_393','Match_ID_143','Team_ID_24','Blue');
INSERT INTO MatchTeam(MatchTeam_ID,Match_ID,Team_ID,side) VALUES ('MatchTeam_ID_394','Match_ID_144','Team_ID_29','Blue');
INSERT INTO MatchTeam(MatchTeam_ID,Match_ID,Team_ID,side) VALUES ('MatchTeam_ID_395','Match_ID_145','Team_ID_18','Blue');
INSERT INTO MatchTeam(MatchTeam_ID,Match_ID,Team_ID,side) VALUES ('MatchTeam_ID_396','Match_ID_146','Team_ID_39','Blue');
INSERT INTO MatchTeam(MatchTeam_ID,Match_ID,Team_ID,side) VALUES ('MatchTeam_ID_397','Match_ID_147','Team_ID_17','Blue');
INSERT INTO MatchTeam(MatchTeam_ID,Match_ID,Team_ID,side) VALUES ('MatchTeam_ID_398','Match_ID_148','Team_ID_32','Blue');
INSERT INTO MatchTeam(MatchTeam_ID,Match_ID,Team_ID,side) VALUES ('MatchTeam_ID_399','Match_ID_149','Team_ID_40','Blue');
INSERT INTO MatchTeam(MatchTeam_ID,Match_ID,Team_ID,side) VALUES ('MatchTeam_ID_400','Match_ID_150','Team_ID_42','Blue');
INSERT INTO MatchTeam(MatchTeam_ID,Match_ID,Team_ID,side) VALUES ('MatchTeam_ID_401','Match_ID_151','Team_ID_43','Blue');
INSERT INTO MatchTeam(MatchTeam_ID,Match_ID,Team_ID,side) VALUES ('MatchTeam_ID_402','Match_ID_152','Team_ID_3','Blue');
INSERT INTO MatchTeam(MatchTeam_ID,Match_ID,Team_ID,side) VALUES ('MatchTeam_ID_403','Match_ID_153','Team_ID_22','Blue');
INSERT INTO MatchTeam(MatchTeam_ID,Match_ID,Team_ID,side) VALUES ('MatchTeam_ID_404','Match_ID_154','Team_ID_23','Blue');
INSERT INTO MatchTeam(MatchTeam_ID,Match_ID,Team_ID,side) VALUES ('MatchTeam_ID_405','Match_ID_155','Team_ID_15','Blue');
INSERT INTO MatchTeam(MatchTeam_ID,Match_ID,Team_ID,side) VALUES ('MatchTeam_ID_406','Match_ID_156','Team_ID_1','Blue');
INSERT INTO MatchTeam(MatchTeam_ID,Match_ID,Team_ID,side) VALUES ('MatchTeam_ID_407','Match_ID_157','Team_ID_36','Blue');
INSERT INTO MatchTeam(MatchTeam_ID,Match_ID,Team_ID,side) VALUES ('MatchTeam_ID_408','Match_ID_158','Team_ID_13','Blue');
INSERT INTO MatchTeam(MatchTeam_ID,Match_ID,Team_ID,side) VALUES ('MatchTeam_ID_409','Match_ID_159','Team_ID_17','Blue');
INSERT INTO MatchTeam(MatchTeam_ID,Match_ID,Team_ID,side) VALUES ('MatchTeam_ID_410','Match_ID_160','Team_ID_22','Blue');
INSERT INTO MatchTeam(MatchTeam_ID,Match_ID,Team_ID,side) VALUES ('MatchTeam_ID_411','Match_ID_161','Team_ID_16','Blue');
INSERT INTO MatchTeam(MatchTeam_ID,Match_ID,Team_ID,side) VALUES ('MatchTeam_ID_412','Match_ID_162','Team_ID_38','Blue');
INSERT INTO MatchTeam(MatchTeam_ID,Match_ID,Team_ID,side) VALUES ('MatchTeam_ID_413','Match_ID_163','Team_ID_33','Blue');
INSERT INTO MatchTeam(MatchTeam_ID,Match_ID,Team_ID,side) VALUES ('MatchTeam_ID_414','Match_ID_164','Team_ID_41','Blue');
INSERT INTO MatchTeam(MatchTeam_ID,Match_ID,Team_ID,side) VALUES ('MatchTeam_ID_415','Match_ID_165','Team_ID_14','Blue');
INSERT INTO MatchTeam(MatchTeam_ID,Match_ID,Team_ID,side) VALUES ('MatchTeam_ID_416','Match_ID_166','Team_ID_4','Blue');
INSERT INTO MatchTeam(MatchTeam_ID,Match_ID,Team_ID,side) VALUES ('MatchTeam_ID_417','Match_ID_167','Team_ID_40','Blue');
INSERT INTO MatchTeam(MatchTeam_ID,Match_ID,Team_ID,side) VALUES ('MatchTeam_ID_418','Match_ID_168','Team_ID_22','Blue');
INSERT INTO MatchTeam(MatchTeam_ID,Match_ID,Team_ID,side) VALUES ('MatchTeam_ID_419','Match_ID_169','Team_ID_25','Blue');
INSERT INTO MatchTeam(MatchTeam_ID,Match_ID,Team_ID,side) VALUES ('MatchTeam_ID_420','Match_ID_170','Team_ID_7','Blue');
INSERT INTO MatchTeam(MatchTeam_ID,Match_ID,Team_ID,side) VALUES ('MatchTeam_ID_421','Match_ID_171','Team_ID_19','Blue');
INSERT INTO MatchTeam(MatchTeam_ID,Match_ID,Team_ID,side) VALUES ('MatchTeam_ID_422','Match_ID_172','Team_ID_38','Blue');
INSERT INTO MatchTeam(MatchTeam_ID,Match_ID,Team_ID,side) VALUES ('MatchTeam_ID_423','Match_ID_173','Team_ID_11','Blue');
INSERT INTO MatchTeam(MatchTeam_ID,Match_ID,Team_ID,side) VALUES ('MatchTeam_ID_424','Match_ID_174','Team_ID_6','Blue');
INSERT INTO MatchTeam(MatchTeam_ID,Match_ID,Team_ID,side) VALUES ('MatchTeam_ID_425','Match_ID_175','Team_ID_13','Blue');
INSERT INTO MatchTeam(MatchTeam_ID,Match_ID,Team_ID,side) VALUES ('MatchTeam_ID_426','Match_ID_176','Team_ID_29','Blue');
INSERT INTO MatchTeam(MatchTeam_ID,Match_ID,Team_ID,side) VALUES ('MatchTeam_ID_427','Match_ID_177','Team_ID_28','Blue');
INSERT INTO MatchTeam(MatchTeam_ID,Match_ID,Team_ID,side) VALUES ('MatchTeam_ID_428','Match_ID_178','Team_ID_28','Blue');
INSERT INTO MatchTeam(MatchTeam_ID,Match_ID,Team_ID,side) VALUES ('MatchTeam_ID_429','Match_ID_179','Team_ID_10','Blue');
INSERT INTO MatchTeam(MatchTeam_ID,Match_ID,Team_ID,side) VALUES ('MatchTeam_ID_430','Match_ID_180','Team_ID_12','Blue');
INSERT INTO MatchTeam(MatchTeam_ID,Match_ID,Team_ID,side) VALUES ('MatchTeam_ID_431','Match_ID_181','Team_ID_5','Blue');
INSERT INTO MatchTeam(MatchTeam_ID,Match_ID,Team_ID,side) VALUES ('MatchTeam_ID_432','Match_ID_182','Team_ID_44','Blue');
INSERT INTO MatchTeam(MatchTeam_ID,Match_ID,Team_ID,side) VALUES ('MatchTeam_ID_433','Match_ID_183','Team_ID_35','Blue');
INSERT INTO MatchTeam(MatchTeam_ID,Match_ID,Team_ID,side) VALUES ('MatchTeam_ID_434','Match_ID_184','Team_ID_12','Blue');
INSERT INTO MatchTeam(MatchTeam_ID,Match_ID,Team_ID,side) VALUES ('MatchTeam_ID_435','Match_ID_185','Team_ID_42','Blue');
INSERT INTO MatchTeam(MatchTeam_ID,Match_ID,Team_ID,side) VALUES ('MatchTeam_ID_436','Match_ID_186','Team_ID_5','Blue');
INSERT INTO MatchTeam(MatchTeam_ID,Match_ID,Team_ID,side) VALUES ('MatchTeam_ID_437','Match_ID_187','Team_ID_5','Blue');
INSERT INTO MatchTeam(MatchTeam_ID,Match_ID,Team_ID,side) VALUES ('MatchTeam_ID_438','Match_ID_188','Team_ID_43','Blue');
INSERT INTO MatchTeam(MatchTeam_ID,Match_ID,Team_ID,side) VALUES ('MatchTeam_ID_439','Match_ID_189','Team_ID_13','Blue');
INSERT INTO MatchTeam(MatchTeam_ID,Match_ID,Team_ID,side) VALUES ('MatchTeam_ID_440','Match_ID_190','Team_ID_30','Blue');
INSERT INTO MatchTeam(MatchTeam_ID,Match_ID,Team_ID,side) VALUES ('MatchTeam_ID_441','Match_ID_191','Team_ID_7','Blue');
INSERT INTO MatchTeam(MatchTeam_ID,Match_ID,Team_ID,side) VALUES ('MatchTeam_ID_442','Match_ID_192','Team_ID_6','Blue');
INSERT INTO MatchTeam(MatchTeam_ID,Match_ID,Team_ID,side) VALUES ('MatchTeam_ID_443','Match_ID_193','Team_ID_16','Blue');
INSERT INTO MatchTeam(MatchTeam_ID,Match_ID,Team_ID,side) VALUES ('MatchTeam_ID_444','Match_ID_194','Team_ID_36','Blue');
INSERT INTO MatchTeam(MatchTeam_ID,Match_ID,Team_ID,side) VALUES ('MatchTeam_ID_445','Match_ID_195','Team_ID_35','Blue');
INSERT INTO MatchTeam(MatchTeam_ID,Match_ID,Team_ID,side) VALUES ('MatchTeam_ID_446','Match_ID_196','Team_ID_17','Blue');
INSERT INTO MatchTeam(MatchTeam_ID,Match_ID,Team_ID,side) VALUES ('MatchTeam_ID_447','Match_ID_197','Team_ID_21','Blue');
INSERT INTO MatchTeam(MatchTeam_ID,Match_ID,Team_ID,side) VALUES ('MatchTeam_ID_448','Match_ID_198','Team_ID_36','Blue');
INSERT INTO MatchTeam(MatchTeam_ID,Match_ID,Team_ID,side) VALUES ('MatchTeam_ID_449','Match_ID_199','Team_ID_41','Blue');
INSERT INTO MatchTeam(MatchTeam_ID,Match_ID,Team_ID,side) VALUES ('MatchTeam_ID_450','Match_ID_200','Team_ID_3','Blue');
INSERT INTO MatchTeam(MatchTeam_ID,Match_ID,Team_ID,side) VALUES ('MatchTeam_ID_451','Match_ID_201','Team_ID_45','Blue');
INSERT INTO MatchTeam(MatchTeam_ID,Match_ID,Team_ID,side) VALUES ('MatchTeam_ID_452','Match_ID_202','Team_ID_41','Blue');
INSERT INTO MatchTeam(MatchTeam_ID,Match_ID,Team_ID,side) VALUES ('MatchTeam_ID_453','Match_ID_203','Team_ID_20','Blue');
INSERT INTO MatchTeam(MatchTeam_ID,Match_ID,Team_ID,side) VALUES ('MatchTeam_ID_454','Match_ID_204','Team_ID_45','Blue');
INSERT INTO MatchTeam(MatchTeam_ID,Match_ID,Team_ID,side) VALUES ('MatchTeam_ID_455','Match_ID_205','Team_ID_2','Blue');
INSERT INTO MatchTeam(MatchTeam_ID,Match_ID,Team_ID,side) VALUES ('MatchTeam_ID_456','Match_ID_206','Team_ID_23','Blue');
INSERT INTO MatchTeam(MatchTeam_ID,Match_ID,Team_ID,side) VALUES ('MatchTeam_ID_457','Match_ID_207','Team_ID_8','Blue');
INSERT INTO MatchTeam(MatchTeam_ID,Match_ID,Team_ID,side) VALUES ('MatchTeam_ID_458','Match_ID_208','Team_ID_42','Blue');
INSERT INTO MatchTeam(MatchTeam_ID,Match_ID,Team_ID,side) VALUES ('MatchTeam_ID_459','Match_ID_209','Team_ID_27','Blue');
INSERT INTO MatchTeam(MatchTeam_ID,Match_ID,Team_ID,side) VALUES ('MatchTeam_ID_460','Match_ID_210','Team_ID_9','Blue');
INSERT INTO MatchTeam(MatchTeam_ID,Match_ID,Team_ID,side) VALUES ('MatchTeam_ID_461','Match_ID_211','Team_ID_25','Blue');
INSERT INTO MatchTeam(MatchTeam_ID,Match_ID,Team_ID,side) VALUES ('MatchTeam_ID_462','Match_ID_212','Team_ID_14','Blue');
INSERT INTO MatchTeam(MatchTeam_ID,Match_ID,Team_ID,side) VALUES ('MatchTeam_ID_463','Match_ID_213','Team_ID_42','Blue');
INSERT INTO MatchTeam(MatchTeam_ID,Match_ID,Team_ID,side) VALUES ('MatchTeam_ID_464','Match_ID_214','Team_ID_15','Blue');
INSERT INTO MatchTeam(MatchTeam_ID,Match_ID,Team_ID,side) VALUES ('MatchTeam_ID_465','Match_ID_215','Team_ID_1','Blue');
INSERT INTO MatchTeam(MatchTeam_ID,Match_ID,Team_ID,side) VALUES ('MatchTeam_ID_466','Match_ID_216','Team_ID_21','Blue');
INSERT INTO MatchTeam(MatchTeam_ID,Match_ID,Team_ID,side) VALUES ('MatchTeam_ID_467','Match_ID_217','Team_ID_23','Blue');
INSERT INTO MatchTeam(MatchTeam_ID,Match_ID,Team_ID,side) VALUES ('MatchTeam_ID_468','Match_ID_218','Team_ID_37','Blue');
INSERT INTO MatchTeam(MatchTeam_ID,Match_ID,Team_ID,side) VALUES ('MatchTeam_ID_469','Match_ID_219','Team_ID_40','Blue');
INSERT INTO MatchTeam(MatchTeam_ID,Match_ID,Team_ID,side) VALUES ('MatchTeam_ID_470','Match_ID_220','Team_ID_35','Blue');
INSERT INTO MatchTeam(MatchTeam_ID,Match_ID,Team_ID,side) VALUES ('MatchTeam_ID_471','Match_ID_221','Team_ID_13','Blue');
INSERT INTO MatchTeam(MatchTeam_ID,Match_ID,Team_ID,side) VALUES ('MatchTeam_ID_472','Match_ID_222','Team_ID_8','Blue');
INSERT INTO MatchTeam(MatchTeam_ID,Match_ID,Team_ID,side) VALUES ('MatchTeam_ID_473','Match_ID_223','Team_ID_31','Blue');
INSERT INTO MatchTeam(MatchTeam_ID,Match_ID,Team_ID,side) VALUES ('MatchTeam_ID_474','Match_ID_224','Team_ID_44','Blue');
INSERT INTO MatchTeam(MatchTeam_ID,Match_ID,Team_ID,side) VALUES ('MatchTeam_ID_475','Match_ID_225','Team_ID_24','Blue');
INSERT INTO MatchTeam(MatchTeam_ID,Match_ID,Team_ID,side) VALUES ('MatchTeam_ID_476','Match_ID_226','Team_ID_2','Blue');
INSERT INTO MatchTeam(MatchTeam_ID,Match_ID,Team_ID,side) VALUES ('MatchTeam_ID_477','Match_ID_227','Team_ID_11','Blue');
INSERT INTO MatchTeam(MatchTeam_ID,Match_ID,Team_ID,side) VALUES ('MatchTeam_ID_478','Match_ID_228','Team_ID_38','Blue');
INSERT INTO MatchTeam(MatchTeam_ID,Match_ID,Team_ID,side) VALUES ('MatchTeam_ID_479','Match_ID_229','Team_ID_40','Blue');
INSERT INTO MatchTeam(MatchTeam_ID,Match_ID,Team_ID,side) VALUES ('MatchTeam_ID_480','Match_ID_230','Team_ID_35','Blue');
INSERT INTO MatchTeam(MatchTeam_ID,Match_ID,Team_ID,side) VALUES ('MatchTeam_ID_481','Match_ID_231','Team_ID_5','Blue');
INSERT INTO MatchTeam(MatchTeam_ID,Match_ID,Team_ID,side) VALUES ('MatchTeam_ID_482','Match_ID_232','Team_ID_24','Blue');
INSERT INTO MatchTeam(MatchTeam_ID,Match_ID,Team_ID,side) VALUES ('MatchTeam_ID_483','Match_ID_233','Team_ID_24','Blue');
INSERT INTO MatchTeam(MatchTeam_ID,Match_ID,Team_ID,side) VALUES ('MatchTeam_ID_484','Match_ID_234','Team_ID_11','Blue');
INSERT INTO MatchTeam(MatchTeam_ID,Match_ID,Team_ID,side) VALUES ('MatchTeam_ID_485','Match_ID_235','Team_ID_17','Blue');
INSERT INTO MatchTeam(MatchTeam_ID,Match_ID,Team_ID,side) VALUES ('MatchTeam_ID_486','Match_ID_236','Team_ID_19','Blue');
INSERT INTO MatchTeam(MatchTeam_ID,Match_ID,Team_ID,side) VALUES ('MatchTeam_ID_487','Match_ID_237','Team_ID_39','Blue');
INSERT INTO MatchTeam(MatchTeam_ID,Match_ID,Team_ID,side) VALUES ('MatchTeam_ID_488','Match_ID_238','Team_ID_27','Blue');
INSERT INTO MatchTeam(MatchTeam_ID,Match_ID,Team_ID,side) VALUES ('MatchTeam_ID_489','Match_ID_239','Team_ID_38','Blue');
INSERT INTO MatchTeam(MatchTeam_ID,Match_ID,Team_ID,side) VALUES ('MatchTeam_ID_490','Match_ID_240','Team_ID_34','Blue');
INSERT INTO MatchTeam(MatchTeam_ID,Match_ID,Team_ID,side) VALUES ('MatchTeam_ID_491','Match_ID_241','Team_ID_26','Blue');
INSERT INTO MatchTeam(MatchTeam_ID,Match_ID,Team_ID,side) VALUES ('MatchTeam_ID_492','Match_ID_242','Team_ID_42','Blue');
INSERT INTO MatchTeam(MatchTeam_ID,Match_ID,Team_ID,side) VALUES ('MatchTeam_ID_493','Match_ID_243','Team_ID_19','Blue');
INSERT INTO MatchTeam(MatchTeam_ID,Match_ID,Team_ID,side) VALUES ('MatchTeam_ID_494','Match_ID_244','Team_ID_8','Blue');
INSERT INTO MatchTeam(MatchTeam_ID,Match_ID,Team_ID,side) VALUES ('MatchTeam_ID_495','Match_ID_245','Team_ID_27','Blue');
INSERT INTO MatchTeam(MatchTeam_ID,Match_ID,Team_ID,side) VALUES ('MatchTeam_ID_496','Match_ID_246','Team_ID_26','Blue');
INSERT INTO MatchTeam(MatchTeam_ID,Match_ID,Team_ID,side) VALUES ('MatchTeam_ID_497','Match_ID_247','Team_ID_38','Blue');
INSERT INTO MatchTeam(MatchTeam_ID,Match_ID,Team_ID,side) VALUES ('MatchTeam_ID_498','Match_ID_248','Team_ID_14','Blue');
INSERT INTO MatchTeam(MatchTeam_ID,Match_ID,Team_ID,side) VALUES ('MatchTeam_ID_499','Match_ID_249','Team_ID_45','Blue');
INSERT INTO MatchTeam(MatchTeam_ID,Match_ID,Team_ID,side) VALUES ('MatchTeam_ID_500','Match_ID_250','Team_ID_22','Blue');

-- Adding Foreign Key Constraints

-- Player Table Constraint
ALTER TABLE player
ADD CONSTRAINT FK_Player_Team
FOREIGN KEY(Team_ID) REFERENCES Team(Team_ID);

-- Killer Table Constraint
/*ALTER TABLE Killer
ADD CONSTRAINT FK_Killer_Weapons
FOREIGN KEY (Weapon_ID) REFERENCES Weapons(Weapon_ID)
*/

ALTER TABLE Killer
ADD CONSTRAINT FK_Killer_Player
FOREIGN KEY (Killer_ID) REFERENCES Player(Player_ID)

ALTER TABLE Killer
ADD CONSTRAINT FK_Killer_Match
FOREIGN KEY (Match_ID) REFERENCES Matches(Match_ID)

-- MatchTeam Table Constraint
ALTER TABLE MatchTeam
ADD CONSTRAINT FK_MatchTeam_Matches
FOREIGN KEY (Match_ID) REFERENCES Matches(Match_ID)

ALTER TABLE MatchTeam
ADD CONSTRAINT FK_MatchTeam_Teams
FOREIGN KEY (Team_ID) REFERENCES Teams(Team_ID)
